NEVO-code,NEVO-naam,English food name,LANGUAL CODES,FoodEx2 code
1,Aardappelen rauw,Potatoes raw,A0706 A0829 B1218 C0240 E0150 F0003 G0003 H0003 J0001 K0003 M0001 N0001 P0024 R0355 Z0001,A00ZX#F28.A07HS
2,Aardappelen nieuwe rauw,Potatoes new raw,A0706 A0829 B1218 C0240 E0150 F0003 G0003 H0003 J0001 K0003 M0001 N0001 P0024 R0355 Z0001,A00ZV#F28.A07HS
3,Aardappelen oude rauw,Potatoes old raw,A0706 A0829 B1218 C0240 E0150 F0003 G0003 H0003 J0001 K0003 M0001 N0001 P0024 R0355 Z0001,A00ZX#F28.A07HS
4,Pasta witte rauw,Pasta white raw,A0694 A0815 B1312 C0208 E0140 F0003 G0003 H0138 J0116 K0003 M0001 N0001 P0024 R0001 Z0001,A007P#F28.A07HS
5,Rijst witte rauw,Rice white raw,A0696 A0814 B1322 C0134 E0150 F0003 G0003 H0138 J0116 K0003 M0001 N0001 P0024,A003D#F28.A07HS
7,Andijvie rauw,Endive raw,A0705 A0825 B1314 C0200 E0152 F0003 G0003 H0003 J0001 K0003 M0001 N0001 P0024 R0001 Z0001,A00LD#F26.A07XD$F28.A07GL
8,Andijvie gekookt,Endive boiled,A0705 A0825 B1314 C0200 E0152 F0014 G0015 H0001 J0001 K0003 M0001 N0001 P0024 P0078 R0001 Z0001,A00LD#F26.A07XD$F28.A07GL
9,Asperge witte rauw,Asparagus white raw,A0705 A0825 B1415 C0186 E0151 F0003 G0003 H0003 J0001 K0003 M0001 N0001 P0024 R0001 Z0001,A00RT
10,Aubergine rauw,Aubergine/eggplant raw,A0705 A0825 B1458 C0230 E0150 F0003 G0003 H0003 J0001 K0003 M0001 N0001 P0024 R0001 Z0001,A00JD
11,Aubergine gekookt,Aubergine/eggplant boiled,A0705 A0825 B1458 C0230 E0152 F0014 G0015 H0003 J0001 K0003 M0001 N0001 P0024 P0078 R0001 Z0001,A00JD#F28.A07GL
12,Biet rode rauw,Beetroot raw,A0705 A0825 B1309 C0240 E0150 F0003 G0003 H0003 J0001 K0003 M0001 N0001 P0024 R0001 Z0001,A00QG
13,Selderij bleek- gekookt,Celery boiled,A0705 A0825 B1282 C0101 E0152 F0014 G0015 H0001 J0001 K0003 M0001 N0001 P0024 P0078,A00RY#F28.A07GL
14,Kool bloem- rauw,Cauliflower raw,A0705 A0825 B1094 C0237 E0150 F0003 G0003 H0003 J0001 K0003 M0001 N0001 P0024,A00FR
15,Kool bloem- gekookt,Cauliflower boiled,A0705 A0825 B1094 C0237 E0152 F0014 G0015 H0001 J0001 K0003 M0001 N0001 P0024 P0078,A00FR#F28.A07GL
16,Kool boeren- gekookt,Kale curly boiled,A0705 A0825 B1281 C0200 E0151 F0014 G0015 H0001 J0001 K0003 M0001 N0001 P0024 P0078,A00GM#F28.A07GL
17,Cantharel rauw,Mushrooms chanterelle raw,A0705 A0825 B1569 C0296 E0150 F0003 G0003 H0003 J0001 K0003 M0001 N0001 P0024,A00TE
18,Cantharel gekookt,Mushrooms chanterelle boiled,A0705 A0825 B1569 C0296 E0151 F0014 G0015 H0001 J0001 K0003 M0001 N0001 P0024 P0078,A00TE#F28.A07GL
19,Champignon rauw,Mushroom raw,A0705 A0825 B1467 C0296 E0150 F0003 G0003 H0003 J0001 K0003 M0001 N0001 P0024,A00TQ
20,Champignon gekookt,Mushroom boiled,A0705 A0825 B1467 C0296 E0151 F0014 G0015 H0001 J0001 K0003 M0001 N0001 P0024 P0078,A00TQ#F28.A07GL
21,Kool Chinese rauw,Cabbage Chinese raw,A0705 A0825 B1051 C0151 E0150 F0003 G0003 H0003 J0001 K0003 M0001 N0001 P0024,A00GG
22,Kool Chinese gekookt,Cabbage Chinese boiled,A0705 A0825 B1051 C0151 E0152 F0014 G0015 H0001 J0001 K0003 M0001 N0001 P0024 P0078,A00GG#F28.A07GL
23,Doperwten rauw,Peas raw,A0705 A0825 B1338 C0133 E0150 F0003 G0003 H0003 J0003 K0003 M0003 N0001 P0024,A012J
24,Kool groene rauw,Cabbage green raw,A0705 A0825 B2071 C0151 E0150 F0003 G0003 H0003 J0001 K0003 M0001 N0001 P0024,A00GB
25,Kool groene gekookt,Cabbage green boiled,A0705 A0825 B2071 C0151 E0152 F0014 G0015 H0001 J0001 K0003 M0001 N0001 P0024 P0078,A00GB#F28.A07GL
26,Selderij knol- gekookt,Celeriac boiled,A0705 A0825 B1729 C0240 E0151 F0014 G0015 H0001 J0001 K0003 M0001 N0001 P0024 P0078,A00QJ#F28.A07GL
27,Komkommer z schil rauw,Cucumber wo skin raw,A0705 A0826 B1404 C0230 E0150 F0003 G0003 H0003 J0001 K0003 M0001 N0001 P0024,A00JM#F20.A07QF
28,Komkommer gekookt,Cucumber boiled,A0705 A0826 B1404 C0140 E0150 F0014 G0015 H0003 J0003 K0003 M0001 N0001 P0024 P0078,A00JM#F28.A07GL
29,Koolraap gekookt,Swede boiled,A0705 A0825 B1369 C0101 E0152 F0014 G0015 H0001 J0001 K0003 M0001 N0001 P0024 P0078,A00RD#F28.A07GL
30,Koolrabi gekookt,Kohlrabi boiled,A0705 A0825 B1369 C0101 E0152 F0014 G0015 H0001 J0001 K0003 M0001 N0001 P0024 P0078,A00GV#F28.A07GL
31,Paprika groene rauw,Sweet pepper green raw,A0705 A0825 B2629 C0139 E0150 F0003 G0003 H0003 J0001 K0003 M0001 N0001 P0024,A00JA
32,Paprika groene gekookt,Sweet pepper green boiled,A0705 A0825 B2629 C0139 E0151 F0014 G0015 H0003 J0001 K0003 M0001 N0001 P0024 Z0051,A00JA#F28.A07GL
33,Rozijnen gedroogd,Raisins dried,A0707 A0834 B1329 C0137 E0150 F0003 G0003 H0138 J0141 K0003 M0001 N0001 P0024,A01ME
35,Peultjes rauw,Mange-tout raw,A0705 A0825 B1371 C0262 E0150 F0003 G0003 H0003 J0001 K0003 M0001 N0001 P0024,A00QA
36,Postelein gekookt,Purslane boiled,A0705 A0825 B1642 C0144 E0150 F0014 G0015 H0003 J0001 K0003 M0001 N0001 P0024 P0078,A00MP#F28.A07GL
37,Prei gekookt,Leek boiled,A0705 A0825 B1308 C0148 E0151 F0014 G0015 H0001 J0001 K0003 M0001 N0001 P0024 P0078,A00SB#F28.A07GL
38,Raapstelen rauw,Turnip tops raw,A0705 A0825 B1238 C0200 E0150 F0003 G0003 H0003 J0001 K0003 M0001 N0001 P0024,A00LY
39,Raapstelen gekookt,Turnip tops boiled,A0705 A0825 B1238 C0200 E0151 F0014 G0015 H0003 J0001 K0003 M0001 N0001 P0024 P0078,A00LY#F28.A07GL
40,Rabarber rauw,Rhubarb raw,A0707 A0834 B1364 C0101 E0150 F0003 G0003 H0003 J0001 K0003 M0001 N0001 P0024,A00SD
41,Kool rode rauw,Cabbage red raw,A0705 A0825 B2072 C0151 E0150 F0003 G0003 H0003 J0001 K0003 M0001 N0001 P0024,A00GA
42,Kool rode gekookt,Cabbage red boiled,A0705 A0825 B2072 C0151 E0152 F0014 G0015 H0001 J0001 K0003 M0001 N0001 P0024 P0078,A00GA#F28.A07GL
45,Schorseneren rauw,Salsify raw,A0705 A0825 B1551 C0240 E0150 F0003 G0003 H0003 J0001 K0003 M0001 N0001 P0024,A00RC
46,Sla krop- rauw,Lettuce butterhead raw,A0705 A0825 B2084 C0151 E0150 F0003 G0003 H0003 J0001 K0003 M0001 N0001 P0024,A00KY
47,Sla krop- gekookt,Lettuce butterhead boiled,A0705 A0825 B2084 C0151 E0150 F0014 G0015 H0003 J0001 K0003 M0001 N0001 P0024 P0078,A00KY#F28.A07GL
48,Snijbiet gekookt,Swiss chard leaf boiled,A0705 A0825 B1175 C0200 E0151 F0014 G0015 H0001 J0001 K0003 M0001 N0001 P0024 P0078,A0DJR#F28.A07GL
49,Bonen snij- rauw,Beans runner raw,A0705 A0825 B2009 C0262 E0150 F0003 G0003 H0003 J0001 K0003 M0001 N0001 P0024 R0001 Z0280,A00PD
50,Bonen sperzie- rauw,Beans French raw,A0705 A0825 B1371 C0262 E0150 F0003 G0003 H0003 J0001 K0003 M0001 N0001 P0024 R0001 Z0280,A00PG
51,Spinazie rauw,Spinach raw,A0705 A0825 B1420 C0200 E0150 F0003 G0003 H0001 J0001 K0003 M0001 N0001 P0024,A00MJ
52,Spinazie gekookt,Spinach boiled,A0705 A0825 B1420 C0200 E0151 F0014 G0015 H0001 J0001 K0003 M0001 N0001 P0024,A00MJ#F28.A07GL
53,Kool spits- rauw,Cabbage oxheart raw,A0705 A0825 B1406 C0151 E0150 F0003 G0003 H0003 J0001 K0003 M0001 N0001 P0024,A00FZ
54,Kool spits- gekookt,Cabbage oxheart boiled,A0705 A0825 B1406 C0151 E0152 F0014 G0015 H0003 J0001 K0003 M0001 N0001 P0024 P0078,A00FZ#F28.A07GL
55,Spruitjes gekookt,Brussel sprouts boiled,A0705 A0825 B1611 C0151 E0150 F0014 G0015 H0001 J0001 K0003 M0001 N0001 P0024,A00FV#F28.A07GL
57,Mais suiker- gekookt,Sweetcorn boiled,A0705 A0825 B1380 C0133 E0150 F0014 G0015 H0001 J0001 K0003 M0001 N0001 P0024,A00KP#F28.A07GL
58,Tauge rauw,Bean sprouts raw,A0705 A0825 B1395 C0183 E0150 F0003 G0003 H0003 J0001 K0003 M0001 N0001 P0024,A00SR
59,Tauge gekookt,Bean sprouts boiled,A0705 A0825 B1395 C0183 E0150 F0014 G0015 H0001 J0001 K0003 M0001 N0001 P0024 P0078,A00SR#F28.A07GL
60,Tomaat gewoon rauw,Tomatoes classic round raw,A0705 A0825 B1276 C0140 E0150 F0003 G0003 H0003 J0001 K0003 M0001 N0001 P0024,A00HR
61,Tomaat gewoon gekookt,Tomatoes classic round boiled,A0705 A0825 B1276 C0139 E0150 F0014 G0014 H0001 J0001 K0003 M0001 N0001 P0024 P0078,A00HR#F28.A07GL
62,Bonen tuin- rauw,Beans broad raw,A0705 A0825 B1367 C0133 E0150 F0003 G0003 H0003 J0001 K0003 M0001 N0001 P0024 R0001 Z0001,A012A
63,Ui rauw,Onions raw,A0705 A0825 B1300 C0240 E0150 F0003 G0003 H0003 J0001 K0003 M0001 N0001 P0024,A00HC
64,Ui gekookt,Onions boiled,A0705 A0825 B1300 C0240 E0151 F0014 G0015 H0001 J0001 K0003 M0001 N0001 P0024 P0078,A00HC#F28.A07GL
65,Sla veld- rauw,Lettuce lambs raw,A0705 A0825 B1754 C0200 E0150 F0003 G0003 H0003 J0001 K0003 M0001 N0001 P0024,A00KT
67,Witlof rauw,Chicory raw,A0705 A0825 B1552 C0200 E0150 F0003 G0003 H0003 J0001 K0003 M0001 N0001 P0024,A00NE
68,Witlof gekookt,Chicory boiled,A0705 A0825 B1552 C0200 E0150 F0014 G0015 H0001 J0001 K0003 M0001 N0001 P0024 P0078,A00NE#F28.A07GL
69,Kool witte rauw,Cabbage white raw,A0705 A0825 B1406 C0151 E0150 F0003 G0003 H0003 J0001 K0003 M0001 N0001 P0024,A00GC
70,Kool witte gekookt,Cabbage white cooked,A0705 A0825 B1406 C0151 E0152 F0014 G0015 H0001 J0001 K0003 M0001 N0001 P0024 P0078,A00GC#F28.A07GL
71,Wortel rauw gem,Carrot raw av,A0705 A0825 B1227 C0240 E0150 F0003 G0003 H0003 J0001 K0003 M0001 N0001 P0024 R0001 Z0001,A00QH#F04.A00QH$F04.A0DNZ
72,Wortel gekookt gem,Carrot boiled av,A0705 A0825 B1227 C0240 E0151 F0014 G0015 H0001 J0001 K0003 M0001 N0001 P0024 P0078 R0001 Z0001 Z0109,A00QH#F04.A00QH$F04.A0DNZ$F28.A07GL
73,Kool zuur- rauw,Cabbage sauerkraut raw,A0705 A0827 B1406 C0151 E0100 F0003 G0003 H0230 H0367 J0001 K0001 M0001 N0001 P0024,A00ZK
74,Kool zuur- gekookt,Cabbage sauerkraut cooked,A0705 A0827 B1406 C0151 E0100 F0014 G0015 H0230 H0367 J0104 K0001 M0001 N0001 P0024,A00ZK#F28.A07GL
75,Groente soep- rauw,Vegetable mix for soup raw,A0705 A0825 B1057 C0150 E0152 F0003 G0003 H0001 J0001 K0003 M0001 N0001 P0024 R0315,A16GB#F04.A00HC$F04.A00QH$F04.A00QJ$F04.A00SB$F04. A00XA$F04.A00YE
80,Bloem rijste-,Flour rice,A0693 A0813 B1322 C0208 E0106 F0001 G0003 H0138 J0116 K0003 M0001 N0001 P0024 R0001 Z0001,A003F
83,Ei kippen- rauw gem,Egg whole chicken av raw,A0718 A0790 B1713 C0225 E0139 F0003 G0003 H0003 J0001 K0003 M0001 N0001 P0024,A031G#F04.A031G$F28.A07HS
84,Ei kippen- gekookt gem,Egg whole chicken av boiled,A0718 A0790 B1713 C0225 E0150 F0014 G0016 H0003 J0001 K0003 M0001 N0001 P0024,A032B#F04.A032B
85,Eidooier kippen- rauw,Egg yolk chicken raw,A0718 A0790 B1713 C0215 E0139 F0003 G0003 H0003 J0001 K0003 M0001 N0001 P0024,A031S#F28.A07HS
86,Eidooier kippen- gekookt,Egg yolk chicken boiled,A0718 A0790 B1713 C0215 E0139 F0014 G0016 H0003 J0001 K0003 M0001 N0001 P0024,A032B
87,Eipoeder kippen-,Egg powder chicken,A0718 A0790 B1713 C0225 E0139 F0003 G0003 H0138 J0001 K0003 M0001 N0001 P0024,A031X
95,Paardenvlees rauw,Horse meat raw,A0714 A0794 B1229 C0268 E0150 F0003 G0003 H0003 J0001 K0003 M0001 N0001 P0024,A01RN
99,Schapenvlees >10 g vet rauw gem,Mutton >10g fat raw av,A0714 A0793 B1183 C0268 E0150 F0003 G0003 H0003 J0001 K0003 M0001 N0001 P0024,A01RJ
105,Kalfshersenen rauw,Brains calf's raw,A0716 A0796 B1349 C0199 E0151 F0003 G0003 H0003 J0001 K0003 M0001 N0001 P0024,A01ZM#F26.A07XE
106,Eend m vel rauw,Duck w skin raw,A0715 A0795 B1316 C0175 E0131 F0003 G0003 H0003 J0001 K0003 M0001 N0001 P0024 Z0003,A01SR#F20.A07QQ
107,Haas rauw,Hare whole raw,A0714 A0793 B2695 C0120 E0150 F0003 G0003 H0003 J0003 K0003 M0003 N0003 P0024,A01SJ
108,Kip m vel rauw,Chicken w skin raw,A0715 A0795 B1457 C0267 E0150 F0003 G0003 H0003 J0001 K0003 M0001 N0001 P0024 Z0003,A01SP#F20.A07QQ
109,Konijn tam rauw,Rabbit domesticated raw,A0714 A0794 B1323 C0268 E0150 F0003 G0003 H0003 J0001 K0003 M0001 N0001 P0024,A01RQ
110,Konijn wild rauw,Rabbit wild raw,A0714 A0794 B1323 C0268 E0150 F0003 G0003 H0003 J0001 K0003 M0001 N0001 P0024,A01RQ
111,Mosselen gekookt,Mussels boiled,A0717 A0802 B1223 C0173 E0150 F0014 G0014 H0003 J0001 K0003 M0001 N0001 P0024,A0FCY#F28.A07GL
112,Paling rauw,Eel raw,A0717 A0801 B1278 C0268 E0150 F0003 G0003 H0003 J0003 K0003 M0001 N0001 P0024,A028K
113,Haring pan- rauw,Herring raw,A0717 A0801 B1414 C0268 E0150 F0003 G0003 H0003 J0001 K0003 M0001 N0001 P0024,A02DF
114,Vis mager 0-5 g vet gem rauw,Fish lean 0-5 g fat raw av,A0717 A0801 B1222 C0268 E0150 F0003 G0003 H0003 J0001 K0003 M0001 N0001 P0024 Z0190,A026V#F04.A028A$F04.A02BC$F04.A02BF$F04.A02BV$F04.A 02CE$F04.A02DD$F04.A02DX$F04.A02JR$F04.A0FAP
116,Vis vet >5 g vet gem rauw,Fish fat >5 g fat raw av,A0717 A0801 B1222 C0268 E0150 F0003 G0003 H0003 J0001 K0003 M0001 N0001 P0024 Z0182,A026V#F04.A028K$F04.A02CT$F04.A02DF$F04.A0C75$F04.A 0EYT
117,Bonen witte/bruine gedroogd,Beans white/ brown dried,A0704 A0831 B1999 C0133 E0150 F0003 G0003 H0003 J0116 K0003 M0001 N0001 P0024 R0001 Z0283 Z0288,A012T
118,Erwten groene gedroogd,Peas green dried,A0704 A0831 B1338 C0133 E0150 F0003 G0003 H0138 J0116 K0003 M0001 N0001 P0024,A013J
119,Kapucijners gedroogd,Peas marrowfat dried,A0704 A0831 B1338 C0136 E0150 F0003 G0003 H0138 J0116 K0003 M0001 N0001 P0024,A013K
120,Linzen groene en bruine gedroogd,Lentils green and brown dried,A0704 A0831 B1268 C0133 E0150 F0003 G0003 H0138 J0116 K0003 M0001 N0001 P0024 Z0280 Z0288,A013Q
121,Aardappelpuree vers bereid m halfvolle melk en margarine,Potatoes mashed fresh prep w semi-skimmed milk and margarin,A0706 A0829 B1218 C0240 E0136 F0014 G0015 H0184 H0221 J0001 K0003 M0001 N0001 P0024 R0355 Z0001,A0C6K#F04.A00ZT$F04.A02LZ$F04.A039E
122,Chips gem,Crisps potato av,A0706 A0829 B1218 C0308 E0100 F0014 G0029 H0173 H0221 J0001 K0003 M0166 N0036 P0024 R0001 Z0001 Z0196,A0BYS#F04.A0BYS
124,Radijs rauw,Radish raw,A0705 A0825 B1315 C0239 E0150 F0003 G0003 H0003 J0001 K0003 M0001 N0001 P0024,A00QV
125,Rammenas rauw,Radish black raw,A0705 A0826 B2959 C0239 E0150 F0003 G0003 H0003 J0003 K0003 M0003 N0001 P0024,A00QX
126,Sterkers rauw,Cress garden raw,A0705 A0825 B2270 C0200 E0150 F0003 G0003 H0003 J0001 K0003 M0001 N0001 P0024,A00SM
127,Rauwkost gem,Vegetables mixture raw av,A0705 A0825 B1579 C0148 E0100 F0003 G0003 H0003 J0003 K0003 M0003 N0003 P0024,A00FJ#F04.A00HR$F04.A00HS$F04.A00HY$F04.A00JA$F04.A 00JM$F04.A00KT$F04.A00KY$F04.A00KZ$F04.A00LD$F04.A0 0LN$F04.A00NE$F04.A00QH$F04.A00QV$F04.A0DLB$F04.A0 DNZ
128,Peterselie vers,Parsley fresh,A0705 A0857 B1550 C0144 E0150 F0003 G0003 H0003 J0001 K0003 M0001 N0001 P0024,A00YE
130,Asperge witte blik/glas,Asparagus white tinned,A0705 A0825 B1415 C0186 E0151 F0014 G0003 H0003 J0123 K0017 M0194 N0001 P0024 R0001 Z0001,A0ETQ#F26.A07XE$F27.A00RT
131,Augurk zuur,Gherkins sour pickled,A0705 A0825 B1404 C0140 E0150 F0014 G0003 H0151 H0158 H0190 H0200 J0001 K0029 M0001 N0001 P0024 R0001 Z0001,A00ZJ#F06.A06YD$F27.A00JP
132,Augurk zoetzuur,Gherkins sweet pickled,A0705 A0825 B1404 C0140 E0150 F0014 G0003 H0151 H0158 H0190 H0200 J0001 K0010 M0001 N0001 P0024 R0001 Z0001,A00ZJ#F06.A06YF$F27.A00JP
133,Champignon blik/glas,Mushroom tinned,A0705 A0825 B1467 C0296 E0151 F0014 G0003 H0001 J0123 K0017 M0194 N0001 P0024,A00TZ#F27.A00TQ
134,Doperwten middelfijn blik/glas,Peas medium fine tinned,A0705 A0825 B1338 C0133 E0150 F0014 G0015 H0003 J0123 K0017 M0194 N0001 P0024,A01BC
135,Doperwten zeer fijn/extra fijn blik/glas,Peas super fine tinned,A0705 A0825 B1338 C0133 E0150 F0014 G0015 H0003 J0123 K0017 M0194 N0001 P0024,A01BC
136,Doperwten m wortelen blik/glas,Peas and carrots tinned,A0705 A0825 B1613 C0174 E0151 F0014 G0015 H0003 J0123 K0017 M0194 N0001 P0024,A0ETQ#F26.A07XE$F27.A00QH$F27.A012J
137,Olijven groen in water blik/glas,Olives green in brine tinned/glass,A0707 A0833 B1299 C0137 E0150 F0014 G0003 H0001 J0120 K0011 M0130 M0151 N0003 P0024 Z0219,A01BQ#F06.A06XT
138,Bonen snij- blik/glas,Beans runner tinned,A0705 A0825 B2009 C0262 E0152 F0014 G0015 H0003 J0123 K0017 M0194 N0001 P0024 R0001 Z0280,A0ETQ#F26.A07XE$F27.A00PD
139,Bonen sperzie- blik/glas,Beans French tinned,A0705 A0825 B1555 C0158 E0151 F0014 G0015 H0003 J0123 K0017 M0194 N0001 P0024 R0001 Z0280,A0ESL
140,Spinazie blik/glas,Spinach tinned,A0705 A0825 B1420 C0200 E0151 F0014 G0015 H0003 J0123 K0017 M0194 N0001 P0024,A0ETQ#F26.A07XE$F27.A00MJ
141,Puree tomaten- geconcentreerd blik,Tomato puree concentrated tinned,A0705 A0827 B1276 C0229 E0139 F0014 G0003 H0138 J0123 K0003 M0151 N0001 P0024,A00ZF
142,Bonen tuin- blik/glas,Beans broad tinned,A0705 A0825 B1367 C0133 E0150 F0014 G0015 H0003 J0123 K0017 M0194 N0001 P0024 R0001 Z0001,A0ETQ#F26.A07XE$F27.A012A
143,Wortel blik/glas,Carrot tinned,A0705 A0825 B1227 C0240 E0152 F0014 G0015 H0003 J0123 K0017 M0194 N0001 P0024 R0001 Z0001,A0ETQ#F26.A07XE$F27.A00QH
144,Ui zilver- zoetzuur glas,Silver-skin onion sweet pickled glass,A0705 A0827 B1300 C0240 E0150 F0014 G0003 H0151 H0158 H0190 H0200 J0001 K0010 M0001 N0001 P0024,A00ZJ#F06.A06YF$F27.A00HD
145,Kool rode blik/glas,Cabbage red glass,A0705 A0825 B2072 C0151 E0152 F0014 G0015 H0001 J0123 M0194 N0001 P0024,A0ETQ#F26.A07XE$F27.A00GA
146,Spinazie diepvries gekookt,Spinach frozen boiled,A0705 A0825 B1420 C0200 E0152 F0018 G0042 H0001 J0136 K0003 M0001 N0001 P0024,A00MJ#F28.A07GL$F28.A07KQ
147,Appel z schil gem,Apple wo skin av,A0707 A0833 B1245 C0229 E0150 F0003 G0003 H0003 J0001 K0003 M0001 N0001 P0024 R0001 Z0001,A01DJ#F04.A01DJ$F20.A07QF
148,Aardbeien,Strawberries,A0707 A0833 B1393 C0137 E0150 F0003 G0003 H0003 J0001 K0003 M0001 N0001 P0024 R0355 Z0001,A01EA
149,Abrikozen m schil,Apricots w skin,A0707 A0833 B1529 C0139 E0150 F0003 G0003 H0003 J0001 K0003 M0001 N0001 P0024 R0001 Z0001,A01GF#F20.A07QQ
150,Ananas,Pineapple,A0707 A0833 B1484 C0229 E0150 F0003 G0003 H0003 J0001 K0003 M0001 N0001 P0024 R0001 Z0001,A01LP
151,Banaan,Banana,A0707 A0833 B1266 C0138 E0150 F0003 G0003 H0003 J0001 K0003 M0001 N0001 P0024 R0001 Z0001,A01LC
152,Bessen blauwe,Blueberries,A0707 A0833 B1491 C0140 E0150 F0003 G0003 H0003 J0001 K0003 M0001 N0001 P0024,A01EY
153,Bessen rode,Redcurrants,A0707 A0833 B1055 C0140 E0150 F0003 G0003 H0003 J0001 K0003 M0001 N0001 P0024 R0001 Z0001,A01FP
154,Bessen zwarte,Blackcurrants,A0707 A0833 B1192 C0140 E0150 F0003 G0003 H0003 J0001 K0003 M0001 N0001 P0024 R0001 Z0001,A01FN
155,Bessen bos-,Bilberries,A0707 A0833 B2013 C0140 E0150 F0003 G0003 H0003 J0001 K0003 M0001 N0001 P0024,A01FE
156,Bessen vossen-,Cowberries,A0707 A0833 B1019 C0140 E0150 F0003 G0003 H0003 J0001 K0003 M0001 N0001 P0024 R0001 Z0001,A01FK
157,Bramen,Blackberries,A0707 A0833 B1231 C0137 E0150 F0003 G0003 H0003 J0001 K0003 M0001 N0001 P0024 R0001 Z0001,A01EE
158,Citroen,Lemon,A0707 A0833 B1275 C0229 E0150 F0003 G0003 H0003 J0001 K0003 M0001 N0001 P0024,A01BY
159,Cranberry vers,Cranberries fresh,A0707 A0833 B4209 C0140 E0150 F0003 G0003 H0003 J0001 K0003 M0001 N0001 P0024 R0001 Z0001,A01FH
160,Druiven m schil gem,Grapes w skin av,A0707 A0833 B1329 C0137 E0150 F0003 G0003 H0003 J0003 K0003 M0003 N0001 P0024,A01DX#F04.A01DX$F20.A07QE
161,Frambozen,Raspberries,A0707 A0833 B1494 C0140 E0150 F0003 G0003 H0003 J0001 K0003 M0001 N0001 P0024,A01EP
162,Grapefruit,Grapefruit,A0707 A0833 B1507 C0229 E0150 F0003 G0003 H0003 J0001 K0003 M0001 N0001 P0024,A01CY
163,Kersen zoete,Cherries sweet,A0707 A0833 B1306 C0139 E0150 F0003 G0003 H0003 J0001 K0003 M0001 N0001 P0024,A01GK
164,Bessen kruis-,Gooseberries,A0707 A0833 B1394 C0140 E0150 F0003 G0003 H0003 J0001 K0003 M0001 N0001 P0024 R0001 Z0001,A0CFN
165,Mandarijn,Manderins,A0707 A0833 B1429 C0229 E0150 F0003 G0003 H0003 J0001 K0003 M0001 N0001 P0024,A01CD
166,Meloen net-,Melon netted,A0707 A0833 B1283 C0229 E0150 F0003 G0003 H0003 J0001 K0003 M0001 N0001 P0024 R0001 Z0052,A00KF
167,Kersen zure,Cherries sour,A0707 A0833 B2506 C0140 E0150 F0003 G0003 H0003 J0003 K0003 M0003 N0003 P0024,A01GH
168,Peer z schil,Pear wo skin,A0707 A0833 B1344 C0229 E0150 F0003 G0003 H0003 J0001 K0003 M0001 N0001 P0024,A01DP#F20.A07QF
169,Perzik z schil,Peach wo skin,A0707 A0833 B1350 C0229 E0150 F0003 G0003 H0003 J0001 K0003 M0001 N0001 P0024,A01GL#F20.A07QF
170,Pruimen m schil,Plums w skin,A0707 A0833 B1206 C0139 E0150 F0003 G0003 H0003 J0001 K0003 M0001 N0001 P0024,A01GQ#F20.A07QQ
171,Sinaasappel,Orange,A0707 A0833 B1339 C0229 E0150 F0003 G0003 H0003 J0001 K0003 M0001 N0001 P0024,A0DZB
172,Fruit vers citrus- gem,Fruit fresh citrus av,A0707 A0833 B1140 C0229 E0150 F0003 G0003 H0003 J0001 K0003 M0001 N0001 P0024,A01BT#F04.A01BY$F04.A01CA$F04.A01CD$F04.A01CY$F04.A 0DZB
173,Fruit vers excl citrus- gem,Fruit fresh av excl citrus,A0707 A0833 B1140 C0229 E0150 F0003 G0003 H0003 J0001 K0003 M0001 N0001 P0024,A04RK#F04.A00KF$F04.A00KJ$F04.A01DJ$F04.A01DP$F04.A0 1DT$F04.A01DX$F04.A01EA$F04.A01EE$F04.A01EP$F04.A01 EY$F04.A01FE$F04.A01FH$F04.A01FN$F04.A01FP$F04.A01G F$F04.A01GK$F04.A01GL$F04.A01GN$F04.A01GQ$F04.A01H Q$F04.A01KC$F04.A01LC$F04.A01LF$F04.A01LH$F04.A01LP$ F04.A0DRE$F04.A0DRF
174,Aardbeien op siroop blik/glas,Strawberries in syrup tinned,A0707 A0834 B1393 C0229 E0150 F0014 G0003 H0136 J0123 K0023 M0194 N0001 P0024 R0355,A01NN#F06.A06XY$F26.A07XE$F27.A01EA
175,Abrikozen gedroogd,Apricots dried,A0707 A0833 B1529 C0213 E0116 F0003 G0003 H0138 J0141 K0003 M0001 N0001 P0024 R0001 Z0001,A01MD
176,Abrikozen op siroop blik/glas,Apricots in syrup tinned,A0707 A0833 B1529 C0229 E0152 F0014 G0003 H0136 J0123 K0023 M0194 N0001 P0024 R0001 Z0001,A01NS#F06.A06XY
177,Ananas op siroop blik/glas,Pineapple in syrup tinned,A0707 A0834 B1484 C0229 E0152 F0014 G0003 H0136 J0123 K0023 M0194 N0001 P0024 R0001 Z0001,A01PB#F06.A06XY
178,Appeltjes gedroogd,Apples dried,A0707 A0834 B1245 C0139 E0133 F0003 G0003 H0138 J0116 K0003 M0001 N0001 P0024 R0001 Z0001,A01MC
179,Appelmoes blik/glas,Apple sauce tinned,A0707 A0834 B1245 C0229 E0135 F0014 G0003 H0136 J0123 K0003 M0194 N0001 P0024 R0001 Z0001,A01PF#F28.A0BYP
180,Bessen bos- op siroop blik/glas,Bilberries in syrup tinned,A0707 A0834 B2013 C0140 E0150 F0014 G0003 H0136 J0123 K0023 M0194 N0001 P0024 R0001 Z0001,A01PD#F06.A06XY$F26.A07XE$F04.A01FE
181,Dadels gedroogd,Dates dried,A0707 A0834 B1209 C0139 E0150 F0003 G0003 H0138 J0116 K0003 M0001 N0001 P0024,A01MF
182,Frambozen op siroop blik/glas,Raspberries in syrup tinned,A0707 A0834 B1494 C0140 E0150 F0014 G0003 H0136 J0123 K0023 M0194 N0001 P0024,A01NN#F06.A06XY$F26.A07XE$F27.A01EN
183,Fruitcocktail op siroop blik/glas,Fruit cocktail in syrup tinned,A0707 A0834 B1140 C0229 E0152 F0014 G0003 H0136 J0123 K0023 M0194 N0001 P0024,A01PC#F06.A06XY
184,Kersen op siroop blik/glas,Cherries in syrup tinned,A0707 A0834 B1306 C0139 E0150 F0014 G0003 H0136 J0123 K0023 M0194 N0001 P0024,A01NV#F06.A06XY
185,Krenten gedroogd,Currants dried,A0707 A0834 B1528 C0139 E0150 F0003 G0003 H0138 J0116 J0141 K0003 M0001 N0001 P0024,A01ME
186,Mandarijnen op siroop blik/glas,Tangerines in syrup tinned,A0707 A0834 B1429 C0229 E0107 F0014 G0003 H0136 H0225 J0123 K0039 M0151 M0210 N0001 P0024,A01NP#F06.A06XY
187,Peren gedroogd,Pear dried,A0707 A0834 B1344 C0229 E0152 F0001 G0003 H0138 J0116 K0001 M0001 N0001 P0024,A01MH
188,Peren op siroop blik/glas,Pears in syrup tinned,A0707 A0834 B1344 C0229 E0152 F0014 G0003 H0136 J0123 K0023 M0194 N0001 P0024,A01NR#F06.A06XY
189,Perziken op siroop blik/glas,Peaches in syrup tinned,A0707 A0834 B1350 C0229 E0152 F0014 G0003 H0136 J0123 K0023 M0194 N0001 P0024,A01NY#F06.A06XY
190,Pruimen gedroogd,Prunes,A0707 A0834 B1206 C0139 E0150 F0003 G0003 H0138 J0116 K0003 M0001 N0001 P0024 R0001,A01MB
191,Pruimen op siroop blik/glas,Plums in syrup tinned,A0707 A0834 B1206 C0137 E0150 F0014 G0003 H0136 J0123 K0023 M0194 N0001 P0024,A01NT#F06.A06XY
192,Tuttifrutti gedroogd,Fruit mixed dried,A0707 A0834 B1140 C0213 E0116 F0003 G0003 H0138 J0141 K0003 M0001 N0001 P0024,A01MA#F04.A01MB$F04.A01MC$F04.A01MD$F04.A01MH
193,Vijgen gedroogd,Figs dried,A0707 A0834 B1302 C0140 E0150 F0003 G0003 H0138 J0141 K0003 M0001 N0001 P0024,A01MG
194,Vruchten op siroop gem blik/glas,Fruit in syrup tinned,A0707 A0834 B1140 C0167 E0150 F0001 G0003 H0001 J0120 K0023 M0182 M0210 N0001 P0024,A01NN#F04.A01NN$F04.A01NP$F04.A01NR$F04.A01NS$F04. A01NT$F04.A01NV$F04.A01NY$F04.A01PB$F04.A01PC$F04. A01PD$F06.A06XY
195,Babyvoeding fruit 8 mnd,Infant food fruit 8 months,A0707 A0834 B1140 C0229 E0119 F0014 G0003 H0306 J0110 K0003 M0210 N0001 P0091 P0097 P0100 P0108 P0191 R0001 Z0112,A03RJ
196,Kapucijners blik/glas,Peas marrowfat canned,A0704 A0831 B1338 C0136 E0150 F0014 G0014 H0259 J0123 K0017 M0194 N0001 P0024 Z0052,A01BC#F27.A0BAR
197,Bonen witte in tomatensaus blik/glas,Beans white baked in tomato sauce canned,A0704 A0831 B1999 C0133 E0110 F0014 G0003 H0136 H0138 H0212 H0259 J0116 J0123 K0037 M0194 N0001 P0024 R0001 Z0283,A03VS#F04.A00ZF$F04.A01BB$F04.A032J$F04.A03DL$F04.A0 42P$F28.A0BYP
198,Noten amandelen z vliesje ongezouten,Almonds blanched unsalted,A0703 A0823 B1272 C0134 E0131 F0022 G0005 H0001 J0003 K0003 M0003 N0003 P0024 P0078,A014F#F10.A0CQE$F20.A07QR
199,Noten cashew- ongezouten,Cashew nuts unsalted,A0703 A0823 B1221 C0155 E0150 F0001 G0005 H0001 J0001 K0003 M0001 N0001 P0024 P0078,A014H#F10.A0CQE
200,Noten hazel- ongezouten,Hazelnuts unsalted,A0703 A0823 B1533 C0155 E0150 F0001 G0005 H0001 J0001 K0003 M0001 N0001 P0024 P0078,A014L#F10.A0CQE
201,Kastanje rauw,Chestnuts raw,A0703 A0823 B1584 C0132 E0150 F0003 G0003 H0003 J0001 K0003 M0001 N0001 P0024,A014J
202,Kokosnootvlees,Coconut meat,A0703 A0824 B1536 C0208 E0133 F0003 G0003 H0003 J0003 K0003 M0003 N0003 P0024,A014K
203,Noten para- ongezouten,Brazil nuts unsalted,A0703 A0823 B1463 C0155 E0150 F0001 G0003 H0138 J0116 K0003 M0001 N0001 P0024 P0078,A014G#F10.A0CQE
204,Pinda's ongezouten,Peanuts unsalted,A0703 A0823 B1337 C0132 E0150 F0014 G0005 H0001 J0001 K0003 M0001 N0001 P0024 P0078,A015H#F10.A0CQE
205,Studentenhaver,Mixed nuts and raisins,A0703 A0823 B1213 C0155 E0150 F0003 G0003 H0364 J0001 K0003 M0001 N0001 P0024,A014C#F04.A014F$F04.A014G$F04.A014L$F04.A014R$F04.A 01ME
206,Noten wal- ongezouten,Walnuts unsalted,A0703 A0823 B1290 C0155 E0150 F0001 G0005 H0001 J0001 K0003 M0001 N0001 P0024 P0078,A014R#F10.A0CQE
207,Noten gemengd ongezouten,Nuts mixed unsalted,A0703 A0823 B1213 C0155 E0150 F0014 G0005 H0001 J0001 K0003 M0001 N0001 P0024 P0078,A014C#F04.A014F$F04.A014G$F04.A014H$F04.A014L$F04.A 014M$F04.A014N$F04.A014Q$F04.A014R$F04.A015H$F10.A 0CQE
208,Meel boekweit-,Flour buckwheat,A0693 A0813 B1405 C0155 E0106 F0001 G0003 H0138 J0116 K0003 M0001 N0001 P0024,A002G
209,Ontbijtproduct Cornflakes Kellogg's,Breakfast cereal Cornflakes Kellogg's,A0692 A0816 B1379 C0155 E0153 F0014 G0003 H0100 H0138 H0158 H0181 H0216 H0274 H0309 H0310 H0311 J0116 K0003 M0155 N0001 P0024,A00DD#F09.A0EXD$F09.A0EXM$F09.A0EXP$F09.A0EXQ$F09. A0EXS$F09.A0EXV$F09.A0EXX$F09.A0EXY
210,Custardpoeder,Custard powder,A0693 A0813 B1232 C0134 E0106 F0003 G0003 H0001 J0001 K0003 M0148 N0039 P0024 R0001,A002Q#F04.A06VS
212,Gort parel- rauw,Barley pearl raw,A0696 A0814 B1230 C0132 E0150 F0003 G0003 H0138 J0116 K0003 M0001 N0001 P0024,A002K#F28.A07HS
213,Vlokken haver-,Oat flakes,A0692 A0814 B1219 C0133 E0150 F0014 G0003 H0239 H0259 J0001 K0003 M0001 N0001 P0024,A00DJ
215,Maizena,Corn starch,A0693 A0813 B1379 C0203 E0106 F0003 G0003 H0138 J0116 K0003 M0001 N0001 P0024,A002R
216,Puddingpoeder voor kookpudding,Blancmange powder to cook pudding,A0696 A0813 B1324 C0203 E0106 F0003 G0003 H0117 H0136 H0138 J0116 J0145 K0003 M0156 N0039 P0024,A16GC#F04.A002R$F04.A032J$F04.A042P
217,Bloem rogge-,Flour rye,A0693 A0813 B1313 C0208 E0106 F0001 G0003 H0138 J0116 K0003 M0001 N0001 P0024 R0001 Z0001,A003L
218,Meel rogge-,Flour rye wholemeal,A0693 A0813 B1313 C0155 E0106 F0001 G0003 H0138 J0116 K0003 M0001 N0001 P0024,A003J
219,Tapioca parels droog,Tapioca pearls dry,A0706 A0813 B1352 C0203 E0122 F0001 G0003 H0138 J0116 K0003 M0001 N0001 P0024,A011J
220,Bloem tarwe-,Flour wheat white,A0693 A0813 B1312 C0208 E0106 F0003 G0003 H0197 J0001 K0003 M0001 N0001 P0024 R0001 Z0001,A003X
222,Meel tarwe- volkoren,Flour wheat wholemeal,A0693 A0813 B1312 C0155 E0106 F0001 G0003 H0138 J0116 K0003 M0001 N0001 P0024,A004B
223,Bindmiddel gem,Binding agents av,A0693 A0813 B1347 C0203 E0106 F0003 G0003 H0138 J0116 K0003 M0001 N0001 P0024 R0001 Z0001,A18FD#F04.A002R$F04.A003X$F04.A011F
224,Ontbijtproduct Olvarit pap fijne granen 6+ mnd,Breakfast cereal porridge Olvarit fijne granen 6+ months,A0692 A0816 B1324 C0155 E0106 F0014 G0003 H0159 H0195 H0213 H0214 H0215 H0217 H0309 H0310 H0311 H0319 H0320 H0321 H0322 H0323 H0337 H0456 J0001 K0003 M0148 N0039 P0024,A03QY#F09.A0EXY
225,Volkoren graanontbijt,Breakfast cereal whole grain for porridge,A0692 A0816 B1324 C0155 E0153 F0014 G0003 H0138 H0274 J0116 K0003 M0155 N0001 P0024,A00EN#F04.A004A$F26.A07XE
226,Aardappelzetmeel,Potato starch,A0693 A0813 B1218 C0240 E0106 F0001 G0003 H0138 J0116 K0003 M0001 N0001 P0024,A011F
227,Beschuit naturel,Crispbakes Dutch white,A0691 A0818 B1312 C0208 E0147 F0014 G0010 H0152 H0256 H0259 H0753 J0003 K0003 M0001 N0001 P0024,A006N
228,Cracker cream-,Crackers cream,A0695 A0817 B1312 C0208 E0140 F0014 G0005 H0152 H0221 H0259 J0001 K0003 M0001 N0001 P0024,A005Y
229,Knackebrod gem,Crispbread av,A0695 A0817 B1312 C0208 E0147 F0022 G0005 H0152 H0256 H0753 J0003 K0003 M0001 N0001 P0024,A0CHT#F04.A006B$F04.A006D$F26.A07XD
230,Tarwebroodje wit zacht,Wheat bread roll white soft,A0691 A0818 B1312 C0208 E0147 F0014 G0005 H0152 H0184 H0221 H0256 H0753 J0003 K0003 M0001 N0001 P0024,A004Y#F09.A0EXA
231,Kiemen tarwe-,Wheat germ,A0696 A0814 B1312 C0182 E0117 F0003 G0003 H0003 J0001 K0003 M0001 N0001 P0024,A004Q
232,Broodje koffie-,Danish pastry,A0691 A0817 B1312 C0208 E0147 F0014 G0005 H0158 H0227 H0364 H0753 J0151 K0003 M0003 N0003 P0024,A00BT#F04.A01ME$F04.A02ML$F04.A02PX
233,Tarwekrentenbrood wit,Wheat currant bread white,A0691 A0818 B1312 C0208 E0147 F0014 G0005 H0152 H0221 H0256 H0259 H0364 H0753 J0003 K0003 M0001 N0001 P0024 R0001 Z0001,A004Y#F04.A01ME$F09.A0EXA
234,Biscuit baby- Liga Baby 6-12 mnd,Biscuit Liga Baby 6-12 months,A0695 A0821 B1312 C0208 E0140 F0014 G0005 H0158 H0181 H0216 H0229 H0263 H0280 H0309 H0311 H0367 H0423 H0555 J0001 K0003 M0128 N0036 P0020,A03RA#F09.A0EXY
235,Biscuit dreumes- Liga Kind 12-36 mnd,Biscuit Liga 12-36 months,A0695 A0821 B1312 C0208 E0140 F0014 G0005 H0146 H0154 H0158 H0186 H0216 H0229 H0297 H0309 H0311 H0345 H0367 H0423 H0456 H0514 H0555 H0681 J0001 K0003 M0128 N0036 P0020,A03RA#F09.A0EXH$F09.A0EXY
236,Tarwebrood bruin,Wheat bread brown,A0691 A0818 B1312 C0208 E0147 F0014 G0005 H0152 H0221 H0256 H0259 H0753 J0003 K0003 M0001 N0001 P0024,A005E#F09.A0EXA
238,Cracker Matzes,Crackers Matzes,A0695 A0817 B1312 C0208 E0140 F0014 G0005 H0152 H0259 J0001 K0003 M0001 N0001 P0024,A006T
240,Koek ontbijt-,Cake Dutch spiced Ontbijtkoek,A0695 A0821 B1313 C0208 E0140 F0014 G0005 H0136 H0151 H0751 J0001 K0003 M0001 N0001 P0024,A00CS
241,Tarwebrood wit melk,Wheat bread white milk based,A0691 A0818 B1312 C0208 E0147 F0014 G0005 H0152 H0184 H0221 H0256 H0259 H0753 J0003 K0003 M0001 N0001 P0024,A004Y#F04.A02LV$F09.A0EXA
242,Roggebrood volkoren,Rye bread wholemeal,A0691 A0819 B1313 C0133 E0147 F0014 G0005 H0152 H0259 J0003 K0003 M0001 N0001 P0024 R0001 Z0001,A005H
243,Roggetarwebrood bruin,Rye wheat bread brown,A0691 A0819 B1313 C0208 E0147 F0014 G0005 H0152 H0259 H0752 H0753 J0003 K0003 M0001 N0001 P0024,A005M#F09.A0EXA$F10.A0EZZ$F26.A07XE
244,Tarwerozijnenbrood wit,Wheat raisin bread white,A0691 A0818 B1312 C0208 E0147 F0014 G0005 H0152 H0221 H0256 H0259 H0364 H0753 J0003 K0003 M0001 N0001 P0024,A004Y#F04.A01ME$F09.A0EXA
246,Tarwebrood volkoren gem v fijn en grof,Wheat bread wholemeal av fine and coarse,A0691 A0818 B1312 C0133 E0147 F0014 G0005 H0152 H0221 H0256 H0259 H0753 J0003 K0003 M0001 N0001 P0024,A005E#F04.A005E$F09.A0EXA
248,Tarwebrood wit water,Wheat bread white water based,A0691 A0818 B1312 C0208 E0147 F0014 G0005 H0152 H0221 H0256 H0259 H0753 J0003 K0003 M0001 N0001 P0024,A004Y#F04.A03DL$F09.A0EXA
249,Tarwemoutbrood bruin,Wheat malt bread brown,A0691 A0818 B1312 C0208 E0147 F0014 G0005 H0152 H0221 H0256 H0259 H0753 H0755 J0003 K0003 M0001 N0001 P0024 R0001 Z0001,A005D#F09.A0EXA
250,Broodje amandel- (v bladerdeeg),Puff pastry filled w almond paste,A0695 A0821 B1312 C0208 E0147 F0014 G0005 H0148 H0158 H0184 H0186 H0272 H0367 H0757 J0003 K0003 M0003 N0003 P0024,A00CC#F04.A003X$F04.A02LZ$F04.A032B$F04.A032J$F04.A0 36B$F04.A039E$F04.A03DL$F04.A042R$F26.A07XE
251,Taart appel- v zandtaartdeeg z roomboter,Apple pie Dutch w shortbread wo butter,A0695 A0821 B1312 C0134 E0147 F0023 G0005 H0147 H0158 H0186 H0272 H0367 J0003 K0003 M0003 N0003 P0024 Z0109 Z0112,A00BZ#F04.A002R$F04.A003X$F04.A01DJ$F04.A01ME$F04.A 02LZ$F04.A032B$F04.A032K$F04.A039E$F04.A042R
252,Biscuit,Biscuit,A0695 A0821 B1312 C0208 E0147 F0022 G0005 H0158 H0263 H0319 J0001 K0003 M0003 N0001 P0024 R0001 Z0001,A009X
253,Cake z roomboter,Cake wo butter,A0695 A0821 B1312 C0208 E0147 F0022 G0005 H0158 H0186 H0272 H0319 J0001 K0003 M0003 N0001 P0024,A00AP#F04.A003X$F04.A032B$F04.A032J$F04.A039E$F04.A0 42R
254,Koek eier-,Cake sponge Dutch Eierkoek,A0695 A0821 B1312 C0208 E0147 F0014 G0005 H0146 H0158 H0186 J0001 K0003 M0001 N0003 P0024,A00AQ#F04.A002R$F04.A003X$F04.A02PL$F04.A032B$F04.A 032J$F04.A03DL$F04.A042P
255,Taart slagroom-,Gateau w whipped cream,A0695 A0821 B1312 C0134 E0147 F0023 G0005 H0146 H0147 H0158 H0177 H0186 H0296 H0367 J0003 K0003 M0003 N0003 P0024,A00AV#F04.A02ML
256,Taart creme au beurre-,Gateau w butter-cream filling,A0695 A0821 B1312 C0134 E0147 F0023 G0005 H0148 H0158 H0177 H0184 H0205 H0271 H0272 J0003 K0003 M0003 N0003 P0024,A00AV#F04.A00AQ$F04.A039C
257,Koek gevulde gem,Almond paste filled tarts av,A0695 A0821 B1312 C0208 E0140 F0014 G0005 H0158 H0177 H0186 H0221 J0001 K0003 M0001 N0001 P0024,A00BV#F04.A00BV$F26.A07XE
258,Koekje gem,Biscuit av,A0695 A0821 B1312 C0208 E0147 F0001 G0005 H0272 H0749 J0001 K0003 M0001 N0001 P0024,A009X#F04.A009X$F04.A00AA$F04.A00AD$F04.A00AE$F04.A 00AQ$F04.A00CN
259,Kokosmakronen,Coconut macaroons,A0695 A0821 B1536 C0208 E0140 F0014 G0005 H0100 J0001 K0003 M0001 N0001 P0024,A00CN#F04.A014K$F26.A07XE
260,Lange vingers,Biscuit sponge fingers,A0695 A0821 B1312 C0208 E0147 F0014 G0005 H0158 H0205 J0145 K0003 M0003 N0003 P0024,A00AE#F28.A07HN
261,Speculaas gem,Biscuit spiced Speculaas av,A0695 A0821 B1312 C0208 E0147 F0014 G0005 H0117 H0271 H0272 H0361 J0001 K0003 M0001 N0001 P0024,A00AD#F04.A00AD
262,Sprits m roomboter,Biscuit Dutch shortbread sprits,A0695 A0821 B1312 C0208 E0140 F0014 G0005 H0158 H0271 H0367 J0001 K0003 M0003 N0003 P0024,A009X#F04.A003X$F04.A031S$F04.A032K$F04.A039C$F04.A 042P
263,Biscuit tarwe-/volkoren-,Biscuit brown/wholemeal,A0695 A0821 B1312 C0135 E0147 F0022 G0005 H0158 H0263 H0319 J0001 K0003 M0003 N0001 P0024,A00AA
264,Biscuit zoute,Biscuit salted,A0695 A0821 B1312 C0208 E0147 F0022 G0005 H0158 H0173 H0263 J0001 K0003 M0003 N0001 P0024 R0001 Z0001,A00FG
265,"Bladerdeeg z roomboter, bereid",Puff pastry wo butter baked,A0695 A0821 B1312 C0134 E0147 F0014 G0005 H0271 H0367 J0120 J0145 K0003 M0003 N0001 P0024 R0001 Z0001,A00CC#F26.A07XE
266,Broodje saucijzen-,Snack sausage roll puff pastry,A0695 A0821 B1312 C0208 E0147 F0014 G0005 H0191 H0271 J0151 K0003 M0003 N0003 P0024,A040D#F04.A00CC$F04.A04GP
267,Pepsels,Pretzel sticks,A0695 A0868 B1312 C0208 E0153 F0014 G0003 H0263 H0367 H0555 H0753 H0756 J0001 K0003 M0197 N0036 P0024,A00FG
269,Kroepoek naturel,Prawn crackers natural,A0722 A0868 B1222 C0173 E0152 F0018 G0025 H0152 H0306 J0116 K0003 M0001 N0003 P0024,A011V#F04.A02FX
270,Melk rauwe,Milk raw,A0719 A0780 B1201 C0235 E0123 F0003 G0003 H0001 J0003 K0003 M0001 N0001 P0024,A02LX#F28.A07HS
271,Melk koffie- Becel,Coffee creamer Becel,A0721 A0778 B1201 C0235 E0139 F0014 G0003 H0138 H0306 H0325 J0123 K0003 M0001 N0001 P0024 Z0183 Z0202,A02PF#F04.A036T$F10.A077H
272,Melk chocolade- volle,Milk chocolate-flavoured full fat,A0721 A0781 B1201 C0235 E0123 F0022 G0003 H0136 H0231 J0120 K0003 M0001 N0001 P0024,A02MP#F04.A0EQS$F10.A077A
273,Melk chocolade- magere,Milk chocolate-flavoured low fat,A0721 A0781 B1201 C0235 E0123 F0022 G0003 H0231 H0306 H0325 J0120 K0003 M0001 N0001 P0024,A02MP#F04.A0EQS$F10.A077H
274,Creamer koffie-,Coffee creamer powder,A0721 A0788 B0001 C0160 E0106 F0001 G0003 H0001 J0001 K0001 M0001 N0001 P0024,A03TS#F03.A07Y2
276,Vla chocolade- volle,Custard chocolate full fat,A0721 A0778 B1201 C0235 E0135 F0014 G0003 H0158 H0228 H0231 H0279 H0324 J0120 K0003 M0001 N0001 P0024,A02PY#F03.A0CEE$F04.A02LV$F04.A0C6B$F10.A077A
278,Yoghurt volle,Yoghurt full fat,A0721 A0783 B1201 C0235 E0103 F0018 G0003 H0101 H0306 J0131 J0135 K0003 M0001 N0001 P0024 R0001 Z0001,A02NG#F10.A077A
279,Melk volle,Milk whole,A0719 A0780 B1201 C0235 E0123 F0022 G0003 H0306 H0324 J0120 K0003 M0001 N0001 P0024,A02LY
280,Melk koffie- volle,Coffee creamer full fat,A0721 A0778 B1201 C0235 E0139 F0014 G0003 H0138 H0306 J0123 K0003 M0001 N0001 P0024 Z0186,A02PF#F10.A077A
281,Melk gecondenseerde m suiker,Milk condensed w sugar,A0721 A0781 B1201 C0113 E0123 F0022 G0003 H0136 H0306 H0324 J0120 K0003 M0204 N0001 P0024,A02PG#F10.A077J
282,Vla vanille- volle,Custard vanilla full fat,A0721 A0778 B1201 C0235 E0103 F0014 G0003 H0100 H0146 H0158 H0227 H0324 J0131 J0135 K0003 M0001 N0001 P0024,A02PY#F03.A0CEE$F04.A02LV$F04.A06VS$F10.A077A
284,Yoghurt vruchten- magere,Yoghurt low fat w fruit,A0721 A0783 B1201 C0235 E0103 F0018 G0003 H0101 H0117 H0147 H0150 H0158 H0247 H0306 H0325 J0131 J0135 K0003 M0001 N0001 P0024 R0001 Z0001,A02NH#F04.A01NN$F04.A02NG$F04.A032J$F10.A077H
285,Melk koffie- halfvolle,Coffee creamer half fat,A0721 A0778 B1201 C0235 E0139 F0014 G0003 H0138 H0306 H0325 J0123 K0003 M0001 N0001 P0024 Z0183,A02PF#F10.A077G
286,Melk halfvolle,Milk semi-skimmed,A0719 A0780 B1201 C0235 E0123 F0022 G0003 H0306 H0325 J0120 K0003 M0001 N0001 P0024,A02LZ
288,Pap havermout- bereid m volle melk ongezoet,Porridge oatmeal prepared w whole milk unsweetened,A0721 A0778 B1201 C0235 E0135 F0018 G0001 H0322 J0135 K0003 M0001 N0001 P0024,A0F0T#F04.A00DJ$F04.A02LY$F10.A077A$F10.A077K
289,Melk karne-,Buttermilk,A0721 A0783 B1201 C0235 E0123 F0022 G0003 H0200 H0306 H0325 J0120 K0003 M0001 N0001 P0024,A02MV
290,Pap karnemelkse bloem-,Porridge buttermilk w wheat flour white,A0721 A0778 B1201 C0216 E0123 F0018 G0001 H0119 H0319 J0135 K0003 M0001 N0001 P0024,A0F0T#F04.A003X$F04.A02MV
291,Topping m suiker poeder Klop-Klop,Topping dessert powder w sugar Klop-Klop,A0722 A0788 B1017 C0190 E0143 F0001 G0003 H0158 J0001 K0003 M0001 N0001 P0024,A03TR#F03.A06JD
292,Melk koffie- magere,Coffee creamer low fat,A0721 A0778 B1201 C0235 E0139 F0014 G0003 H0138 H0306 H0325 J0123 K0003 M0001 N0001 P0024 Z0181,A02PF#F10.A077H
293,Room koffie-,Coffee creamer,A0721 A0778 B1201 C0235 E0139 F0022 G0003 H0138 H0306 H0325 J0123 K0003 M0001 N0001 P0024,A02ML#F07.A073H
294,Melk magere,Milk skimmed,A0719 A0780 B1201 C0235 E0123 F0022 G0003 H0306 H0325 J0120 K0003 M0001 N0001 P0024,A02MA
295,Melkpoeder magere,Milk skimmed dried,A0721 A0781 B1201 C0160 E0143 F0022 G0003 H0138 H0325 J0144 K0003 M0001 N0001 P0024,A02PL
296,Melkpoeder volle,Milk whole dried,A0721 A0781 B1201 C0160 E0143 F0022 G0003 H0138 J0144 K0003 M0001 N0001 P0024,A02PK
297,Melk moeder-,Milk human,A0721 A0780 B1087 C0235 E0123 F0003 G0003 H0003 J0003 K0003 M0004 N0001 P0020,A02MJ
298,Pap rijste-,Porridge rice,A0721 A0778 B1201 C0235 E0123 F0018 G0001 H0321 J0135 K0003 M0001 N0001 P0024,A0F0T#F04.A003D
299,Room slag- onbereid,Cream whipping unprepared,A0721 A0782 B1201 C0195 E0139 F0022 G0003 H0003 J0120 K0003 M0001 N0001 P0024,A02ML#F07.A074A
300,Yoghurt Bulgaarse volle,Yoghurt Bulgarian whole milk,A0721 A0783 B1201 C0235 E0103 F0018 G0003 H0101 H0306 J0131 J0135 K0003 M0001 N0001 P0024 R0001 Z0001,A16GH#F10.A077A
301,Yoghurt magere,Yoghurt low fat,A0721 A0783 B1201 C0235 E0103 F0018 G0003 H0101 H0306 H0325 J0131 J0135 K0003 M0001 N0001 P0024 R0001 Z0001,A02NG#F10.A077H
303,IJs room/vanille- gem,Ice cream dairy av,A0721 A0789 B1201 C0195 E0119 F0018 G0003 H0100 H0178 H0306 H0368 J0135 J0136 K0003 M0001 N0001 P0024,A02QA#F04.A02QA
304,Kaas strooi- Zwitserse,Cheese Swiss dried,A0720 A0784 B1201 C0245 E0136 F0018 G0003 H0247 H0253 H0328 J0104 J0131 J0151 K0003 M0001 N0001 P0024 R0355 Z0190,A031A
305,Kwark magere,Quark low fat,A0721 A0783 B1201 C0245 E0119 F0018 G0003 H0247 H0253 H0328 J0131 J0135 K0003 M0001 N0001 P0024 Z0181,A02QK#F10.A077H
306,Kwark halfvolle,Quark half fat,A0721 A0783 B1201 C0245 E0119 F0018 G0003 H0247 H0253 H0328 J0131 J0135 K0003 M0001 N0001 P0024 Z0183,A02PY#F04.A02QK$F10.A077G
307,Kwark volle,Quark full fat,A0719 A0783 B1201 C0245 E0144 F0018 G0003 H0253 H0328 J0131 J0135 K0003 M0001 N0001 P0024 Z0186,A02QK#F10.A077A
308,Olie arachide-,Oil peanut,A0700 A0806 B1337 C0190 E0139 F0001 G0003 H0001 J0003 K0003 M0001 N0001 P0024,A037A
310,Boter ongezouten,Butter unsalted,A0702 A0809 B1201 C0179 E0119 F0018 G0003 H0001 J0135 K0003 M0001 N0001 P0024 P0078 R0001 Z0200,A039C#F10.A0CQE
313,Olie soja-,Oil soya,A0700 A0806 B1452 C0190 E0139 F0001 G0003 H0001 J0003 K0003 M0001 N0001 P0024,A036X
314,Vet varkens- uitgesmolten,Lard,A0702 A0810 B1136 C0190 E0119 F0001 G0003 H0003 J0003 K0003 M0001 N0001 P0024,A037V
315,Vet rund- uitgesmolten,Beef fat,A0702 A0810 B1201 C0190 E0119 F0001 G0003 H0003 J0003 K0003 M0001 N0001 P0024,A037X
317,Olie zonnebloem-,Oil sunflower seed,A0700 A0806 B1547 C0190 E0139 F0001 G0003 H0001 J0003 K0003 M0001 N0001 P0024,A037D
319,Cornedbeef,Corned beef,A0714 A0797 B1161 C0268 E0151 F0014 G0003 H0173 H0253 J0123 K0003 M0194 N0001 P0024 Z0018,A0B9G
320,Fazant rauw,Pheasant whole raw,A0715 A0795 B1460 C0120 E0150 F0003 G0003 H0003 J0003 K0003 M0003 N0003 P0024,A01SZ
322,Frikandel bereid m vloeibaar frituurvet,Sausage Dutch Frikandel deep-fried in liquid fat,A0715 A0795 B1457 C0103 E0105 F0014 G0029 H0117 H0152 H0191 H0349 J0001 K0003 M0001 N0001 P0024,A026A#F04.A039J$F26.A07XE$F28.A07GV
324,Worst rook- gekookt gem,Sausage smoked cooked av,A0714 A0798 B1105 C0268 E0147 F0014 G0003 H0172 H0227 H0253 J0120 J0131 K0003 M0001 N0001 P0024,A026A#F04.A026A$F26.A07XE$F28.A07JV
326,Kroket vlees- bereid m vloeibaar frituurvet,Croquette meat ragout deep-fried in liquid fat,A0714 A0793 B1201 C0103 E0151 F0014 G0029 H0152 H0188 H0272 H0349 J0001 K0003 M0001 N0001 P0024,A040C#F04.A01QV$F04.A039J$F04.A0F1N$F26.A07XE$F28.A 07GV$F28.A07HK
328,Ham rauwe,Ham smoked raw,A0714 A0797 B1136 C0268 E0150 F0018 G0003 H0172 H0173 H0253 J0145 K0003 M0001 N0001 P0024,A022T
330,Kalkoen rauw,Turkey raw,A0715 A0795 B1236 C0125 E0150 F0003 G0003 H0003 J0001 K0003 M0001 N0001 P0024 Z0003,A01SQ
333,Lever runder- gekookt (vleeswaar),Liver ox boiled (processed meat product),A0716 A0796 B1161 C0176 E0150 F0014 G0015 H0003 J0001 K0003 M0001 N0001 P0024,A023P#F27.A01XF
334,Lever varkens- gekookt (vleeswaar),Liver pork boiled (processed meat product),A0716 A0796 B1136 C0176 E0150 F0014 G0015 H0003 J0001 K0003 M0001 N0001 P0024,A023H#F27.A01XJ
335,Pastei lever-,Liver pate,A0716 A0796 B1161 C0176 E0119 F0014 G0001 H0146 H0148 H0151 H0165 H0191 H0367 J0001 K0003 M0001 N0001 P0024,A026R
336,Luncheon meat blik,Luncheon meat tinned,A0714 A0793 B1105 C0268 E0151 F0014 G0003 H0227 H0253 J0001 K0003 M0001 N0001 P0024 Z0018,A024D
337,Patrijs rauw,Partridge raw,A0715 A0795 B1382 C0173 E0150 F0003 G0003 H0003 J0003 K0003 M0001 N0001 P0024,A01SY
338,Pekelvlees,Beef salted cooked,A0714 A0797 B1201 C0125 E0147 F0001 G0003 H0151 H0190 J0137 J0153 K0003 M0003 N0003 P0024,A0B9G
339,Ree wild rauw,Venison raw,A0714 A0793 B1500 C0268 E0150 F0003 G0003 H0003 J0001 K0003 M0001 N0001 P0024 Z0018,A01SG
340,Runderrookvlees,Beef smoke-dried,A0714 A0797 B1201 C0125 E0131 F0001 G0001 H0253 H0367 J0137 K0003 M0003 N0003 P0024,A023C
343,Spek rook- vet rauw,Bacon fat smoked raw,A0714 A0794 B1136 C0175 E0131 F0003 G0003 H0003 J0003 K0003 M0001 N0001 P0024,A022X
344,Vleeswaren gem,Processed meat products av,A0714 A0797 B1105 C0268 E0153 F0001 G0001 H0001 J0001 K0003 M0003 N0003 P0024,A04ND#F04.A01QX$F04.A022R$F04.A022T$F04.A022X$F04.A 023C$F04.A023H$F04.A023K$F04.A023M$F04.A023P$F04.A0 23T$F04.A023X$F04.A024D$F04.A024G$F04.A024S$F04.A02 4X$F04.A025C$F04.A025L$F04.A025N$F04.A025S$F04.A025Y $F04.A025Z$F04.A026B$F04.A026K$F04.A026R$F04.A026S$F 04.A0B9G$F26.A07XD
347,Bokking gerookt,Kipper smoked,A0717 A0802 B1414 C0268 E0150 F0001 G0003 H0173 J0103 J0106 K0003 M0001 N0001 P0024 R0001 Z0001,A02KG
348,Garnalen Hollandse gekookt,Shrimps Dutch boiled,A0717 A0801 B1237 C0173 E0151 F0014 G0014 H0003 J0001 K0003 M0001 N0001 P0024,A02GB#F28.A07GL
349,Haringfilet in tomatensaus blik,Herring fillet in tomato sauce tinned,A0717 A0803 B1414 C0125 E0110 F0014 G0003 H0212 J0123 K0037 M0194 N0001 P0024,A0FBX#F04.A02DF$F04.A044C$F06.A06XR
350,Haring gezouten,Herring salted,A0717 A0803 B1414 C0268 E0150 F0003 G0003 H0173 J0103 K0003 M0001 N0001 P0024,A0EYT#F26.A07XE$F27.A02DE
351,Krab in water blik,Crab in water tinned,A0717 A0803 B1335 C0125 E0122 F0014 G0003 H0003 J0123 K0017 M0151 N0001 P0024,A0BZ5#F27.A02FL
352,Kreeft gekookt,Lobster boiled,A0717 A0801 B1505 C0275 E0150 F0014 G0014 H0001 J0001 K0003 M0003 N0003 P0024,A02FP#F28.A07GL
353,Makreel rauw,Mackerel raw,A0717 A0801 B1043 C0268 E0150 F0003 G0003 H0003 J0120 K0003 M0001 N0001 P0024,A02CT#F26.A07XD
354,Oesters,Oysters,A0717 A0802 B1951 C0173 E0150 F0003 G0003 H0003 J0001 K0003 M0001 N0001 P0024,A02HG
355,Sardines in olie blik,Sardines/pilchards in oil tinned,A0717 A0803 B1558 C0173 E0150 F0014 G0003 H0003 J0123 K0011 M0204 N0001 P0024,A0FBZ#F06.A06XJ
356,Lever schelvis- blik,Liver haddock tinned,A0716 A0801 B1441 C0176 E0147 F0001 G0001 H0367 J0001 K0046 M0175 N0001 P0024,A02EJ#F01.A050P
357,Stokvis geweekt,Stockfish soaked,A0717 A0803 B1423 C0265 E0150 F0003 G0036 H0138 H0259 J0116 K0003 M0003 N0003 P0024,A02JR#F28.A07MS
358,Eiwit kippenei rauw,Egg white chicken raw,A0718 A0790 B1713 C0241 E0139 F0003 G0003 H0003 J0001 K0003 M0001 N0001 P0024,A031T#F28.A07HS
369,Loempia gefrituurd in plantaardige olie,Spring roll deep-fried in vegetable oil,A0722 A0861 B1347 C0174 E0105 F0014 G0029 H0152 H0186 H0191 H0207 H0212 H0227 H0263 H0319 J0001 K0003 M0001 N0001 P0024,A040F#F04.A00GC$F04.A00SR$F04.A01SP$F04.A022T$F04.A 036N$F28.A07GV
372,Babyvoeding maaltijd 8 mnd,Infant food meal 8 months,A0722 A0861 B0001 C0001 E0110 F0014 G0037 H0003 J0110 K0003 M0210 N0001 P0078 P0091 P0097 P0100 P0108 P0191 R0001 Z0112,A03RC#F22.A07SH$F26.A07XD
374,Suiker basterd- bruine,Sugar castor brown,A0697 A0836 B1370 C0156 E0143 F0001 G0001 H0211 J0001 K0001 M0001 N0003 P0024,A032N
375,Suiker basterd- witte,Sugar castor white,A0697 A0836 B1370 C0157 E0143 F0001 G0001 H0211 J0001 K0001 M0001 N0003 P0024,A032K
377,Suiker kristal-,Sugar granulated,A0697 A0836 B1370 C0157 E0143 F0001 G0001 H0001 J0001 K0001 M0001 N0003 P0024,A032J
378,Stroop keuken-,Syrup Keukenstroop,A0698 A0836 B1012 C0271 E0139 F0014 G0003 H0001 J0001 K0003 M0001 N0001 P0024,A034E
381,Stroop suiker-,Syrup sugar,A0698 A0836 B1012 C0271 E0139 F0022 G0003 H0001 J0001 K0003 M0003 N0003 P0024,A033Z#F26.A07XD
382,Advocaat,Advocaat liqueur,A0713 A0850 B3324 C0005 E0135 F0018 G0003 H0136 H0186 H0332 J0135 K0003 M0001 N0001 P0024,A03NZ#F04.A031G$F04.A032J$F04.A03PE
383,Sap appel-,Juice apple,A0708 A0841 B1245 C0140 E0123 F0018 G0003 H0001 J0131 J0135 K0003 M0001 N0001 P0024 P0091,A039M
385,Vruchtendrank rode bessen,Fruit juice drink redcurrent,A0709 A0841 B1140 C0167 E0123 F0022 G0003 H0136 H0148 J0120 K0003 M0001 N0001 P0024,A03BB#F04.A01FP
386,Jenever bessen-,Gin Dutch red currant flavoured,A0713 A0850 B1324 C0133 E0123 F0003 G0003 H0100 H0229 H0232 H0270 J0001 K0003 M0130 N0040 P0024,A03NT
387,Vruchtendrank zwarte bessen,Fruit juice drink blackcurrant,A0709 A0841 B1140 C0167 E0123 F0022 G0003 H0136 H0148 J0120 K0003 M0001 N0001 P0024,A03BB#F04.A01FN
388,Sap rode bessen-,Juice redcurrant,A0708 A0841 B1055 C0140 E0123 F0018 G0003 H0001 J0131 J0135 K0003 M0001 N0001 P0024,A039R
389,Bier oud bruin,Beer old brown,A0711 A0847 B1230 C0102 E0123 F0001 G0003 H0202 H0227 H0232 H0246 H0253 J0121 K0003 M0001 N0001 P0024 R0001 Z0168,A03MK
390,Bier pils,Beer pilsner,A0711 A0847 B1230 C0102 E0123 F0001 G0003 H0227 H0232 H0246 H0253 J0121 K0003 M0001 N0001 P0024 R0001 Z0167,A03ME
391,Brandewijn,Brandy,A0713 A0850 B1329 C0140 E0123 F0003 G0003 H0232 H0270 J0001 K0003 M0130 N0040 P0024 R0001 Z0170,A03PE
392,Campari,Campari,A0713 A0850 B3324 C0237 E0123 F0003 G0003 H0148 H0158 H0227 J0001 K0003 M0214 M0278 N0040 P0024,A03NV
393,Jenever citroen-,Gin Dutch lemon flavoured,A0713 A0850 B1324 C0133 E0123 F0003 G0003 H0147 H0229 H0232 H0270 J0001 K0003 M0130 N0040 P0024,A03NT
394,Cognac,Cognac,A0713 A0850 B1329 C0140 E0123 F0003 G0003 H0232 H0270 J0001 K0003 M0130 N0040 P0024,A03PE
395,Frisdrank m suiker m cafeine,Soft drink w sugar w caffeine,A0709 A0843 B1217 C0005 E0123 F0001 G0003 H0109 H0136 H0150 H0200 H0227 J0001 K0003 M0194 N0001 P0024,A03FR
396,Sap druiven-,Juice grape,A0708 A0841 B1329 C0140 E0123 F0018 G0003 H0001 J0131 J0135 K0003 M0001 N0001 P0024,A03AK
399,Vruchtendrank frambozen,Fruit juice drink raspberry,A0709 A0841 B1140 C0167 E0123 F0022 G0003 H0136 H0148 J0120 K0003 M0001 N0001 P0024,A03BB#F04.A01EN
400,Frisdrank m suiker z cafeine,Soft drink m sugar wo caffeine,A0709 A0843 B1217 C0005 E0123 F0001 G0003 H0109 H0136 H0227 J0001 K0003 M0001 N0001 P0024,A03EX#F10.A077J
401,Jenever jonge,Gin young Dutch,A0713 A0850 B1324 C0133 E0123 F0003 G0003 H0229 H0232 H0270 J0001 K0003 M0114 M0130 N0038 N0040 P0024,A03PG
402,Jenever oude,Gin old Dutch,A0713 A0850 B1324 C0133 E0123 F0003 G0003 H0229 H0232 H0270 J0001 K0003 M0114 M0130 N0038 N0040 P0024,A03PG
403,Likeur 15-25 vol% alc,Liqueur 15-25 vol% alcohol,A0713 A0850 B1347 C0001 E0130 F0003 G0003 H0100 H0136 H0232 H0270 J0001 K0003 M0001 N0001 P0024,A03NS#F26.A07XD
405,Muskaatwijn,Muscatel,A0712 A0849 B1329 C0140 E0123 F0003 G0003 H0232 H0253 J0104 K0003 M0001 N0001 P0024,A03NG#F26.A07XE
407,Port,Port wine,A0712 A0849 B1329 C0140 E0123 F0001 G0003 H0232 H0253 H0332 J0001 K0003 M0130 N0040 P0024,A03NL
408,Rum,Rum,A0713 A0850 B1378 C0207 E0123 F0003 G0003 H0232 H0270 J0001 K0003 M0130 N0040 P0024,A03PJ
409,Sherry,Sherry,A0712 A0849 B1329 C0140 E0123 F0001 G0003 H0232 H0253 H0332 J0001 K0003 M0130 N0040 P0024,A03NJ
410,Sap sinaasappel- gepasteuriseerd,Juice orange pasteurized,A0708 A0841 B1339 C0140 E0123 F0018 G0003 H0001 J0131 J0135 K0003 M0001 N0001 P0024,A03AM#F28.A07HV
413,Sap tomaten-,Tomato juice,A0705 A0827 B1276 C0140 E0109 F0018 G0003 H0001 J0131 J0135 K0003 M0001 N0001 P0024,A03CJ
415,Vermouth zoete,Vermouth,A0713 A0849 B1329 C0140 E0123 F0001 G0003 H0136 H0227 H0232 H0253 H0332 J0001 K0003 M0130 N0040 P0024,A03NH
416,Vieux,Brandy Dutch vieux,A0713 A0850 B3324 C0005 E0123 F0014 G0003 H0150 H0227 H0232 H0270 J0001 K0003 M0130 N0040 P0024,A04QG#F26.A07XE
417,Limonade vruchten- m suiker,Juice drink w sugar,A0709 A0843 B1217 C0005 E0123 F0001 G0003 H0109 H0136 H0227 H0362 J0001 K0003 M0194 N0001 P0024,A03EA#F10.A077J
421,Whisky,Whisky,A0713 A0850 B1324 C0133 E0123 F0003 G0003 H0232 H0270 J0001 K0003 M0001 N0001 P0024,A03PF
422,Wijn rode,Wine red,A0712 A0849 B1329 C0140 E0123 F0003 G0003 H0232 H0253 J0104 K0003 M0001 N0001 P0024,A03MX
423,Wijn witte droge,Wine white dry,A0712 A0849 B1329 C0140 E0123 F0003 G0003 H0232 J0104 K0003 M0001 N0001 P0024,A03MV
425,Frisdrank Rivella,Softdrink w milk serum and sweetener Rivella,A0709 A0842 B1217 C0005 E0123 F0018 G0003 H0108 H0109 H0227 H0260 J0135 K0003 M0001 N0001 P0024,A03FX#F04.A0EZB$F26.A07XE
427,Stroop appel- rinse,Syrup apple rinse,A0698 A0836 B1370 C0271 E0139 F0014 G0003 H0362 J0146 K0003 M0001 N0001 P0024 R0359 Z0001,A033Z#F26.A07XE$F27.A01DJ
428,Saus barbecue-,Sauce barbecue,A0722 A0862 B1276 C0167 E0110 F0001 G0003 H0146 H0147 H0148 H0151 H0158 H0281 H0367 J0001 K0003 M0001 N0001 P0024,A045B
429,Bouillonblokje,Stock cube,A0722 A0856 B1347 C0170 E0147 F0001 G0003 H0117 H0138 H0173 J0100 K0003 M0296 N0039 P0024 R0001 Z0001,A043F#F26.A07XD
430,Cacaopoeder,Cocoa powder,A0710 A0845 B1318 C0155 E0106 F0001 G0003 H0001 J0116 K0003 M0001 N0001 P0024 Z0089,A03HG
431,Chocolade melk-,Chocolate milk,A0699 A0839 B1318 C0134 E0147 F0014 G0003 H0158 H0184 H0231 J0001 K0003 M0001 N0003 P0024,A034J
432,Chocolade puur,Chocolate dark,A0699 A0839 B1318 C0134 E0147 F0014 G0003 H0158 H0231 J0001 K0003 M0001 N0003 P0024,A034J
433,Vlokken chocolade- melk,Chocolate flakes milk,A0699 A0839 B1318 C0134 E0147 F0014 G0003 H0158 H0184 H0231 J0001 K0003 M0001 N0003 P0024,A0EQS#F26.A07XE
434,Boter chocolade-,Chocolate butter,A0702 A0808 B1201 C0179 E0119 F0018 G0003 H0001 J0135 K0003 M0173 N0001 P0024 R0001 Z0001,A0C6P#F04.A011F$F04.A032J$F04.A037D$F04.A037N$F04.A 03DL$F04.A03HG$F09.A0EXM$F09.A0EXZ
435,Vlokken chocolade- puur,Chocolate flakes dark,A0699 A0839 B1318 C0134 E0147 F0014 G0003 H0158 H0231 J0001 K0003 M0001 N0003 P0024,A0EQS#F26.A07XE
436,Pasta chocolade- hazelnoot,Spread chocolate hazelnut,A0697 A0835 B1012 C0210 E0119 F0014 G0014 H0154 H0158 H0177 H0184 H0227 H0231 H0263 H0456 H0555 J0001 K0003 M0134 N0040 P0024,A0C6P
437,Saus cocktail/party/tafel- 25% olie,Sauce cocktail/party/table 25% oil,A0722 A0859 B1017 C0155 E0135 F0001 G0003 H0148 H0151 H0158 H0185 H0212 H0279 H0281 H0367 J0001 K0003 M0001 N0001 P0024 Z0174 Z0185,A0ERG#F07.A073N$F26.A07XE
439,Gelatine,Gelatin,A0722 A0852 B1134 C0219 E0147 F0001 G0001 H0138 J0144 J0145 K0003 M0001 N0001 P0024,A0F5E
440,Gember op siroop blik/glas,Ginger stem in syrup tinned,A0707 A0834 B1265 C0240 E0152 F0014 G0003 H0136 J0123 K0023 M0194 N0001 P0024,A0ETS#F06.A06XY$F26.A07XE$F27.A01AB$F28.A0BYP
441,Gistextract Marmite,Yeast extract Marmite,A0705 A0856 B1345 C0247 E0119 F0014 G0001 H0100 H0212 H0216 H0309 H0310 H0311 H0367 J0001 K0003 M0130 N0040 P0024,A043P#F09.A0EXP$F09.A0EXQ$F09.A0EXX$F09.A0EXY
442,Hagelslag vruchten-,Coloured sprinkles fruit-flavoured,A0698 A0835 B1347 C0108 E0152 F0001 G0003 H0158 H0362 J0001 K0003 M0001 N0003 P0024,A032Q#F04.A06NQ
443,Honing,Honey,A0698 A0836 B1347 C0188 E0103 F0001 G0003 H0138 H0230 J0003 K0003 M0001 N0001 P0024,A033J
444,Pasta chocolade- puur,Spread chocolate dark,A0697 A0835 B1012 C0210 E0119 F0014 G0014 H0184 H0227 H0231 H0263 H0315 H0367 H0555 J0001 K0003 M0134 N0040 P0024,A0C6P
445,Jam,Jam,A0707 A0837 B1140 C0167 E0119 F0014 G0003 H0145 H0158 J0135 K0003 M0001 N0001 P0024 Z0162,A01NH
446,Kauwgom,Chewing gum,A0722 A0838 B1347 C0298 E0147 F0022 G0003 H0158 H0227 H0435 J0001 K0001 M0001 N0001 P0024,A035M
447,Kauwgom z suiker,Chewing gum wo sugar,A0722 A0838 B1347 C0298 E0147 F0022 G0003 H0202 H0227 H0435 J0001 K0003 M0001 N0001 P0024 P0056 P0198,A035M#F08.A046M
449,Kokosbrood,Coconut bread sweetened sliced,A0722 A0867 B1536 C0139 E0140 F0001 G0001 H0117 H0154 H0158 H0165 H0319 J0145 K0003 M0003 N0003 P0024,A0EQR#F04.A014K$F26.A07XE
450,Zuurtjes,Sweets boiled,A0698 A0838 B1370 C0108 E0105 F0014 G0003 H0117 H0150 H0158 H0221 J0145 K0003 M0001 N0001 P0024 R0001 Z0001,A034X
451,Mayonaise,Mayonnaise,A0722 A0859 B1017 C0307 E0135 F0003 G0003 H0003 J0131 K0003 M0001 N0003 P0024 Z0173,A044X
453,Pepermunt,Peppermint,A0698 A0835 B1012 C0210 E0140 F0014 G0003 H0146 H0158 H0227 H0239 H0263 H0380 J0001 K0003 M0001 N0003 P0024,A034X#F26.A07XE
454,Piccalilly,Piccalilly,A0722 A0860 B0001 C0005 E0134 F0014 G0003 H0151 H0200 H0212 H0253 H0281 J0149 K0003 M0210 N0040 P0024,A045Z
455,Pindakaas,Peanut butter,A0703 A0824 B1337 C0136 E0144 F0014 G0003 H0173 H0263 H0315 J0001 K0003 M0130 N0001 P0024 Z0201,A01BN#F04.A015H$F04.A037A$F04.A042P
457,Jam rozenbottel- m vit C,Jam rose hip w vit C,A0707 A0837 B1140 C0167 E0119 F0014 G0003 H0145 H0158 J0135 K0003 M0001 N0001 P0024 Z0162,A01MZ#F09.A0EVG$F09.A0EXN$F10.A0F6C
458,Saus sla- 25% olie,Salad cream 25% oil,A0722 A0859 B1017 C0001 E0135 F0001 G0003 H0146 H0158 H0173 H0185 J0001 K0003 M0001 N0001 P0024 Z0112 Z0174,A045K#F07.A073N
461,Toffee,Toffees,A0698 A0835 B1012 C0108 E0140 F0014 G0014 H0117 H0150 H0221 J0003 K0003 M0001 N0001 P0024,A035B
462,Ketchup tomaten-,Ketchup tomato,A0722 A0853 B1276 C0174 E0103 F0022 G0003 H0158 H0227 H0306 H0367 J0001 K0003 M0130 M0172 N0001 P0024,A044P
463,Siroop vruchtenlimonade-,Fruit drink concentrate undiluted,A0709 A0843 B1012 C0108 E0139 F0014 G0003 H0148 H0200 H0227 H0362 J0146 K0003 M0194 N0001 P0024 Z0091,A03GE
464,Broodbeleg zoet gem,Spread sweet av,A0722 A0835 B1347 C0174 E0108 F0022 G0003 H0001 J0001 K0003 M0001 N0001 P0024,A01MM#F04.A01MN$F04.A01MZ$F04.A01NH$F04.A032K$F0 4.A032N$F04.A032Q$F04.A033J$F04.A033Z$F04.A035N$F04. A0C6P$F04.A0EQR$F04.A0EQS
465,Saus frites- 25% olie,Sauce for chips 25% oil,A0722 A0859 B1017 C0001 E0135 F0014 G0003 H0136 H0247 H0263 H0319 J0109 K0003 M0001 N0001 P0024 P0040 Z0202,A045K#F07.A073N
466,Saus frites- 35% olie,Sauce for chips 35% oil,A0722 A0859 B1017 C0001 E0135 F0014 G0003 H0136 H0263 H0319 J0109 K0003 M0001 N0001 P0024 Z0202,A045K#F07.A074A
467,Pannenkoek huishoudelijk bereid m margarine,Pancake homemade prepared w margarin,A0722 A0852 B1312 C0208 E0140 F0014 G0008 H0184 H0186 H0272 J0003 K0003 M0003 N0003 P0024,A00CL#F04.A02LZ$F04.A032B$F04.A039E$F04.A0CSN$F22.A0 7SS
468,Tompouce,Cream slice Dutch Tompouce,A0695 A0821 B1312 C0208 E0105 F0023 G0005 H0148 H0158 H0184 H0185 H0272 H0367 J0003 K0003 M0003 N0003 P0024,A00CC#F04.A003X$F04.A02LY$F04.A032B$F04.A032J$F04.A0 39E$F04.A03DL$F04.A042R$F26.A07XE$F28.A07HM
469,Babi pangang z rijst,Pork Chinese style Babi pangang wo rice,A0714 A0799 B1136 C0125 E0152 F0014 G0005 H0148 H0221 H0227 H0361 H0362 J0003 K0003 M0003 N0003 P0024,A03VV#F04.A01RG$F04.A036N$F04.A043V$F26.A07XE
470,Bami goreng z ei,Chinese noodle dish Bami goreng wo egg,A0694 A0812 B1312 C0134 E0104 F0014 G0003 H0151 H0191 H0263 H0349 J0151 K0003 M0003 N0003 P0024,A0CDQ#F04.A007E$F04.A00GC$F04.A00GG$F04.A00HC$F04. A00PG$F04.A00SB$F04.A00SR$F04.A00XA$F04.A01RG$F04.A 023K$F04.A036N$F04.A03AH$F04.A042P$F04.A044R
471,Nasi goreng m ei,Fried rice Nasi goreng w egg,A0696 A0861 B1322 C0208 E0104 F0014 G0028 H0100 H0151 H0186 H0191 H0263 H0349 J0151 K0003 M0001 N0001 P0024,A041C#F04.A003D$F04.A00GC$F04.A00HC$F04.A00JA$F04.A 00PG$F04.A00QH$F04.A00SB$F04.A00SR$F04.A01RG$F04.A 023K$F04.A032B$F04.A036N$F04.A042P$F04.A044R
472,Tjap tjoi z rijst,Chop-suey Indonesian wo rice,A0705 A0825 B1347 C0174 E0134 F0014 G0020 H0148 H0191 H0212 H0227 J0003 K0003 M0003 N0003 P0024,A03XX#F04.A00JA$F04.A00JM$F04.A00QH$F04.A00SB$F04.A 00SR$F04.A00TQ$F04.A011F$F04.A01RG$F04.A01SP$F04.A0 36N$F04.A03DL$F04.A042P$F04.A044R$F26.A07XE
473,Foe yong hai z rijst,Foe jung hai filled omelet wo rice,A0718 A0792 B1457 C0225 E0147 F0014 G0026 H0117 H0153 H0184 H0191 J0120 K0003 M0003 N0003 P0024,A03YQ#F04.A00HC$F04.A00QH$F04.A00SB$F04.A00TQ$F04. A012J$F04.A032B$F04.A036N$F04.A042P$F04.A044C$F04.A 0ETQ
474,Oliebol gevuld m krenten en rozijnen,Doughnut Dutch style filled w currants and raisins,A0695 A0821 B1312 C0208 E0105 F0014 G0029 H0184 H0186 H0347 H0364 H0367 H0753 J0001 K0003 M0001 N0003 P0024,A00BR#F04.A003X$F04.A01ME$F04.A02LZ$F04.A032B$F04.A 037D$F04.A042P$F04.A049A
475,Lever kippen- rauw,Liver chicken raw,A0716 A0796 B1457 C0176 E0150 F0003 G0003 H0003 J0001 K0003 M0001 N0001 P0024,A01XZ
479,Melk karne- m vruchten,Buttermilk w fruit,A0721 A0783 B1201 C0235 E0123 F0022 G0003 H0200 H0306 H0325 H0362 J0120 K0003 M0001 N0001 P0024,A02MV#F04.A03AN$F10.A077J$F26.A07XE
480,Biscuit fourre omhuld m chocolade,Biscuit filled chocolate coated,A0695 A0821 B1312 C0208 E0105 F0023 G0005 H0100 H0146 H0158 H0184 H0263 H0281 H0355 H0367 H0423 H0491 H0555 H0681 J0001 K0003 M0128 N0036 P0024,A00AE#F04.A0EQD$F28.A07HP
481,Koek Bastogne,Biscuit shortbread Bastogne,A0695 A0821 B1312 C0229 E0147 F0014 G0005 H0158 H0186 H0229 H0263 H0280 H0672 J0001 K0003 M0190 N0042 P0024,A009X
482,Spekkie,Sweets marshmallow type Spekkie,A0698 A0838 B1012 C0272 E0140 F0014 G0012 H0133 H0158 H0227 H0279 J0001 K0003 M0001 N0001 P0024,A035H
484,Spread fruit- minder suiker,Fruit spread reduced sugar,A0707 A0837 B1140 C0167 E0119 F0014 G0003 H0145 H0158 J0135 K0003 M0001 N0001 P0024 P0131 Z0163,A01NH#F10.A077M
485,IJs room/vanille- cornet m chocola en nootjes,Ice cream dairy/non dairy cornet w chocolate and nuts,A0721 A0789 B1201 C0195 E0108 F0018 G0003 H0100 H0178 H0306 H0319 H0356 H0368 J0135 J0136 K0003 M0001 N0001 P0024,A02QA#F04.A009X$F04.A014C$F04.A0EQD
486,Vlaai vruchten-,Flan w fruit filling,A0695 A0821 B1312 C0208 E0147 F0014 G0005 H0147 H0158 H0185 H0272 H0297 H0367 H0753 J0001 K0003 M0003 N0003 P0024,A00BK#F04.A00BT$F04.A01DJ$F04.A01GF$F04.A01GK$F04.A 01GQ$F04.A032K$F26.A07XE
487,Candybar Mars,Candybar Mars,A0699 A0839 B1012 C0108 E0147 F0014 G0003 H0158 H0184 H0355 H0612 J0001 K0003 M0001 N0003 P0024 Z0112,A034R#F04.A0EQD$F28.A07HP
488,Puddingpoeder instant chocolade,Blancmange powder instant chocolate,A0696 A0813 B1324 C0203 E0106 F0003 G0003 H0117 H0136 H0138 H0231 J0116 J0145 K0003 M0156 N0039 P0024,A16GC#F04.A011F$F04.A032J$F04.A03HG
489,Vlaai rijste-,Flan filled w rice pudding,A0695 A0821 B1312 C0208 E0147 F0014 G0005 H0158 H0185 H0186 H0272 H0297 H0321 H0367 H0753 J0001 K0003 M0003 N0003 P0024,A00BX#F04.A003D$F04.A00BT$F04.A02LZ$F04.A032B$F04.A 032J$F04.A039E$F04.A042R$F26.A07XE
497,Siroop vruchtenlimonade- vruchtenmix m rozenbottel,Fruit drink concentrate fruit mix w rose hip,A0709 A0842 B1012 C0174 E0139 F0001 G0003 H0200 H0215 H0362 J0001 K0003 M0278 N0040 P0024 Z0091,A03GE#F09.A0EXN
498,Siroop vruchtenlimonade- Roosvicee Fruitkracht Ferro,Fruit drink concentrate Roosvicee Fruitkracht Ferro,A0709 A0842 B1012 C0174 E0139 F0001 G0003 H0181 H0200 H0215 H0362 J0001 K0003 M0278 N0040 P0024 Z0091,A03GE
500,Siroop vruchtenlimonade- Roosvicee Fruitkracht Pruimen,Fruit drink concentrate Roosvicee Fruitkracht Pruimen,A0709 A0842 B1012 C0108 E0139 F0014 G0003 H0148 H0200 H0215 H0362 J0100 J0146 K0003 M0194 N0001 P0024 Z0091,A03GE#F09.A0EXN
511,Kaas Edammer 40+,Cheese Edam 40+,A0720 A0784 B1201 C0245 E0151 F0001 G0003 H0247 H0253 H0317 H0328 J0104 J0131 J0151 K0003 M0001 N0001 P0024 R0315 R0359 Z0185,A02SV
513,Kaas Goudse 48+ gem,Cheese Gouda 48+ av,A0720 A0784 B1201 C0245 E0151 F0001 G0003 H0253 H0317 H0328 J0104 J0131 J0151 K0003 M0001 N0001 P0024 R0315 Z0196,A02VA#F04.A02SV
514,Kaas 20+ Leidse/Friese nagel-,Cheese 20+ Leidse w cumin/Fries clove,A0720 A0784 B1201 C0245 E0151 F0001 G0003 H0150 H0229 H0247 H0253 H0328 J0104 J0131 J0151 K0003 M0001 N0001 P0024 R0315 Z0186,A02VT
515,Kaas smeer- volvet 48+,Cheese spread 48+ full fat,A0720 A0787 B1201 C0245 E0119 F0018 G0003 H0130 H0247 H0253 H0328 J0131 J0151 K0003 M0001 N0001 P0024 R0359 Z0185,A031C
516,Kaas smeer- 40+,Cheese spread 40+,A0720 A0787 B1201 C0245 E0119 F0018 G0003 H0130 H0247 H0253 H0328 J0131 J0135 K0003 M0001 N0001 P0024 R0359 Z0185,A031C
517,Kaas smeer- 20+,Cheese spread 20+,A0720 A0787 B1201 C0245 E0119 F0018 G0003 H0130 H0247 H0253 H0328 J0131 J0135 K0003 M0001 N0001 P0024 R0359 Z0186,A031C
520,Drop zoute,Liquorice Dutch type salted,A0698 A0838 B2048 C0174 E0147 F0014 G0003 H0158 H0367 H0380 J0003 K0003 M0001 N0001 P0024,A035J
521,Drop dubbelzoute,Liquorice Dutch type double salted,A0698 A0838 B2048 C0174 E0147 F0014 G0003 H0158 H0367 H0380 J0003 K0003 M0001 N0001 P0024,A035J
522,Drop zoete,Liquorice Dutch type sweet,A0698 A0838 B2048 C0174 E0147 F0014 G0003 H0158 H0367 H0380 J0003 K0003 M0001 N0001 P0024,A035J
523,Stophoest,Liquorice Stophoest,A0698 A0838 B1370 C0108 E0105 F0001 G0003 H0117 H0150 H0158 H0165 H0221 J0145 K0003 M0001 N0001 P0024,A034X#F26.A07XE
524,Chocolade in krokant suikerlaagje M&M's,M&M's chocolate,A0699 A0839 B1318 C0158 E0150 F0001 G0001 H0150 H0355 J0001 K0003 M0001 N0003 P0024,A034J#F28.A07HN
525,Candybar Milky Way,Candybar Milky Way,A0699 A0839 B1012 C0108 E0147 F0014 G0003 H0158 H0184 H0355 J0001 K0003 M0001 N0003 P0024 Z0112,A034R#F04.A0EQD$F28.A07HP
526,Candybar Bounty,Candybar Bounty,A0699 A0839 B1012 C0108 E0147 F0014 G0003 H0158 H0184 H0340 H0355 J0001 K0003 M0001 N0003 P0024 Z0112,A034R#F04.A0EQD$F28.A07HP
528,Candybar Snickers,Candybar Snickers,A0699 A0835 B1012 C0108 E0147 F0014 G0003 H0124 H0158 H0184 H0355 J0001 K0003 M0001 N0003 P0024 Z0112,A034R#F04.A0EQD$F28.A07HP
530,Bakmix voor pannenkoeken,Bakery mix for pancakes,A0693 A0813 B1312 C0208 E0106 F0003 G0003 H0146 H0152 H0173 H0751 J0001 K0003 M0148 N0039 P0024,A0CSN#F10.A07XK
531,Bakmix voor poffertjes,Bakery mix for Dutch little pancakes poffertjes,A0693 A0813 B1312 C0208 E0106 F0003 G0003 H0117 H0146 H0186 H0263 H0281 H0336 H0367 H0748 H0751 J0001 K0003 M0148 N0039 P0024,A0CSN#F10.A07XK
532,Pudding chocolade-,Blancmange chocolate,A0719 A0778 B1201 C0235 E0146 F0022 G0012 H0158 H0165 H0231 H0279 H0296 H0315 J0131 J0151 K0001 M0001 N0001 P0024,A02PY#F04.A002R$F04.A02LZ$F04.A032J$F04.A03HG
535,Cacaopoeder gezoet,Cocoa powder sweetened,A0710 A0845 B1318 C0155 E0106 F0001 G0003 H0136 H0138 J0116 K0003 M0001 N0001 P0024 Z0089,A03HH#F10.A077J
538,Rabarbermoes m suiker,Rhubarb puree w sugar,A0707 A0834 B1364 C0101 E0150 F0014 G0018 H0003 H0158 J0123 K0003 M0001 N0001 P0024 Z0112,A01PD#F10.A077J$F26.A07XE$F04.A00SD
539,Dessertsaus vruchten-,Sauce fruit for pudding,A0707 A0863 B1012 C0167 E0139 F0014 G0003 H0280 J0001 K0003 M0003 N0003 P0024,A046G
540,Dessertsaus chocolade-,Sauce chocolate for pudding,A0699 A0863 B1318 C0158 E0139 F0014 G0003 H0280 J0001 K0003 M0003 N0003 P0024,A046H
541,Pindakaas m stukjes pinda,Peanut butter w peanut pieces,A0703 A0824 B1337 C0136 E0134 F0014 G0003 H0124 J0001 K0003 M0130 N0001 P0024 Z0201,A01BN
546,Noten borrel-,Peanuts coated,A0703 A0823 B1337 C0132 E0150 F0014 G0005 H0173 H0319 H0356 J0001 K0003 M0001 N0001 P0024,A015H#F26.A07XE
548,Saus schaschlik-,Sauce tomato based shashlik,A0722 A0862 B1276 C0167 E0110 F0001 G0003 H0146 H0147 H0148 H0151 H0158 H0281 H0367 J0001 K0003 M0001 N0001 P0024,A045B
555,Topping m suiker opgeklopt Klop-Klop,Topping dessert w sugar whipped KlopKlop,A0722 A0788 B1017 C0190 E0143 F0001 G0003 H0158 H0184 H0358 J0001 K0003 M0001 N0001 P0024,A03TR#F04.A02LZ$F04.A03TR
556,Kaas Camembert 45+,Cheese Camembert 45+,A0720 A0784 B1201 C0245 E0119 F0001 G0003 H0253 H0327 H0330 J0104 J0131 J0151 K0003 M0001 N0001 P0024 R0355 Z0185,A02RX
557,Selderij bleek- rauw,Celery raw,A0705 A0825 B1282 C0101 E0150 F0003 G0003 H0003 J0001 K0003 M0001 N0001 P0024,A00RY
558,Selderij knol- rauw,Celeriac raw,A0705 A0825 B1729 C0240 E0150 F0003 G0003 H0003 J0001 K0003 M0001 N0001 P0024,A00QJ
559,Koolraap rauw,Swede raw,A0705 A0825 B1369 C0101 E0150 F0003 G0003 H0003 J0001 K0003 M0001 N0001 P0024,A00RD
560,Koolrabi rauw,Kohlrabi raw,A0705 A0825 B1369 C0101 E0150 F0003 G0003 H0003 J0001 K0003 M0001 N0001 P0024,A00GV
561,Postelein rauw,Purslane raw,A0705 A0825 B1642 C0144 E0150 F0003 G0003 H0003 J0001 K0003 M0001 N0001 P0024,A00MP
562,Prei rauw,Leek raw,A0705 A0825 B1308 C0100 E0150 F0003 G0003 H0003 J0001 K0003 M0001 N0001 P0024,A00SB
563,Snijbiet rauw,Swiss chard leaf raw,A0705 A0825 B1175 C0200 E0150 F0003 G0003 H0003 J0001 K0003 M0001 N0001 P0024,A0DJR
564,Spruitjes rauw,Brussel sprouts raw,A0705 A0825 B1611 C0151 E0150 F0003 G0003 H0001 J0001 K0003 M0001 N0001 P0024,A00FV
566,Worst knak- blik/glas,Sausage frankfurter tinned,A0714 A0798 B1105 C0268 E0147 F0001 G0003 H0227 H0253 J0131 K0017 M0182 M0210 N0001 P0024,A026B#F28.A0BYP
567,Worst boterham-,Sausage luncheon meat,A0714 A0798 B1105 C0268 E0151 F0014 G0003 H0227 H0253 J0131 K0003 M0001 N0001 P0024 Z0018,A025N#F04.A01RG$F26.A07XE
568,Worst bloed-,Black pudding,A0716 A0798 B1136 C0185 E0105 F0014 G0015 H0227 H0253 J0131 K0003 M0001 N0001 P0024 Z0094,A025S
570,Candybar Nuts,Candybar Nuts,A0699 A0839 B1012 C0108 E0147 F0014 G0003 H0158 H0177 H0184 H0355 J0001 K0003 M0001 N0003 P0024 Z0112,A034R#F04.A014L$F04.A034R$F28.A07HP
575,Spread sandwich- naturel,Sandwich spread original,A0722 A0859 B1347 C0307 E0134 F0001 G0003 H0148 H0158 H0212 H0227 J0131 K0003 M0210 N0040 P0024 R0001 Z0001,A042D#F04.A044X$F04.A16GB
577,Salade huzaren-,Salad Russian,A0722 A0866 B1218 C0005 E0134 F0023 G0003 H0148 H0158 H0185 H0191 H0212 H0229 H0263 H0758 J0001 K0001 M0001 N0001 P0024,A03VG#F04.A00QH$F04.A00ZJ$F04.A00ZT$F04.A01BC$F04.A 032J$F04.A042P$F04.A045K$F04.A0B9G
583,Ketchup hot chilli,Ketchup hot chilli,A0722 A0853 B1276 C0174 E0103 F0022 G0003 H0158 H0227 H0306 H0367 J0001 K0003 M0130 M0172 N0001 P0024,A044P#F04.A019K
584,Ketchup curry-,Ketchup curry,A0722 A0853 B1276 C0174 E0103 F0022 G0003 H0158 H0227 H0306 H0367 J0001 K0003 M0130 M0172 N0001 P0024,A044P#F04.A043A
590,Zemelen tarwe-,Wheat bran,A0696 A0814 B1312 C0111 E0152 F0003 G0003 H0003 J0001 K0003 M0001 N0001 P0024 R0001 Z0001,A004P
591,Ontbijtproduct All-Bran Plus Kellogg's,Breakfast cereal All-Bran Plus Kellogg's,A0692 A0816 B1312 C0135 E0153 F0014 G0003 H0100 H0138 H0158 H0181 H0216 H0274 H0309 H0310 H0311 J0116 K0003 M0155 N0001 P0024,A00EF#F09.A0EXD$F09.A0EXM$F09.A0EXP$F09.A0EXQ$F09. A0EXS$F09.A0EXV$F09.A0EXX$F09.A0EXY
593,Kaas Brie 50+,Cheese Brie 50+,A0720 A0784 B1201 C0245 E0119 F0001 G0003 H0253 H0327 H0330 J0104 J0131 J0151 K0003 M0001 N0001 P0024 R0355 Z0185,A02RV
595,Cacaoproduct poeder Ovomaltine,Cocoa product powder Ovomaltine,A0710 A0845 B1318 C0155 E0106 F0001 G0003 H0136 H0138 H0162 H0215 H0217 H0223 H0309 H0311 H0316 J0116 K0003 M0001 N0001 P0024 Z0089,A03HH#F09.A0EXF$F09.A0EXG$F09.A0EXH$F09.A0EXL$F09.A 0EXN$F09.A0EXP$F09.A0EXQ$F09.A0EXS$F09.A0EXV$F09.A0 EXX$F09.A0EXY$F09.A0EXZ
596,Knackebrod goudbruin,Crispbread gold-brown,A0695 A0817 B1312 C0208 E0147 F0022 G0005 H0152 H0256 H0753 J0003 K0003 M0001 N0001 P0024,A006D#F04.A003Y$F04.A004B$F26.A07XE
598,Water 0-50 mg calcium p liter,Water 0-50 mg calcium p litre,A0709 A0844 B3323 C0005 E0123 F0003 G0003 H0003 J0003 K0003 M0001 N0001 P0024,A03DL
599,Water 50-100 mg calcium p liter,Water 50-100 mg calcium p litre,A0709 A0844 B3323 C0005 E0123 F0003 G0003 H0003 J0003 K0003 M0001 N0001 P0024,A03DL
600,Water >100 mg calcium p liter,Water >100 mg calcium p litre,A0709 A0844 B3323 C0005 E0123 F0003 G0003 H0003 J0003 K0003 M0001 N0001 P0024,A03DL
601,Olie olijf-,Oil olive,A0700 A0806 B1299 C0190 E0139 F0001 G0003 H0001 J0003 K0003 M0001 N0001 P0024,A036P
602,Zalm blik,Salmon tinned,A0717 A0801 B2250 C0268 E0152 F0014 G0001 H0003 J0123 K0018 M0151 N0001 P0024 R0001 Z0001,A0FBS
603,Paling gerookt,Eel smoked,A0717 A0801 B1278 C0268 E0150 F0022 G0003 H0172 J0120 K0003 M0001 N0001 P0024,A0EYS#F27.A028K
604,Makreel gestoomd,Mackerel steamed,A0717 A0801 B1043 C0268 E0150 F0022 G0003 H0172 J0120 K0003 M0001 N0001 P0024,A02CT#F26.A07XD$F28.A07GP
605,Krentjebrij Bessola,Porridge non-dairy barley w raisins Bessola,A0696 A0864 B1231 C0229 E0138 F0014 G0014 H0147 H0148 H0158 H0229 H0323 H0363 H0364 J0001 K0003 M0001 N0001 P0024,A036F#F04.A002K$F04.A01ME$F04.A032J$F04.A039R$F04.A 03DL$F26.A07XE
606,Olie Becel Blend Classic,Oil Becel Blend Classic,A0700 A0806 B1017 C0190 E0139 F0001 G0003 H0001 J0003 K0003 M0001 N0001 P0024,A036T#F09.A0EXL$F26.A07XD
607,Olie saffloer-,Oil safflower,A0700 A0806 B1548 C0190 E0139 F0001 G0003 H0001 J0003 K0003 M0001 N0001 P0024,A037B
608,Olie mais/maiskiem-,Oil corn,A0700 A0806 B1379 C0190 E0139 F0001 G0003 H0001 J0003 K0003 M0001 N0001 P0024,A036Y
609,Nasischijf diepvries gefrituurd in plantaardige olie,Rice ball spiced frozen deep fried in vegetable oil,A0696 A0868 B1322 C0208 E0105 F0014 G0029 H0100 H0146 H0151 H0165 H0188 H0191 H0205 H0257 H0272 H0319 H0349 H0367 J0136 K0003 M0148 N0039 P0024,A040C#F04.A036N$F04.A041C$F26.A07XE$F28.A07GV$F28.A 07HK
610,Bamibal gefrituurd in plantaardige olie,Chinese noodle ball deep-fried in vegetable oil,A0694 A0868 B0001 C0005 E0147 F0014 G0029 H0003 J0136 K0003 M0001 N0003 P0024,A040C#F04.A036N$F04.A040R$F26.A07XE$F28.A07GV$F28.A 07HK
616,Saus sate- kant-en-klaar bereid,Peanut sauce ready-to-eat,A0722 A0862 B1337 C0112 E0135 F0014 G0014 H0138 H0146 H0148 H0151 H0158 H0260 H0263 H0281 H0367 J0116 K0003 M0194 N0001 P0024,A043V#F04.A01BN$F04.A032J$F04.A03DL$F04.A043F$F22.A 07SH$F26.A07XE
618,Zoutje luchtig aardappelbasis Nibb-it,Cocktail snacks based on potatoes Nibb-it,A0722 A0868 B1218 C0308 E0147 F0014 G0025 H0173 H0227 H0347 H0352 J0001 K0003 M0197 N0051 P0024 R0001 Z0001,A011T
619,Zoutje aardappel- Wokkels,Cocktail snacks Wokkels,A0722 A0868 B1218 C0308 E0147 F0014 G0025 H0173 H0221 J0001 K0003 M0166 N0036 P0024 R0001 Z0001,A011T
620,Fritessticks gem,Crisps potato straws av,A0706 A0829 B1218 C0238 E0140 F0014 G0024 H0227 J0001 K0003 M0003 N0003 P0024,A011L#F04.A011L
621,Pinda's omhuld m chocolade in krokant suikerlaagje M&M's,M&M's chocolate w peanuts,A0703 A0823 B1337 C0134 E0150 F0001 G0001 H0150 H0355 J0001 K0003 M0001 N0003 P0024,A015H#F04.A0EQD$F28.A07HN$F28.A07HP
622,Puddingpoeder instant overige smaken,Blancmange instant various flavours powder,A0696 A0813 B1324 E0106 G0003 H0138 J0116 K0003 M0156 N0039 P0024,A16GC#F04.A011F$F04.A032J$F04.A037N
630,Popcorn naturel gepoft z olie,Popcorn plain popped wo oil,A0696 A0814 B1232 C0133 E0131 F0014 G0009 H0138 J0116 K0003 M0001 N0001 P0024,A00DC
633,Bokkenpootje,Meringue cake Bokkenpootje,A0695 A0821 B0001 C0241 E0105 F0023 G0005 H0151 H0158 H0177 H0355 J0001 K0003 M0001 N0001 P0024 R0001 Z0001,A00CN#F04.A02MK$F04.A034J$F28.A07HP
634,Koek kokos-,Coconut flavoured cookies,A0695 A0821 B1536 C0229 E0140 F0014 G0005 H0158 H0271 J0001 K0003 M0003 N0003 P0024,A00AE#F04.A009X$F04.A014K$F26.A07XE
635,Koekje krakeling,Biscuit Dutch Krakeling,A0695 A0821 B1312 C0208 E0147 F0014 G0005 H0272 H0749 J0001 K0003 M0001 N0001 P0024,A00AE#F04.A003X$F04.A032J$F04.A039C$F04.A042P$F28.A0 7HN
636,Koek muesli-,Biscuit muesli,A0695 A0821 B1047 C0229 E0140 F0014 G0005 H0158 H0177 H0271 J0001 K0003 M0001 N0003 P0024,A00AE#F04.A00EK
638,Worst cervelaat-,Salami sausage saveloy,A0714 A0798 B1105 C0268 E0151 F0014 G0003 H0138 H0172 H0227 H0253 J0116 K0003 M0001 N0001 P0024 Z0018,A024X#F26.A07XE
639,Spek ontbijt-,Bacon rasher streaky,A0714 A0794 B1136 C0268 E0151 F0001 G0001 H0253 J0108 K0003 M0001 N0001 P0024 Z0046,A022X
640,Worst lever-,Liver sausage,A0716 A0798 B1161 C0176 E0146 F0014 G0020 H0191 H0229 J0120 K0003 M0001 N0056 P0024,A025L
641,Bacon,Bacon,A0714 A0797 B1136 C0268 E0151 F0001 G0001 H0253 J0108 K0003 M0001 N0001 P0024 R0001 Z0046,A022X
642,Pate room-,Pate,A0714 A0797 B1161 C0268 E0119 F0014 G0001 H0146 H0148 H0151 H0154 H0158 H0184 H0307 H0349 H0367 J0001 K0003 M0001 N0001 P0024,A026R
643,Casselerrib gerookt/gekookt,Pork side cured and smoked,A0714 A0797 B1136 C0268 E0150 F0014 G0003 H0173 H0253 J0145 K0003 M0001 N0001 P0024,A023M
644,Koffie bereid,Coffee prepared,A0710 A0845 B1305 C0132 E0123 F0014 G0036 H0148 H0391 J0003 K0003 M0001 N0001 P0024 R0001 Z0001,A03KC
645,Thee bereid,Tea prepared,A0710 A0845 B1623 C0200 E0123 F0014 G0036 H0148 J0116 K0003 M0001 N0001 P0024,A03LC
650,Kool rode m appeltjes diepvries gekookt,Cabbage red w apple pieces frozen boiled,A0705 A0825 B2072 C0151 E0152 F0014 G0015 H0147 H0241 J0003 K0003 M0001 N0001 P0024,A03XX#F04.A00GA$F04.A01DJ$F26.A07XE$F28.A07GL$F28.A 07KQ
651,Spinazie a la creme diepvries gekookt,Spinach creamed frozen boiled,A0705 A0825 B1420 C0200 E0152 F0014 G0015 G0042 H0241 H0296 J0001 K0003 M0001 N0001 P0024,A03XY#F04.A00MJ$F04.A02ML$F04.A042P$F28.A07GL$F28. A07KQ
653,Ontbijtproduct Rice Krispies Kellogg's,Breakfast cereal Rice Krispies Kellogg's,A0692 A0816 B1322 C0208 E0140 F0014 G0003 H0158 H0181 H0281 H0309 H0310 H0311 H0367 H0754 J0001 K0003 M0148 N0036 P0024,A00DR#F09.A0EXD$F09.A0EXM$F09.A0EXP$F09.A0EXQ$F09. A0EXS$F09.A0EXV$F09.A0EXX$F09.A0EXY
654,Kaas huttenkase,Cheese cottage,A0720 A0784 B1201 C0245 E0134 F0018 G0003 H0101 H0184 H0367 J0131 J0135 K0003 M0001 N0001 P0024 R0355 Z0183,A02QG
655,Beschuit volkoren/meergranen,Crispbakes Dutch wholemeal/multigrain,A0691 A0818 B1312 C0133 E0147 F0014 G0010 H0136 H0152 H0186 H0256 H0259 H0337 H0367 H0753 J0003 K0003 M0001 N0001 P0024,A006P
657,Yoghurtdrank,Yoghurt drink,A0721 A0783 B1201 C0235 E0130 F0022 G0003 H0101 H0117 H0150 H0158 H0297 H0306 H0325 H0362 J0131 J0135 K0003 M0001 N0001 P0024 R0001 Z0001,A02NQ
658,Rijst witte gekookt,Rice white boiled,A0696 A0814 B1322 C0208 E0150 F0014 G0014 H0138 J0001 K0003 M0001 N0001 P0024 P0078,A003D#F28.A07GL
659,Pasta witte gem gekookt,Pasta white av boiled,A0694 A0815 B1312 C0208 E0140 F0014 G0015 G0016 H0259 J0116 K0003 M0001 N0001 P0024 P0078 R0001 Z0001,A007E#F04.A007J$F04.A007M$F04.A007P$F28.A07GL
660,Bonen bruine blik/glas,Beans brown canned,A0704 A0831 B1999 C0133 E0150 F0014 G0003 H0138 H0259 J0116 J0123 K0017 M0194 N0001 P0024 R0001 Z0288,A01BB
664,Sap grapefruit-,Juice grapefruit,A0708 A0841 B1507 C0140 E0123 F0018 G0003 H0001 J0131 J0135 K0003 M0001 N0001 P0024,A03AL
665,Banaan bak- rijp rauw,Plantain ripe raw,A0706 A0833 B1439 C0230 E0150 F0003 G0003 H0003 J0001 K0003 M0001 N0001 P0024 Z0052,A01LE
667,Cassave rauw,Cassava raw,A0706 A0829 B1352 C0240 E0150 F0003 G0003 H0003 J0001 K0003 M0001 N0001 P0024,A00ZZ#F28.A07HS
668,Taro rauw,Taro raw,A0705 A0829 B1636 C0240 E0150 F0003 G0003 H0003 J0001 K0003 M0001 N0001 P0024,A010B#F28.A07HS
669,Yam rauw,Yam raw,A0706 A0829 B1181 C0240 E0150 F0003 G0003 H0003 J0001 K0003 M0001 N0001 P0024 R0001 Z0001,A010D#F28.A07HS
670,Pomtajer rauw,Tannia raw,A0706 A0829 B1499 C0240 E0150 F0003 G0003 H0003 J0001 K0003 M0001 N0001 P0024,A010A#F28.A07HS
671,Aardappel zoete rauw,Potato sweet raw,A0706 A0829 B1106 C0240 E0150 F0003 G0003 H0003 J0001 K0003 M0001 N0001 P0024 R0001 Z0001,A010C#F28.A07HS
672,Agoemawiwiri rauw,Black nightshade raw,A0705 A0825 B1566 C0200 E0150 F0003 G0003 H0003 J0001 K0003 M0001 N0001 P0024 R0001 Z0001,A00NL
673,Amsoi rauw,Mustard leaves raw,A0705 A0825 B1566 C0200 E0150 F0003 G0003 H0003 J0001 K0003 M0001 N0001 P0024 R0001 Z0001,A00GH
674,Antroewa rauw,Antroewa raw,A0705 A0825 B1458 C0230 E0150 F0003 G0003 H0003 J0001 K0003 M0001 N0001 P0024 R0001 Z0001,A0DMG
675,Dagoeblad rauw,Dagoe leaf raw,A0705 A0825 B1566 C0200 E0150 F0003 G0003 H0001 J0001 K0003 M0001 N0001 P0024,A00NA
676,Kaisoi rauw,Kaisoi raw,A0705 A0825 B1566 C0200 E0150 F0003 G0003 H0003 J0001 K0003 M0001 N0001 P0024,A00LZ
677,Klaroen rauw,Amaranth leaves raw,A0705 A0825 B1566 C0200 E0150 F0003 G0003 H0003 J0003 K0003 M0003 N0003 P0024,A00ML
679,Kousenband rauw,Beans long yard Kousenband raw,A0705 A0825 B1724 C0262 E0150 F0003 G0003 H0003 J0003 K0003 M0003 N0001 P0024,A00PF
680,Okra rauw,Okra raw,A0705 A0826 B1241 C0169 E0150 F0003 G0003 H0003 J0001 K0003 M0001 N0001 P0024,A00JF
681,Poeng rauw,Bottlegourd poeng,A0705 A0826 B1720 C0137 E0150 F0003 G0003 H0003 J0003 K0003 M0003 N0003 P0024 R0489,A00KL
682,Pompoen rauw,Pumpkin raw,A0705 A0825 B1456 C0229 E0150 F0003 G0003 H0003 J0001 K0003 M0001 N0001 P0024,A00KH
683,Sopropo rauw,Bitter gourd pods raw,A0705 A0826 B1719 C0140 E0150 F0003 G0003 H0003 J0001 K0003 M0001 N0001 P0024,A00JY
684,Tajerblad rauw,Tannia leaves raw,A0705 A0825 B1636 C0200 E0150 F0003 G0003 H0003 J0001 K0003 M0001 N0001 P0024,A00NT
685,Bonen black eyed gedroogd,Beans black eyed dried,A0704 A0831 B1200 C0133 E0150 F0003 G0003 H0003 J0116 K0003 M0001 N0001 P0024 R0001 Z0001,A013N
686,Erwten split- gele/groene gedroogd,Peas split yellow/green dried,A0704 A0831 B1338 C0134 E0150 F0003 G0003 H0138 J0116 K0003 M0001 N0001 P0024 Z0271 Z0273 Z0280 Z0282,A013J
689,Avocado,Avocado,A0707 A0833 B1470 C0229 E0150 F0003 G0003 H0003 J0001 K0003 M0001 N0001 P0024 R0001 Z0001,A01LB
690,Guave (met roze vruchtvlees),Guava (pink fleshed),A0707 A0833 B1333 C0139 E0150 F0003 G0003 H0003 J0001 K0003 M0001 N0001 P0024,A0CGD
691,Limoen,Lime,A0707 A0833 B1067 C0229 E0150 F0003 G0003 H0003 J0003 K0003 M0003 N0003 P0024,A01CA
692,Mango,Mango,A0707 A0833 B1270 C0229 E0150 F0003 G0003 H0003 J0001 K0003 M0001 N0001 P0024,A01LF
693,Papaja,Papaya,A0707 A0833 B1249 C0229 E0150 F0003 G0003 H0003 J0001 K0003 M0001 N0001 P0024,A01LG
694,Tamarinde,Tamarind,A0707 A0833 B1695 C0229 E0150 F0003 G0003 H0003 J0001 K0003 M0001 N0001 P0024,A019J
695,Meel cassave-,Flour cassava,A0693 A0813 B1352 C0240 E0106 F0001 G0003 H0138 J0116 K0003 M0001 N0001 P0024,A18PR
696,Meel mais-,Flour corn,A0693 A0813 B1232 C0155 E0106 F0001 G0003 H0138 J0116 K0003 M0001 N0001 P0024,A0C0Z#F26.A07XD
697,Bojo cassavetaart Surinaams,Cassava cake Bojo Surinam,A0695 A0829 B1352 C0238 E0147 F0014 G0003 H0100 H0158 H0184 H0186 H0271 H0340 H0364 H0367 J0001 K0003 M0003 N0003 P0024,A00AP#F04.A00ZZ$F04.A014K$F04.A01ME$F04.A02LZ$F04.A 032B$F04.A032J$F04.A039C$F04.A039E$F04.A03DL
698,Rundvlees gezouten rauw Surinaams,Beef salted raw Surinam,A0714 A0794 B1201 C0266 E0152 F0003 G0003 H0367 J0103 K0003 M0001 N0001 P0024 Z0047,A023B#F26.A07XE
699,Rundvlees gezouten gedroogd Surinaams,Beef salted dried Surinam,A0714 A0794 B1201 C0266 E0152 F0003 G0003 H0138 H0367 J0103 J0116 K0003 M0001 N0001 P0024 Z0047,A023B#F26.A07XE$F28.A07KE
702,Garnalen gezouten gedroogd,Shrimps salted dried,A0717 A0801 B1237 C0173 E0151 F0014 G0014 H0138 H0173 J0103 J0116 K0003 M0001 N0001 P0024,A0FDD#F10.A0CJK$F27.A02GB
703,Bakkeljauw (gedroogde gezouten kabeljauw),Cod dried salted,A0717 A0801 B1423 C0125 E0150 F0003 G0003 H0138 H0173 J0116 K0003 M0001 N0001 P0024 R0001 Z0001,A02JS#F10.A0CJK
704,Garnalenpasta trassie,Shrimp paste trassie,A0717 A0803 B1237 C0103 E0147 F0014 G0001 H0367 J0104 K0003 M0001 N0001 P0024,A0FDD
712,Rijst zilvervlies- rauw,Rice brown raw,A0696 A0814 B1322 C0133 E0150 F0003 G0003 H0138 J0001 K0003 M0001 N0001 P0024,A001E#F28.A07HS
713,Wafel stroop- gem,Waffle syrup av,A0695 A0821 B1312 C0208 E0147 F0022 G0005 H0158 H0221 H0229 H0280 J0001 K0003 M0001 N0001 P0024,A00CQ#F04.A00CQ
714,Kaas blauwschimmel Roquefort,Cheese Roquefort,A0720 A0784 B2610 C0245 E0151 F0001 G0003 H0253 H0331 J0104 J0131 J0151 K0003 M0001 N0001 P0024 R0355 Z0196,A030C
716,Kaas Saint Paulin/Port Salut,Cheese Saint Paulin/Port Salut,A0720 A0784 B1201 C0245 E0144 F0022 G0003 H0253 H0328 J0104 J0131 J0151 K0003 M0001 N0001 P0024 R0355 Z0185,A02XJ
717,Chocolade melk- m hazelnoten,Chocolate milk w hazelnuts,A0699 A0839 B1318 C0134 E0147 F0014 G0003 H0158 H0177 H0184 H0231 J0001 K0003 M0001 N0003 P0024,A034Q#F04.A014L$F04.A034J
718,Kaas Parmezaanse,Cheese Parmesan,A0720 A0784 B1201 C0245 E0100 F0001 G0003 H0253 H0328 J0104 J0131 J0151 K0003 M0001 N0001 P0024 R0355 Z0185,A02ZH
719,Kaas room- zachte Mon Chou,Cheese cream soft Mon Chou,A0720 A0784 B1201 C0245 E0119 F0018 G0003 H0101 J0104 J0131 J0151 K0003 M0001 N0001 P0024 R0355 Z0196,A02QZ
721,Kaas Limburgse,Cheese Limburger,A0720 A0784 B1201 C0245 E0151 F0001 G0003 H0150 H0253 H0328 J0104 J0131 J0151 K0018 M0001 N0001 P0024 R0315 Z0185,A02RM
722,Kaas Gruyere,Cheese Gruyere,A0720 A0784 B1201 C0245 E0151 F0001 G0003 H0150 H0253 H0328 J0104 J0131 J0151 K0003 M0001 N0001 P0024 R0355 Z0196,A02YP
724,Kaas Emmentaler,Cheese Emmenthaler,A0720 A0784 B1201 C0245 E0151 F0001 G0003 H0150 H0253 H0328 J0104 J0131 J0151 K0003 M0001 N0001 P0024 R0355 Z0196,A02YM
725,Kaas Cheddar,Cheese Cheddar,A0720 A0784 B1201 C0245 E0151 F0001 G0003 H0150 H0253 H0328 H0367 J0104 J0131 J0151 K0003 M0001 N0001 P0024 R0355 Z0196,A02YK
726,Kaas blauwschimmel Bluefort,Cheese Bluefort,A0720 A0784 B1201 C0245 E0151 F0001 G0003 H0253 H0331 J0104 J0131 J0151 K0003 M0001 N0001 P0024 R0355 Z0196,A030B#F26.A07XE
727,Bonbon m likeur,Chocolate w liqueur,A0699 A0839 B1318 C0134 E0147 F0014 G0003 H0158 H0231 H0332 H0355 J0001 K0003 M0001 N0003 P0024 R0001 Z0001,A034S#F04.A01NV$F04.A032J$F04.A034J$F04.A03NS
728,Kaas room- zachte Boursin,Cheese cream soft Boursin,A0720 A0784 B1201 C0245 E0119 F0018 G0003 H0101 H0151 J0104 J0131 J0151 K0003 M0001 N0001 P0024 R0355 Z0196,A02QZ
729,Halvanaise,Mayonnaise low fat 40% oil,A0722 A0859 B1017 C0307 E0135 F0003 G0003 H0247 J0131 K0003 M0001 N0003 P0024,A044Y#F07.A074F
736,Pudding vanille-,Blancmange vanilla,A0719 A0778 B1201 C0235 E0119 F0022 G0012 H0158 H0279 J0120 J0131 K0003 M0001 N0001 P0024,A02PY#F04.A002R$F04.A02LZ$F04.A032B$F04.A032J
737,Aardappelpuree instant- gem bereid,Potatoes mashed instant prepared average,A0706 A0829 B1218 C0240 E0136 F0014 G0015 H0169 H0184 H0221 J0001 K0003 M0001 N0001 P0024 R0355 Z0001,A0C6J#F04.A0C6J
747,Mineraalwater m en z koolzuur gem,Mineral water sparkling and not sparkling av,A0709 A0842 B1288 C0005 E0123 F0003 G0003 H0001 J0001 K0003 M0194 N0001 P0024 R0001 Z0001,A03DQ
749,Vlaaivulling blik,Flan filling tinned,A0707 A0834 B1140 C0167 E0134 F0014 G0013 H0148 H0158 J0120 K0003 M0204 N0041 P0024,A01QP#F04.A002R$F04.A01DJ$F04.A01EA$F04.A01EE$F04.A 01FN$F04.A01FP$F04.A01GK$F04.A032J$F04.A03DL
750,Marshmallows,Marshmallows,A0698 A0835 B1012 C0157 E0105 F0014 G0014 H0165 H0365 J0001 K0003 M0003 N0003 P0024,A035H
751,Drop Engelse,Liquorice allsorts,A0698 A0838 B2048 C0174 E0147 F0014 G0003 H0150 H0158 H0340 H0380 J0003 K0003 M0001 N0001 P0024,A035J
752,Winegum/fruitgom,Wine gum/ fruit gum,A0698 A0838 B1012 C0271 E0147 F0014 G0003 H0117 H0150 H0165 J0003 K0003 M0001 N0001 P0024,A035L
757,Soep heldere m soepgroente en vermicelli,Soup clear w vegetables and noodles,A0722 A0865 B1579 C0148 E0110 F0014 G0014 H0212 H0227 H0367 J0003 K0003 M0003 N0003 P0024,A0BZ9#F04.A007P$F04.A00FR$F04.A00JA$F04.A00PG$F04.A 00QH$F04.A00SB$F04.A00XA$F04.A00YE$F04.A03DL$F04.A0 43F
758,Soep heldere m vlees (rund/kip),Soup clear w meat (beef/chicken),A0722 A0865 B1201 C0268 E0149 F0014 G0014 H0148 H0191 H0229 H0367 J0001 K0003 M0003 N0003 P0024,A0BZA#F04.A01QX$F04.A01SP$F04.A03DL$F04.A043F
759,Soep heldere m soepgroente,Soup clear w vegetables,A0722 A0865 B1579 C0148 E0149 F0014 G0014 H0212 H0227 H0367 J0003 K0003 M0003 N0003 P0024,A0BZ9#F04.A00FR$F04.A00JA$F04.A00PG$F04.A00QH$F04.A 00SB$F04.A00XA$F04.A00YE$F04.A03DL$F04.A043F
760,Soep heldere m vlees (rund/kip) en vermicelli,Soup clear w meat (beef/chicken) and noodles,A0722 A0865 B1201 C0268 E0149 F0014 G0014 H0148 H0191 H0229 H0319 H0367 J0001 K0003 M0003 N0003 P0024,A0BZA#F04.A007P$F04.A01QX$F04.A01SP$F04.A03DL$F04.A 043F
761,Soep heldere m vlees (rund/kip) en soepgroente,Soup clear w meat (beef/chicken) and vegetables,A0722 A0865 B1201 C0103 E0110 F0014 G0014 H0171 H0191 H0212 H0227 H0367 J0003 K0003 M0003 N0003 P0024,A0BZC#F04.A00FR$F04.A00HR$F04.A00JA$F04.A00PG$F04.A 00QH$F04.A00SB$F04.A00XA$F04.A00YE$F04.A01QX$F04.A0 1SP$F04.A03DL$F04.A043F
762,"Soep heldere m vlees (rund/kip), soepgroente en vermicelli",Soup clear w meat (beef/chicken) vegetables and noodles,A0722 A0865 B1201 C0103 E0149 F0014 G0014 H0171 H0191 H0212 H0227 H0367 J0003 K0003 M0003 N0003 P0024,A0BZC#F04.A007P$F04.A00FR$F04.A00JA$F04.A00PG$F04.A 00QH$F04.A00SB$F04.A00XA$F04.A00YE$F04.A01QX$F04.A0 1SP$F04.A03DL$F04.A043F
763,Soep gebonden m soepgroente,Soup thickened w vegetables,A0722 A0865 B1579 C0148 E0149 F0014 G0014 H0212 H0227 H0319 H0367 J0003 K0003 M0003 N0003 P0024,A0BZ9#F04.A003X$F04.A039E$F04.A0BZ9
764,Soep gebonden m vlees (rund/kip),Soup thickened w meat (beef/chicken),A0722 A0865 B1201 C0268 E0149 F0014 G0014 H0148 H0191 H0229 H0319 H0367 J0001 K0003 M0003 N0003 P0024,A0BZA#F04.A003X$F04.A039E$F04.A0BZA
765,Soep maaltijd- m peulvruchten z vlees,Soup main course w legumes wo meat,A0722 A0865 B1156 C0158 E0130 F0014 G0014 H0148 H0212 H0227 H0272 H0367 J0003 K0003 M0003 N0003 P0024,A041Q#F04.A00HC$F04.A00QJ$F04.A00SB$F04.A00XA$F04.A 012T$F04.A013J$F04.A039E$F04.A03DL$F04.A043F
766,Soep maaltijd- m peulvruchten en vlees,Soup main course w legumes and meat,A0722 A0865 B1156 C0158 E0149 F0014 G0014 H0148 H0191 H0212 H0227 H0272 H0367 K0003 M0003 N0003 P0024,A041Q#F04.A00HC$F04.A00QJ$F04.A00SB$F04.A00XA$F04.A 012T$F04.A013J$F04.A01RG$F04.A022X$F04.A039E$F04.A03 DL$F04.A043F
767,Mousse chocolade- huishoudelijk bereid,Mousse chocolate home-made,A0699 A0864 B1318 C0134 E0119 F0018 G0003 H0186 H0296 H0365 H0749 J0131 K0001 M0001 N0001 P0024,A02PV#F04.A032B$F04.A032J$F04.A034J$F22.A07SS$F26.A0 7XE
782,Worst thee-,Sausage spiced and smoked,A0714 A0798 B1105 C0268 E0147 F0014 G0012 H0191 H0229 H0263 J0120 K0003 M0001 N0036 P0024,A024S
783,Worst paling-,Sausage w smoked bacon-bits,A0714 A0798 B1105 C0268 E0151 F0001 G0003 H0191 H0227 H0253 J0131 K0003 M0001 N0001 P0024,A025N#F04.A01RG$F04.A022X$F26.A07XE
784,Ham achter-,Ham lean boiled,A0714 A0797 B1136 C0268 E0150 F0014 G0003 H0173 H0253 J0145 K0003 M0001 N0001 P0024,A023K#F10.A077C
785,Ham schouder-,Ham shoulder medium fat boiled,A0714 A0797 B1136 C0268 E0150 F0014 G0003 H0173 H0253 J0145 K0003 M0001 N0001 P0024,A023K#F10.A077B
787,Ragout m vlees,Ragout w meat all types,A0722 A0799 B1161 C0125 E0104 F0014 G0013 H0148 H0184 H0272 H0319 H0367 J0001 K0003 M0003 N0003 P0024,A03VV#F04.A003X$F04.A01QY$F04.A01SP$F04.A02LZ$F04.A 039J$F04.A03DL$F04.A042P
788,Goulash,Goulash,A0714 A0799 B1161 C0268 E0110 F0014 G0026 H0117 H0191 H0242 H0349 H0350 H0367 J0120 K0003 M0003 N0003 P0024,A03VX#F04.A00HC$F04.A00JA$F04.A00ZF$F04.A019L$F04.A0 1QX$F04.A01RG$F04.A022X$F04.A02NB$F04.A02NG$F04.A0 39J$F04.A03DL$F04.A042P$F04.A043F$F04.A044P$F26.A07X E
789,Koek boter-,Cake butter Dutch Boterkoek,A0695 A0821 B1312 C0208 E0147 F0014 G0005 H0184 H0271 J0001 K0003 M0003 N0003 P0024,A00BV#F04.A003X$F04.A02LZ$F04.A032B$F04.A032K$F04.A 039C$F04.A042R
790,Amandelspijs m ei,Almond paste w egg,A0703 A0823 B1539 C0155 E0147 F0003 G0003 H0158 H0186 H0362 J0001 K0003 M0003 N0003 P0024 R0001 Z0001,A036B#F04.A014F$F04.A031G$F04.A032J$F04.A03AH
791,Soep heldere m vermicelli,Soup clear w noodles,A0722 A0865 B1312 C0148 E0149 F0014 G0014 H0227 H0367 J0003 K0003 M0003 N0003 P0024,A041Y#F04.A007P$F04.A03DL$F04.A043F
792,Soep gebonden m vlees (rund/kip) en soepgroente,Soup thickened w meat (beef/chicken) and vegetables,A0722 A0865 B1201 C0103 E0110 F0014 G0014 H0171 H0191 H0212 H0227 H0319 H0367 J0003 K0003 M0003 N0003 P0024,A0BZC#F04.A003X$F04.A039E$F04.A0BZC
796,Worst incl leverproducten gem,Sausage incl liver products av,A0714 A0798 B1161 C0268 E0147 F0014 G0012 H0227 H0253 J0001 K0001 M0001 N0001 P0024,A024F#F04.A024D$F04.A024G$F04.A024S$F04.A024X$F04.A 025C$F04.A025L$F04.A025N$F04.A025S$F04.A025Y$F04.A02 6R$F04.A026S$F26.A07XD
797,Soep op groentebasis bereid pakje,Soup vegetable based dried packet prep,A0722 A0865 B1347 C0170 E0138 F0014 G0013 H0138 H0148 H0212 H0367 J0001 K0003 M0001 N0001 P0026 R0001 Z0112,A0BZ9#F04.A03DL$F04.A0B9J$F28.A07MR
798,Soep op vleesbasis bereid pakje,Soup meat based dried packet prepared,A0722 A0865 B1297 C0170 E0138 F0014 G0013 H0138 H0148 H0367 J0001 K0003 M0001 N0001 P0026 R0001 Z0112,A0BZA#F04.A03DL$F04.A0B9J$F28.A07MR
799,Soep op peulvruchtenbasis bereid pakje,Soup legume based dried packet prepared,A0722 A0865 B1156 C0170 E0138 F0014 G0013 H0138 H0148 H0212 H0367 J0001 K0003 M0001 N0001 P0026 R0001 Z0112,A041Q#F04.A03DL$F04.A0B9J$F28.A07MR
800,Soep op groentebasis kant-en-klaar blik/zak/pak,Soup vegetable based ready-to-eat,A0722 A0865 B1347 C0170 E0138 F0014 G0013 H0148 H0212 H0367 J0001 K0003 M0001 N0001 P0026 R0001 Z0112,A0BZ9#F22.A07SH
801,Soep op vleesbasis kant-en-klaar blik/zak/pak,Soup meat based ready-to-eat,A0722 A0865 B1297 C0170 E0138 F0014 G0013 H0148 H0367 J0001 K0003 M0001 N0001 P0026 R0001 Z0112,A0BZA#F22.A07SH
802,Soep op peulvruchtenbasis kant-en-klaar blik/zak/pak,Soup legume based ready-to-eat,A0722 A0865 B1156 C0170 E0138 F0014 G0013 H0148 H0212 H0367 J0001 K0003 M0001 N0001 P0026 R0001 Z0112,A041Q#F22.A07SH
804,Kaas schapen- vers,Cheese sheep fresh,A0720 A0786 B1183 C0245 E0134 F0018 G0003 H0101 H0184 J0104 J0131 J0151 K0003 M0001 N0001 P0024 R0355 Z0185,A02QF#F27.A02MC
805,Kruidenbitter Jagermeister,Jagermeister herb liquor,A0713 A0850 B1347 C0174 E0130 F0003 G0003 H0136 H0232 H0270 J0001 K0003 M0278 N0040 P0024,A03NV
807,Spread fruit- m zoetstof,Fruit spread w sweetener,A0707 A0837 B1140 C0167 E0119 F0014 G0003 H0145 J0135 K0003 M0001 N0001 P0024 P0091 P0129,A01MM#F08.A046M
809,Santen kokoscreme vast,Santen creamed coconut block,A0703 A0824 B1536 C0208 E0119 F0001 G0001 H0138 J0116 K0003 M0001 N0001 P0024,A0F0M#F26.A07XE$F27.A014K
810,Filet americain,Beef steak tartare spiced filet americain,A0714 A0793 B1161 C0268 E0136 F0003 G0003 H0003 H0227 H0367 J0001 K0003 M0001 N0001 P0024 Z0018,A026K#F04.A01QX$F04.A045K$F04.A049S$F26.A07XE
811,Pasta volkoren rauw,Pasta wholemeal raw,A0694 A0815 B1079 C0133 E0140 F0003 G0003 H0138 J0116 K0003 M0001 N0001 P0024 R0001 Z0001,A04LC#F28.A07HS
812,Room zure,Cream sour,A0721 A0782 B1201 C0195 E0119 F0022 G0003 H0101 J0120 K0003 M0001 N0001 P0024,A02NB
813,Schol rauw,Plaice raw,A0717 A0801 B2570 C0268 E0150 F0003 G0003 H0003 J0001 K0003 M0001 N0001 P0024 Z0056,A02BC#F26.A07XD
814,Vissticks gebakken in zonnebloemolie,Fish fingers fried in sunflower oil,A0717 A0801 B1023 C0268 E0147 F0014 G0026 H0188 H0319 J0136 K0003 M0001 N0001 P0024,A02KC#F04.A02KC$F04.A037D$F28.A07GR
815,Vissticks onbereid,Fish fingers unprepared,A0717 A0801 B1023 C0268 E0147 F0003 G0003 H0188 H0319 J0136 K0003 M0001 N0001 P0024,A02KC#F04.A007A$F04.A026V$F04.A036N
817,Schol gebakken,Plaice fried,A0717 A0801 B2570 C0268 E0150 F0014 G0026 H0003 J0001 K0003 M0001 N0001 P0024 Z0056,A02BC#F26.A07XD$F28.A07GR
818,Lekkerbekje gefrituurd in plantaardige olie,White fish fillet in batter deep-fried in vegetable oil,A0717 A0804 B1441 C0268 E0131 F0014 G0029 H0188 J0001 K0003 M0003 N0003 P0024,A026V#F04.A036N$F26.A07XD$F28.A07GV$F28.A07HL
819,Kabeljauw gekookt,Cod boiled,A0717 A0801 B1423 C0268 E0150 F0014 G0015 H0003 J0001 K0003 M0001 N0001 P0024 P0078 Z0056,A02BV#F26.A07XD$F28.A07GL
820,Kabeljauw rauw,Cod raw,A0717 A0801 B1423 C0268 E0150 F0003 G0003 H0003 J0001 K0003 M0001 N0001 P0024,A02BV#F26.A07XD
822,Bokking bak- gebakken,Bloater fried,A0717 A0802 B1414 C0268 E0150 F0022 G0029 H0173 J0103 J0106 K0003 M0001 N0001 P0024 R0001 Z0001,A02KG#F04.A003X$F04.A02KG$F04.A036N$F28.A07GR
823,Peper zwarte/witte,Pepper black/white,A0705 A0857 B2255 C0230 E0106 F0003 G0003 H0138 J0141 K0003 M0001 N0001 P0024,A018Z#F04.A019B$F04.A019C
824,Mosterd,Mustard,A0722 A0853 B2069 C0155 E0119 F0018 G0003 H0119 H0148 H0200 J0135 K0003 M0215 N0040 P0024,A044G#F26.A07XD
825,Nootmuskaat,Nutmeg powder,A0705 A0857 B1214 C0132 E0106 F0003 G0003 H0138 J0117 K0003 M0001 N0001 P0024,A018J
826,Kaneel,Cinnamon,A0722 A0857 B1472 C0264 E0106 F0003 G0003 H0138 J0170 K0003 M0003 N0003 P0024,A019V
827,Komijnzaad gedroogd,Cumin seed dried,A0705 A0857 B1274 C0155 E0117 F0003 G0003 H0138 J0116 K0003 M0001 N0001 P0024,A018E#F28.A07KE
828,Kruidnagel,Cloves,A0705 A0857 B1255 C0237 E0150 F0003 G0003 H0138 J0141 K0003 M0001 N0001 P0024,A01AL
829,Bieslook vers,Chives fresh,A0705 A0857 B1294 C0144 E0150 F0003 G0003 H0003 J0001 K0003 M0001 N0001 P0024 R0001 Z0001,A00XD
830,Knoflook rauw,Garlic raw,A0705 A0857 B1233 C0290 E0150 F0003 G0003 H0003 J0001 K0003 M0001 N0001 P0024,A00GZ
831,Kervel vers,Chervil fresh,A0705 A0857 B1444 C0200 E0150 F0003 G0003 H0003 J0003 K0003 M0001 N0001 P0024,A00XB
832,Gemberwortel,Ginger root,A0707 A0857 B1265 C0240 E0150 F0003 G0003 H0003 J0001 K0003 M0001 N0001 P0024 R0001 Z0001,A01AB
833,Appelcarre,Apple strudel,A0695 A0821 B1312 C0208 E0147 F0014 G0005 H0122 H0147 H0148 H0151 H0158 H0221 H0320 H0364 H0367 J0001 K0003 M0003 N0003 P0024 R0001 Z0001,A00CF#F04.A002R$F04.A003X$F04.A019V$F04.A01DJ$F04.A 01ME$F04.A01NH$F04.A032J$F04.A039E$F04.A03DL$F04.A0 42R
835,Taart kwark-,Cheesecake made w quark,A0695 A0821 B1312 C0135 E0147 F0023 G0005 H0143 H0146 H0147 H0148 H0158 H0271 H0272 H0296 J0003 K0003 M0003 N0003 P0024,A00AS
836,Koekje zand-,Shortbread,A0695 A0821 B1312 C0208 E0147 F0014 G0005 H0158 H0221 J0003 K0003 M0003 N0003 P0024,A009X#F04.A003X$F04.A032K$F04.A039E$F04.A042R
838,Sesamzaad z schil,Sesame seeds wo hull,A0703 A0823 B1226 C0132 E0150 F0001 G0003 H0138 J0116 K0003 M0001 N0001 P0024,A015K#F20.A07QQ
839,Bonen soja- gedroogd,Beans soya dried,A0704 A0831 B1452 C0133 E0150 F0003 G0003 H0003 J0116 K0003 M0001 N0001 P0024 R0001 Z0001,A012S#F26.A07XE
841,Zout m toegevoegd jodium,Salt fortified w iodine,A0722 A0856 B1655 C0005 E0143 F0003 G0003 H0138 H0189 J0116 K0003 M0001 N0001 P0024 R0001 Z0001,A042R#F09.A0EXA
842,Bouillonpoeder,Stock powder,A0722 A0856 B1347 C0170 E0106 F0001 G0003 H0117 H0138 H0173 J0100 K0003 M0001 N0001 P0024 R0001 Z0001,A043F#F26.A07XD
843,Broodje worsten- diepvries bereid in oven,Snack sausage roll w bread dough frozen prepared in oven,A0695 A0817 B1312 C0208 E0147 F0014 G0005 H0191 H0271 J0136 J0151 K0003 M0003 N0003 P0024,A005K#F04.A04AC$F28.A07GX$F28.A07KQ
844,Dressing naturel z olie,Salad dressing natural wo oil,A0700 A0859 B1217 C0005 E0135 F0003 G0003 H0003 J0100 K0003 M0001 N0003 P0024,A045L#F10.A077D
845,Candybar Twix,Candybar Twix,A0699 A0839 B1012 C0108 E0147 F0014 G0003 H0157 H0158 H0184 H0263 H0281 H0319 H0555 J0001 K0003 M0001 N0003 P0024 Z0112,A034R#F04.A0EQD$F28.A07HP
847,Gierst rauw,Millet raw,A0696 A0814 B1285 C0155 E0150 F0003 G0003 H0138 J0116 K0003 M0001 N0001 P0024,A001B#F28.A07HS
848,Grapefruit op siroop blik/glas,Grapefruit in syrup canned,A0707 A0834 B1507 C0229 E0133 F0014 G0003 H0136 J0123 K0023 M0194 N0001 P0024,A01NN#F06.A06XY$F26.A07XE$F27.A01CY
849,Venkel rauw,Fennel raw,A0705 A0825 B1262 C0238 E0150 F0003 G0003 H0003 J0003 K0003 M0001 N0001 P0024,A00SA
850,Groente zoetzuur atjar tjampoer glas,Vegetables mixed pickled Atjar tjampoer glass,A0705 A0825 B1057 C0144 E0152 F0014 G0003 H0151 H0158 H0190 H0200 J0001 K0010 M0001 N0001 P0024,A00ZJ#F04.A00GC$F04.A00HC$F04.A00JA$F04.A00QH$F04.A 032J$F04.A03DL$F04.A042P$F04.A044L$F27.A00GC
851,Paprika zoetzuur glas,Sweet pepper pickled glass,A0705 A0825 B1250 C0139 E0152 F0014 G0003 H0151 H0158 H0190 H0200 J0001 K0010 M0001 N0001 P0024,A00ZJ#F06.A06YC$F27.A00JA
852,Salade selderij- lunch/borrel,Salad celeriac,A0722 A0866 B1729 C0308 E0134 F0023 G0015 H0185 H0200 H0221 H0229 H0367 J0001 K0001 M0001 N0001 P0024,A042D#F04.A00QJ$F04.A02NG$F04.A031S$F04.A032J$F04.A 037A$F04.A037D$F04.A03DL$F04.A042P$F04.A044G$F04.A0 44L
853,Gado gado z rijst en z ei,Gado gado wo rice and wo egg,A0705 A0828 B1347 C0174 E0134 F0014 G0028 H0117 H0212 J0120 K0003 M0003 N0003 P0024,A03XX#F04.A00GB$F04.A00GG$F04.A00JM$F04.A00PD$F04. A00QA$F04.A00SR$F04.A043V$F26.A07XE
854,Taart vruchten- v biscuitdeeg m slagroom,Gateau fatless sponge w fruit & cream,A0695 A0821 B1312 C0208 E0147 F0014 G0005 H0146 H0147 H0148 H0158 H0177 H0186 H0296 H0367 J0003 K0003 M0003 N0003 P0024,A00BA#F04.A00AQ$F04.A014F$F04.A01NS$F04.A01NV$F04. A01PB$F04.A02ML$F04.A032J$F04.A03AP$F04.A03DL$F04.A 0DRF
855,Speculaas gevulde,Biscuit spiced Speculaas w almond paste,A0695 A0821 B1312 C0208 E0147 F0014 G0005 H0117 H0158 H0272 H0361 H0362 J0001 K0003 M0001 N0001 P0024,A00AD#F04.A003X$F04.A003Y$F04.A014F$F04.A02LZ$F04.A 032B$F04.A032N$F04.A036B$F04.A039E$F04.A042R$F26.A0 7XE
856,Rosti onbereid,Rosti unprepared,A0706 A0830 B1218 C0240 E0107 F0003 G0003 H0001 J0001 K0003 M0001 N0001 P0024,A011M#F28.A07HS
857,Madeira,Madeira,A0712 A0849 B1329 C0140 E0123 F0001 G0003 H0232 H0253 H0332 J0001 K0003 M0130 N0040 P0024,A03NK
858,Juspoeder,Gravy instant powder,A0722 A0853 B0001 C0001 E0143 F0001 G0001 H0117 H0138 J0116 K0003 M0001 N0003 P0024,A043T
859,Aroma vloeibaar,Seasoning flavoured liquid,A0722 A0853 B1179 C0005 E0123 F0001 G0001 H0100 H0148 H0151 H0367 J0001 K0003 M0130 N0040 P0024,A0C0T#F03.A06JL
860,Aroma strooi-,Seasoning flavoured powder,A0722 A0825 B1179 C0144 E0106 F0001 G0003 H0100 H0138 H0157 H0315 H0349 H0367 J0116 K0003 M0001 N0003 P0024,A042Y
861,Sap bieten-,Juice beetroot,A0708 A0841 B1309 C0306 E0109 F0018 G0003 H0001 J0131 J0135 K0003 M0001 N0001 P0024,A03CM
862,Milkshake m vers fruit,Milkshake w fresh fruit,A0721 A0779 B1201 C0235 E0135 F0003 G0003 H0136 H0297 J0131 K0003 M0001 N0001 P0024,A02QD#F04.A01EA$F04.A01LC$F04.A02LZ$F04.A02QA$F04.A 032K$F04.A03AH
863,Yoghurt vruchten- volle,Yoghurt full fat w fruit,A0721 A0783 B1201 C0235 E0103 F0018 G0003 H0101 H0117 H0147 H0150 H0158 H0306 H0324 J0131 J0135 K0003 M0001 N0001 P0024 R0001 Z0001,A02NH#F04.A01NN$F04.A02NG$F04.A032J$F10.A077A
865,Sate kip- m saus bereid,Satay chicken w peanut sauce prepared,A0715 A0799 B1457 C0268 E0108 F0014 G0037 H0148 H0151 H0158 H0212 H0257 H0367 J0001 K0003 M0003 N0003 P0024,A03VV#F04.A01SP$F04.A043V$F26.A07XE
866,Fruitgom pectine gesuikerd,Sweets fruit pectinbased,A0698 A0838 B1370 C0108 E0147 F0014 G0003 H0117 H0145 H0150 H0158 J0120 J0146 K0003 M0001 N0001 P0024,A0EQP#F26.A07XE
867,Lijnzaad,Linseeds,A0705 A0823 B1047 C0132 E0150 F0001 G0003 H0001 J0003 K0003 M0001 N0001 P0024,A015G
869,Meel soja-,Flour soya,A0693 A0831 B1452 C0134 E0106 F0001 G0003 H0138 J0116 K0003 M0003 N0003 P0024,A18SV#F10.A077A
870,Drink soja- z suiker,Drink soya wo sugar,A0709 A0788 B1452 C0158 E0123 F0001 G0003 H0148 J0001 K0003 M0001 N0001 P0024 P0199,A03TJ#F10.A077K
871,Sojapasta miso,Miso soya paste,A0722 A0856 B1452 C0158 E0119 F0014 G0001 H0148 H0321 H0332 H0367 J0001 K0001 M0001 N0001 P0024,A042Y#F03.A06JF$F04.A012F$F26.A07XE$F28.A0CQZ
872,Zonnebloempitten,Sunflower seeds,A0703 A0823 B1547 C0132 E0150 F0001 G0003 H0001 J0003 K0003 M0001 N0001 P0024 R0001 Z0001,A015L
873,Biscuit meergranen- Liga Evergreen krenten,Biscuit w currants Liga Evergreen,A0695 A0821 B1312 C0208 E0140 F0014 G0005 H0158 H0181 H0216 H0229 H0263 H0280 H0364 H0367 H0423 H0456 H0555 J0001 K0003 M0128 N0036 P0024,A00AE#F04.A01MA$F09.A0EXD$F09.A0EXH$F09.A0EXS
875,Appel m schil gem,Apple w skin av,A0707 A0833 B1245 C0139 E0150 F0003 G0003 H0003 J0001 K0003 M0001 N0001 P0024 R0001 Z0001,A01DJ#F04.A01DJ$F20.A07QQ
876,Pinda's gezouten,Peanuts salted,A0703 A0823 B1337 C0132 E0150 F0014 G0005 H0367 J0001 K0003 M0001 N0001 P0024,A015H#F10.A0CJK
878,Croissants uit blik afgebakken,Croissants canned baked,A0691 A0821 B1312 C0208 E0147 F0014 G0005 H0152 H0184 H0221 H0256 H0753 J0003 K0003 M0198 N0001 P0024,A00BM#F28.A0BYP
879,Boter gezouten,Butter salted,A0702 A0809 B1201 C0179 E0119 F0018 G0003 H0367 J0131 J0135 K0003 M0173 N0001 P0024 R0001 Z0001 Z0200,A039C#F10.A0CJK
880,Smeltjus onbereid pakje,Fat for gravy unprepared Smeltjus,A0701 A0807 B1017 C0190 E0119 F0014 G0003 H0117 H0138 H0148 H0174 H0221 H0306 H0367 J0001 K0003 M0159 N0001 P0024 R0001 Z0200,A043Z#F28.A07KF
882,Kaas Kernhemmer 60+,Cheese Kernhem 60+,A0720 A0784 B1201 C0245 E0144 F0001 G0003 H0253 H0328 J0104 J0131 J0151 K0003 M0001 N0001 P0024 R0315 Z0196,A02SV
883,Kaas Old Amsterdam 48+,Cheese Old Amsterdam 48+,A0720 A0784 B1201 C0245 E0151 F0001 G0003 H0150 H0253 H0328 J0104 J0131 J0151 K0003 M0001 N0001 P0024 R0315 Z0196,A02VA
884,Paprika rode rauw,Sweet pepper red raw,A0705 A0825 B2630 C0139 E0150 F0003 G0003 H0003 J0001 K0003 M0001 N0001 P0024,A00JA
885,Paprika rode gekookt,Sweet pepper red boiled,A0705 A0825 B2630 C0139 E0151 F0014 G0015 H0001 J0001 K0003 M0001 N0001 P0024 P0078,A00JA#F28.A07GL
893,Sate varkens- m saus bereid,Satay pork w peanut sauce prepared,A0714 A0799 B1136 C0268 E0108 F0014 G0037 H0148 H0151 H0158 H0212 H0257 H0367 J0001 K0003 M0003 N0003 P0024,A03VV#F04.A01RG$F04.A03DL$F04.A043V$F26.A07XE
898,Pasteibakje roomboter-,Vol -au-vent shell made w butter,A0695 A0821 B1312 C0208 E0105 F0014 G0005 H0148 H0271 H0367 J0001 K0003 M0003 N0003 P0024,A00CC#F04.A039C$F26.A07XE
899,Pasteibakje z roomboter,Vol -au-vent shell wo butter,A0695 A0821 B1312 C0208 E0105 F0014 G0005 H0148 H0272 H0367 J0001 K0003 M0003 N0003 P0024,A00CC#F26.A07XE
901,Broodje worsten-,Snack sausage roll w bread dough pastry,A0691 A0817 B1312 C0208 E0147 F0014 G0005 H0191 H0271 J0151 K0003 M0003 N0003 P0024,A005K#F04.A04AC
908,Soepballetjes blik,Forcemeat balls for soup canned,A0714 A0793 B1161 C0268 E0105 F0014 G0001 H0152 H0186 H0229 H0367 J0176 K0001 M0204 N0041 P0024,A03XG#F28.A0BYP
912,Pudding frambozen- m rode bessensaus,Blancmange raspberry w red currant sauce,A0719 A0778 B1201 C0235 E0146 F0023 G0012 H0158 H0165 H0279 H0296 H0362 H0367 J0151 K0045 M0001 N0001 P0024,A02PY#F04.A01EN$F04.A02LV$F04.A046G
917,Kwark vruchten- halfvolle,Quark half fat w fruit,A0719 A0783 B1201 C0245 E0144 F0018 G0003 H0147 H0158 H0247 H0253 H0328 J0131 J0135 K0003 M0001 N0001 P0024 Z0183,A02QK#F04.A02PY$F04.A032J$F04.A04RK$F10.A077G
918,Schol gekookt,Plaice boiled,A0717 A0801 B2570 C0268 E0150 F0014 G0015 H0003 J0001 K0003 M0001 N0001 P0024 Z0056,A02BC#F26.A07XD$F28.A07GL
919,Koolvis (Atlantisch) gekookt,Pollock (Atlantic) boiled,A0717 A0801 B1440 C0268 E0150 F0014 G0015 H0003 J0001 K0003 M0001 N0001 P0024,A02CE#F26.A07XD$F28.A07GL
920,Broccoli gekookt,Broccoli boiled,A0705 A0825 B1443 C0144 E0151 F0014 G0015 H0001 J0001 K0003 M0001 N0001 P0024 P0078 R0001 Z0001,A00FN#F28.A07GL
921,Broccoli rauw,Broccoli raw,A0705 A0825 B1443 C0144 E0150 F0003 G0003 H0003 J0001 K0003 M0001 N0001 P0024 R0001 Z0001,A00FN
922,Courgette rauw,Courgettes raw,A0705 A0825 B1462 C0140 E0150 F0003 G0003 H0003 J0001 K0003 M0001 N0001 P0024,A00JR
923,Sap peren-,Juice pear,A0708 A0841 B1344 C0140 E0123 F0018 G0003 H0001 J0131 J0135 K0003 M0001 N0001 P0024,A03AC
925,Koek ontbijt- volkoren,Cake Dutch spiced Ontbijtkoek wholemeal,A0695 A0821 B1313 C0135 E0140 F0014 G0005 H0136 H0151 H0751 J0001 K0003 M0001 N0001 P0024,A00CS
927,Kaas 20+ natriumarm,Cheese 20+ low sodium,A0720 A0784 B1201 C0245 E0151 F0001 G0003 H0150 H0247 H0253 H0328 J0104 J0131 J0151 K0003 M0001 N0001 P0024 P0077 R0315 Z0186,A02SV#F10.A0CQE
928,Kaas 40+ natriumarm,Cheese 40+ low sodium,A0720 A0784 B1201 C0245 E0151 F0001 G0003 H0150 H0247 H0253 H0328 J0104 J0131 J0151 K0003 M0001 N0001 P0024 P0077 P0131 R0315 Z0185,A02SV#F10.A0CQE
929,Chocolade melk- suikervrij,Chocolate milk sugar-free,A0699 A0839 B1318 C0134 E0147 F0014 G0003 H0184 H0231 J0001 K0003 M0001 N0003 P0024 P0090,A034J#F08.A046M
930,Wijn pleegzusterbloed-,Wine medicinal pleegzusterbloedwijn,A0712 A0849 B1329 C0140 E0123 F0003 G0003 H0232 H0253 J0104 K0003 M0001 N0001 P0024,A03MX#F09.A0EXD
931,Kwark vruchten- magere,Quark low fat w fruit,A0719 A0783 B1201 C0245 E0144 F0018 G0003 H0147 H0158 H0247 H0253 H0328 J0131 J0135 K0003 M0001 N0001 P0024 Z0181,A02QK#F04.A02QK$F04.A046G$F10.A077H$F10.A077J
938,Pudding griesmeel- m rode bessensaus,Blancmange semolina w red currant sauce,A0719 A0778 B1201 C0235 E0119 F0022 G0012 H0136 H0147 H0319 J0131 K0045 M0001 N0001 P0024,A02PY#F04.A004F$F04.A02LV$F04.A046G
940,Pudding vanille- m aardbeiensaus,Blancmange vanilla w strawberry sauce,A0719 A0778 B1201 C0235 E0119 F0022 G0012 H0158 H0279 J0120 J0131 K0045 M0001 N0001 P0024,A02PY#F04.A02LV$F04.A046G$F04.A06VS
943,Bitterbal bereid in oven,Croquette Dutch Bitterbal prepared in oven,A0714 A0868 B1201 C0103 E0151 F0014 G0029 H0152 H0188 H0272 H0349 J0001 K0003 M0001 N0001 P0024 R0001 Z0001,A040C#F04.A01QV$F04.A0F1N$F26.A07XE$F28.A07GX$F28. A07HK
944,Kroket vlees- bereid in oven,Croquette meat ragout prepared in oven,A0714 A0793 B1201 C0103 E0151 F0014 G0004 H0152 H0188 H0272 H0349 J0001 K0003 M0001 N0001 P0024,A040C#F04.A01QV$F04.A0F1N$F26.A07XE$F28.A07GX$F28. A07HK
948,Rosti bereid z vet,Rosti prepared wo fat,A0706 A0830 B1218 C0240 E0100 F0014 G0027 H0191 H0349 J0001 K0003 M0001 N0001 P0024,A011M#F28.A0BA1
950,Gist vers,Yeast fresh,A0695 A0854 B1345 C0247 E0001 F0003 G0003 H0003 J0001 K0003 M0173 N0039 P0024,A049A
951,Bonen sperzie- gekookt,Beans French boiled,A0705 A0825 B1371 C0262 E0133 F0014 G0015 H0001 J0001 K0003 M0001 N0001 P0024 P0038 R0001 Z0280,A00PG#F28.A07GL
952,Kool boeren- diepvries gekookt,Kale curly frozen boiled,A0705 A0825 B1281 C0200 E0152 F0014 G0015 H0241 J0003 K0003 M0001 N0001 P0024 P0078,A00GM#F28.A07GL$F28.A07KQ
953,Doperwten diepvries gekookt,Peas frozen boiled,A0705 A0825 B1338 C0133 E0150 F0014 G0015 H0001 J0136 K0003 M0001 N0001 P0024 P0078,A012J#F28.A07GL$F28.A07KQ
954,Bonen sperzie- diepvries gekookt,Beans French frozen boiled,A0705 A0825 B1371 C0262 E0133 F0014 G0015 H0001 J0132 K0003 M0001 N0001 P0024 P0078 R0001 Z0280,A00PG#F28.A07GL$F28.A07KQ
957,Asperge witte gekookt,Asparagus white boiled,A0705 A0825 B1415 C0186 E0151 F0014 G0015 H0001 J0001 K0003 M0001 N0001 P0024 P0078 R0001 Z0001,A00RT#F28.A07GL
958,Biet rode gekookt,Beetroot boiled,A0705 A0825 B1309 C0240 E0151 F0014 G0015 H0001 J0001 K0003 M0001 N0001 P0024 P0078 R0001 Z0001,A00QG#F28.A07GL
959,Kool boeren- rauw,Kale curly raw,A0705 A0825 B1281 C0200 E0150 F0003 G0003 H0003 J0001 K0003 M0001 N0001 P0024,A00GM
960,Schorseneren gekookt,Salsify boiled,A0705 A0825 B1551 C0240 E0151 F0014 G0015 H0001 J0001 K0003 M0001 N0001 P0024 P0078,A00RC#F28.A07GL
961,Bonen snij- gekookt,Beans runner boiled,A0705 A0825 B2009 C0262 E0152 F0014 G0015 H0001 J0001 K0003 M0001 N0001 P0024 P0078 R0001 Z0280,A00PD#F28.A07GL
962,Bonen tuin- gekookt,Beans broad boiled,A0705 A0825 B1367 C0133 E0150 F0014 G0015 H0001 J0001 K0003 M0001 N0001 P0024 P0038 R0001 Z0001,A012A#F28.A07GL
963,Doperwten gekookt,Peas fresh boiled,A0705 A0825 B1338 C0133 E0150 F0014 G0015 H0001 J0001 K0003 M0001 N0001 P0024 P0078,A012J#F28.A07GL
964,Peultjes gekookt,Mange-tout boiled,A0705 A0825 B1371 C0262 E0133 F0014 G0015 H0001 J0001 K0003 M0001 N0001 P0024 P0038,A00QA#F28.A07GL
966,Courgette gekookt,Courgettes boiled,A0705 A0825 B1462 C0140 E0150 F0014 G0015 H0003 J0001 K0003 M0001 N0001 P0024 P0078,A00JR#F28.A07GL
967,Venkel gekookt,Fennel boiled,A0705 A0825 B1262 C0238 E0133 F0014 G0015 H0003 J0003 K0003 M0001 N0001 P0024 P0078,A00SA#F28.A07GL
969,Kapucijners gekookt,Peas marrowfat boiled,A0704 A0831 B1338 C0136 E0150 F0014 G0015 H0259 J0003 K0003 M0001 N0001 P0024 P0078,A013K#F04.A013K$F04.A03DL$F28.A07GL
970,Linzen groene en bruine gekookt,Lentils green and brown boiled,A0704 A0831 B1268 C0133 E0150 F0014 G0014 G0015 H0138 H0259 J0116 K0003 M0001 N0001 P0024 P0078 Z0280 Z0288,A013Q#F04.A013Q$F04.A03DL$F28.A07GL
971,Bonen soja- gekookt,Beans soya boiled,A0704 A0831 B1452 C0133 E0150 F0014 G0015 H0259 J0116 K0003 M0001 N0001 P0024 P0078 R0001 Z0001,A012S#F26.A07XE$F28.A07GL
972,Erwten groene gekookt,Peas green boiled,A0704 A0831 B1338 C0133 E0150 F0014 G0016 H0138 H0259 J0116 K0003 M0001 N0001 P0024,A013J#F04.A013J$F04.A03DL$F28.A07GL
975,Knackebrod sesam,Crispbread sesame,A0695 A0817 B1312 C0208 E0147 F0022 G0005 H0152 H0256 H0333 H0753 J0003 K0003 M0001 N0001 P0024,A006D#F04.A003Y$F04.A004B$F04.A015K$F26.A07XE
976,Knackebrod lichtgewicht,Crispbread lightweight,A0695 A0817 B1312 C0208 E0147 F0022 G0005 H0152 H0256 H0753 J0003 K0003 M0001 N0001 P0024,A006B
980,Sportvoeding reep Isostar Energy Bar,Sports food energy bar Isostar,A0723 A0871 B0001,A00FA#F09.A0EXL$F09.A0EXN$F09.A0EXS$F09.A0EXV$F09.A 0EXX$F09.A0EXY
982,Aardappelen z schil gekookt gem,Potatoes wo skin boiled av,A0706 A0829 B1218 C0240 E0150 F0014 G0015 H0003 J0001 K0003 M0001 N0001 P0024 P0037 P0078 R0355 Z0001,A00ZT#F04.A00ZT$F20.A07QF$F28.A07GL
995,Soep op groentebasis natriumarm bereid,Soup vegetable based low sodium prepared,A0722 A0865 B1347 C0170 E0138 F0014 G0013 H0138 H0148 H0212 H0227 J0001 K0003 M0001 N0001 P0026 P0153 R0001 Z0112,A0BZ9#F10.A0CQE
1007,Granaatappel,Pomegranate,A0707 A0833 B1162 C0229 E0150 F0003 G0003 H0003 J0001 K0003 M0001 N0001 P0024,A01LH
1008,Toetje m room,Dairy dessert w cream,A0721 A0864 B1201 C0235 E0147 F0023 G0001 H0227 H0279 H0281 H0296 J0001 K0003 M0129 N0036 P0024,A02PY#F03.A0CEE$F04.A02ML
1010,Vijgen vers,Figs fresh,A0707 A0833 B1302 C0140 E0150 F0003 G0003 H0003 J0001 K0003 M0001 N0001 P0024,A01HG
1011,Roggebrood volkoren natriumarm,Rye bread wholemeal low sodium,A0691 A0819 B1313 C0133 E0147 F0014 G0005 H0152 H0259 J0003 K0003 M0001 N0001 P0024 P0077 R0001 Z0001,A005H#F10.A0CQE
1013,Paneermeel,Bread crumbs,A0696 A0820 B1324 C0114 E0117 F0014 G0005 H0003 J0116 K0001 M0003 N0001 P0024,A007A
1014,Rijst zilvervlies- gekookt,Rice brown boiled,A0696 A0814 B1322 C0133 E0150 F0014 G0015 H0138 J0001 K0003 M0001 N0001 P0024 P0078,A001E#F28.A07GL
1015,Tarwe gebroken bulgur rauw,Bulgur wheat raw,A0696 A0814 B1312 C0133 E0100 F0001 G0003 H0138 J0116 K0003 M0001 N0001 P0024,A004G#F28.A07HS
1017,Tarweroggebrood volkoren,Wheat rye bread wholemeal,A0691 A0818 B1312 C0133 E0147 F0014 G0005 H0152 H0221 H0256 H0259 H0337 H0753 J0003 K0003 M0001 N0001 P0024,A005P#F04.A005E$F04.A005M$F09.A0EXA
1018,Vlokken rogge-,Rye flakes,A0696 A0814 B1313 C0155 E0147 F0014 G0003 H0138 H0274 J0116 K0003 M0001 N0001 P0024,A00DV
1019,Grutten boekweit-,Buckwheat groats,A0696 A0814 B1405 C0133 E0122 F0003 G0003 H0138 J0116 K0003 M0001 N0001 P0024,A002H
1020,Meel bak- zelfrijzend,Flour wheat self-raising,A0693 A0813 B1312 C0208 E0106 F0001 G0003 H0751 J0001 K0003 M0001 N0001 P0024,A003Y#F04.A048Q
1021,Artisjok rauw,Artichoke raw,A0705 A0825 B1466 C0162 E0150 F0003 G0003 H0003 J0001 K0003 M0001 N0001 P0024 R0001 Z0001,A00RS
1022,Beschuit natriumarm,Cripsbakes Dutch low sodium,A0691 A0818 B1312 C0208 E0147 F0014 G0010 H0152 H0256 H0259 H0753 J0003 K0003 M0001 N0001 P0024 P0077 P0156,A006N#F10.A0CQE
1023,Bloem rijste- verrijkt m vit B1,Flour rice fortified w vit B1,A0693 A0813 B1322 C0208 E0106 F0001 G0003 H0138 J0116 K0003 M0001 N0001 P0024 R0001 Z0001,A003F#F09.A0EXY
1025,Gist gedroogd,Yeast dried,A0695 A0854 B1345 C0247 E0136 F0001 G0003 H0138 J0116 K0003 M0173 N0039 P0024,A049A#F28.A07KG
1056,Kiwi groene,Kiwi fruit green,A0707 A0833 B1664 C0138 E0150 F0003 G0003 H0003 J0001 K0003 M0001 N0001 P0024 Z0271 Z0288,A0DRF
1057,Kaki / Sharonvrucht,Kaki / Sharon fruit,A0707 A0833 B1024 C0140 E0150 F0003 G0003 H0003 J0003 K0003 M0003 N0003 P0024,A01HQ
1065,Glucosepoeder,Preparation glucose powder,A0697 A0835 B1347 C0222 E0106 F0001 G0003 H0138 J0116 K0003 M0001 N0001 P0024,A032V
1067,Orisel-Junior p 100 ml Nutricia,Preparation ORS Orisel-Junior p 100 ml Nutricia,A0723 A0871 B0001,A03SH
1068,Orisel p 100 ml Nutricia,Preparation ORS Orisel p 100 ml Nutricia,A0723 A0871 B0001,A03SH
1074,Passievrucht,Passion fruit,A0707 A0833 B1634 C0230 E0150 F0003 G0003 H0003 J0001 K0003 M0001 N0001 P0024,A01KC
1076,Kefir,Kefir,A0148 A0721 A0783 B1201 C0235 E0130 F0018 G0003 H0107 J0131 J0135 K0003 M0001 N0001 P0024 Z0188,A02NV
1087,Sla mol- rauw,Dandelion leaves raw,A0705 A0825 B1428 C0200 E0150 F0003 G0003 H0003 J0001 K0003 M0001 N0001 P0024,A00MD
1090,Lychee,Lychees,A0707 A0833 B1212 C0229 E0150 F0003 G0003 H0003 J0001 K0003 M0001 N0001 P0024,A01JV
1094,Pate/smeerworst vegetarisch obv voedingsgist,Pate vegetarian based on nutritional yeast,A0722 A0800 B1345 C0247 E0119 F0001 G0001 H0148 H0151 H0263 H0367 J0001 K0003 M0001 N0001 P0024 P0199,A03TE#F26.A07XE$F27.A048Z
1095,Erwten kikker- gekookt,Peas chick boiled,A0704 A0831 B1172 C0133 E0150 F0014 G0015 G0016 H0003 H0259 J0001 K0003 M0001 N0001 P0024 P0078,A013M#F28.A07GL
1096,Zalm gerookt,Salmon smoked,A0717 A0801 B2250 C0268 E0131 F0014 G0004 H0003 J0001 K0003 M0001 N0001 P0024 R0001 Z0001,A02KF
1097,Kaviaar,Caviar,A0717 A0801 B1897 C0194 E0150 F0003 G0003 H0001 J0001 K0003 M0204 N0042 P0024,A02FA
1098,Inktvis rauw,Squid raw,A0717 A0801 B1205 C0103 E0150 F0003 G0003 H0003 J0001 K0003 M0001 N0001 P0024,A02HZ#F26.A07XD
1099,Kumquat,Kumquat,A0707 A0833 B1530 C0140 E0150 F0003 G0003 H0003 J0003 K0003 M0003 N0003 P0024,A0DRT
1100,Haring in (zoet)zuur,Herring pickled (sweet)sour,A0717 A0801 B1414 C0268 E0122 F0003 G0003 H0190 J0149 K0003 M0001 N0001 P0024,A0F0P#F27.A02DE
1101,Slakken wijngaard-,Snails,A0717 A0802 B1455 C0125 E0150 F0003 G0003 H0003 J0001 K0003 M0001 N0001 P0024,A02LN
1104,Kaas rook- 45+,Cheese smoked 45+,A0720 A0784 B1201 C0245 E0144 F0022 G0003 H0253 H0297 H0328 H0370 J0120 K0003 M0001 N0001 P0024 R0355 Z0185,A031B#F28.A07JV
1105,Meloen water-,Melon water,A0707 A0833 B1391 C0229 E0150 F0003 G0003 H0003 J0001 K0003 M0001 N0001 P0024 R0001 Z0052,A00KJ
1106,Meloen suiker-,Melon honeydew,A0707 A0833 B1582 C0229 E0150 F0003 G0003 H0003 J0001 K0003 M0001 N0001 P0024 R0001 Z0052,A00KF
1108,Kaas Rambol,Cheese Rambol,A0720 A0787 B1201 C0245 E0119 F0018 G0003 H0130 H0177 H0253 H0328 J0104 J0131 J0151 K0003 M0001 N0001 P0024 R0355 Z0196,A031D#F04.A014R$F04.A031C
1109,Kaas smeer- 60+ Kiri,Cheese spread 60+ Kiri,A0720 A0787 B1201 C0245 E0119 F0018 G0003 H0130 H0253 H0328 J0131 J0135 K0003 M0001 N0001 P0024 Z0196,A031C
1110,Kaas Stilton,Cheese Stilton,A0720 A0784 B1201 C0245 E0151 F0001 G0003 H0253 H0331 J0104 J0131 J0151 K0003 M0001 N0001 P0024 R0355 Z0196,A030M
1111,Kaas Camembert 30+,Cheese Camembert 30+,A0720 A0784 B1201 C0245 E0119 F0001 G0003 H0247 H0253 H0327 H0330 J0104 J0131 J0151 K0003 M0001 N0001 P0024 R0355 Z0186,A02RX
1112,Kaas rauwmelkse 48+,Cheese raw milk 48+,A0720 A0784 B1201 C0245 E0151 F0001 G0003 H0247 H0253 H0317 H0328 J0104 J0131 J0151 K0003 M0001 N0001 P0024 R0315 Z0196,A02SV#F26.A07XD$F28.A07HS
1113,Kaas 48+ natriumarm,Cheese 48+ low sodium,A0720 A0784 B1201 C0245 E0151 F0001 G0003 H0150 H0247 H0253 H0328 J0104 J0131 J0151 K0003 M0001 N0001 P0024 P0077 P0156 R0315 Z0184,A02SV#F10.A0CQE
1116,Meloen op siroop blik/glas,Melon in syrup canned,A0707 A0834 B1283 C0229 E0152 F0014 G0003 H0136 J0123 K0023 M0194 N0001 P0024,A01NN#F06.A06XY
1119,Doperwten extra fijn natriumarm blik/glas,Peas extra fine low sodium tinned,A0705 A0825 B1338 C0133 E0150 F0014 G0015 H0236 J0123 K0017 M0194 N0001 P0024,A01BC#F10.A0CQE
1127,Sap citroen- vers,Juice lemon fresh,A0708 A0842 B1275 C0230 E0114 F0003 G0003 H0003 J0001 K0003 M0001 N0001 P0024,A03AH
1132,Sap tomatengroenten-,Juice tomato/vegetable,A0705 A0827 B1276 C0140 E0109 F0018 G0003 H0212 J0120 J0131 J0135 K0003 M0001 N0001 P0024,A03CX
1133,Champignon natriumarm blik/glas,Mushroom low sodium tinned,A0705 A0825 B1467 C0296 E0151 F0014 G0003 H0001 J0123 K0017 M0194 N0001 P0024 P0077,A00TZ#F10.A0CQE$F27.A00TQ
1134,Kruidenbitter Berenburg,Berenburg herb liquor,A0713 A0850 B1179 C0237 E0123 F0003 G0003 H0148 H0158 H0227 J0001 K0003 M0278 N0040 P0024 R0001 Z0170,A03NV
1136,Andijvie diepvries onbereid,Endive frozen unprepared,A0705 A0825 B1314 C0200 E0152 F0018 G0042 H0001 J0136 K0003 M0001 N0001 P0024 R0001 Z0001,A00LE#F28.A07KQ
1139,Doperwten m wortelen diepvries onbereid,Peas and carrots frozen unprepared,A0705 A0825 B1613 C0174 E0150 F0018 G0003 H0001 J0136 K0003 M0001 N0001 P0024 P0078,A16GB#F04.A012J$F04.A00QH$F28.A07KQ
1141,Groentemix Mexico Melange diepvries onbereid,Vegetable mixed Mexico frozen unprepared,A0705 A0825 B1057 C0148 E0152 F0001 G0003 H0001 J0136 K0003 M0001 N0001 P0024,A012J#F04.A00JA$F04.A00KP$F28.A07KQ
1143,Bonen snij- diepvries onbereid,Beans runner frozen unprepared,A0705 A0825 B2009 C0262 E0150 F0018 G0003 H0003 J0132 K0003 M0001 N0001 P0024 R0001 Z0280,A00PD#F28.A07KQ
1144,Groente soep- diepvries onbereid,Vegetables mixture for soup frozen unprepared,A0705 A0825 B1057 C0144 E0152 F0003 G0003 H0003 J0136 K0003 M0001 N0001 P0024,A16GB#F26.A07XD$F28.A07KQ
1146,Spinazie gesneden diepvries onbereid,Spinach cut frozen unprepared,A0705 A0825 B1420 C0200 E0152 F0018 G0042 H0001 J0136 K0003 M0001 N0001 P0024,A00MJ#F28.A07KQ
1147,Spruitjes diepvries gekookt,Brussel sprouts frozen boiled,A0705 A0825 B1611 C0151 E0150 F0014 G0015 G0042 H0241 J0001 K0003 M0001 N0001 P0024,A00FV#F28.A07GL$F28.A07KQ
1148,Bonen tuin- diepvries onbereid,Beans broad frozen unprepared,A0705 A0825 B1367 C0133 E0150 F0018 G0003 H0003 J0132 K0003 M0001 N0001 P0024 R0001 Z0001,A012A#F28.A07KQ
1150,Aardappelschijfjes/-partjes ed diepvries onbereid,Potatoes slices/parts frozen unprepared,A0706 A0829 B1218 C0240 E0107 F0018 G0012 H0003 J0001 K0003 M0001 N0001 P0024 P0078 R0355 Z0001,A011Q#F04.A00ZX$F04.A037D$F28.A07HS$F28.A07KQ
1151,Vleeswaren >30 g vet gem,Processed meat products >30 g fat av,A0714 A0797 B1105 C0268 E0153 F0001 G0001 H0001 J0001 K0003 M0003 N0003 P0024,A04ND#F04.A024S$F04.A024X$F04.A025N$F04.A025S$F04.A 026R$F10.A0CRE$F26.A07XD
1152,Worst salami,Sausage salami,A0714 A0798 B1105 C0268 E0151 F0014 G0003 H0172 H0227 H0253 J0116 K0003 M0001 N0001 P0024 R0001 Z0001 Z0018,A024X
1155,Gehakt gebraden (vleeswaar),Meatloaf (processed meat product),A0714 A0793 B1161 C0268 E0137 F0022 G0025 H0151 H0367 J0001 K0003 M0001 N0001 P0024,A023H#F26.A07XE$F28.A07KY
1156,Sap tomatengroenten- natriumarm,Juice tomato/vegetable low sodium,A0705 A0827 B1276 C0140 E0109 F0018 G0003 H0212 H0236 J0120 J0131 J0135 K0003 M0001 N0001 P0024,A03CX#F10.A0CQE
1157,Augurk zoetzuur natriumarm,Gherkins sweet pickled low sodium,A0705 A0825 B1404 C0140 E0150 F0014 G0003 H0151 H0158 H0190 H0200 J0001 K0029 M0001 N0001 P0024 P0077 P0156 R0001 Z0001,A00ZJ#F06.A06YF$F10.A0CQE$F27.A00JP
1158,Ui zilver- zoetzuur natriumarm glas,Onion silver-skin sweet pickled low sodium glass,A0705 A0827 B1300 C0240 E0150 F0014 G0003 H0151 H0158 H0190 H0200 J0001 K0010 M0001 N0001 P0024 P0077,A00ZJ#F06.A06YF$F10.A0CQE$F27.A00HD
1159,Ui zilver- zoetzuur z suiker glas,Onion silverskin sweet pickled wo sugar glass,A0705 A0827 B1300 C0240 E0150 F0014 G0003 H0151 H0190 H0200 H0202 J0001 K0029 M0001 N0001 P0024,A00ZJ#F06.A06YD$F10.A077K$F27.A00HD
1160,Augurk zoetzuur z suiker,Gherkins pickled wo sugar,A0705 A0825 B1404 C0140 E0150 F0014 G0003 H0151 H0190 H0200 H0202 J0001 K0029 M0001 N0001 P0024 P0091 R0001 Z0001,A00ZJ#F06.A06YD$F08.A046M$F10.A077K$F27.A00JP
1161,Komkommerschijven zoetzuur glas,Cucumber sliced pickled glass,A0705 A0825 B1404 C0165 E0152 F0014 G0003 H0151 H0158 H0190 H0200 J0001 K0010 M0001 N0001 P0024,A00ZJ#F06.A06YC$F27.A00JM
1162,Worst gekookte,Sausage cooked,A0714 A0798 B1161 C0268 E0147 F0001 G0003 H0227 H0253 J0001 K0001 M0001 N0001 P0024,A025N#F04.A01RG$F26.A07XE
1171,Vleeswaren 20-30 g vet gem,Processed meat products 20-30 g fat av,A0714 A0797 B1105 C0268 E0153 F0001 G0001 H0001 J0001 K0003 M0003 N0003 P0024,A04ND#F04.A022X$F04.A023H$F04.A024D$F04.A025C$F04. A025L$F04.A025N$F04.A025Z$F04.A026R$F10.A077B$F26.A 07XD
1172,Vleeswaren 10-20 g vet gem,Processed meat products 10-20 g fat av,A0714 A0797 B1105 C0268 E0153 F0001 G0001 H0001 J0001 K0003 M0003 N0003 P0024,A04ND#F04.A022X$F04.A024D$F04.A024X$F04.A025N$F04. A025Y$F04.A026B$F04.A026K$F04.A0B9G$F10.A077B$F26.A 07XD
1182,Appelmoes z suiker blik/glas,Apple sauce wo sugar tinned,A0707 A0834 B1245 C0229 E0135 F0014 G0003 H0003 J0123 K0003 M0194 N0001 P0024 P0091 R0001 Z0001,A01PF#F04.A01DJ$F04.A03DL$F10.A077K$F28.A0BYP
1187,Bamboespruiten blik/glas,Bamboo shoots tinned,A0705 A0825 B1271 C0186 E0151 F0014 G0003 H0003 J0123 K0003 M0194 N0001 P0024 Z0001,A0ETQ#F26.A07XE$F27.A00RV
1211,Vleeswaren <10 g vet gem,Processed meat products <10 g fat av,A0714 A0797 B1105 C0268 E0153 F0001 G0001 H0001 J0001 K0003 M0003 N0003 P0024,A04ND#F04.A01QX$F04.A022R$F04.A022T$F04.A023C$F04. A023H$F04.A023K$F04.A023M$F04.A023P$F04.A023T$F04.A 023X$F04.A024G$F04.A026B$F04.A026K$F10.A077C$F26.A0 7XD
1212,Zout mineraal- natriumarm LoSalt,Salt low sodium LoSalt,A0722 A0856 B1041 C0005 E0143 F0003 G0003 H0103 H0138 H0195 H0236 J0116 K0003 M0001 N0001 P0024 P0154 R0001 Z0001,A042Q
1213,Ketjap zout,Soy sauce salt Ketjap,A0722 A0858 B1452 C0155 E0123 F0014 G0003 H0102 H0227 H0319 H0367 J0001 K0003 M0130 N0040 P0024,A044R
1214,Ketjap zoet natriumarm,Soy sauce sweet low sodium Ketjap,A0722 A0858 B1452 C0155 E0123 F0014 G0003 H0102 H0158 H0227 H0319 J0001 K0003 M0130 N0040 P0077,A044R#F10.A0CQE
1215,Ketjap zoet,Soy sauce sweet Ketjap,A0722 A0858 B1452 C0155 E0123 F0014 G0003 H0102 H0158 H0227 H0319 J0001 K0003 M0130 N0040 P0024,A044R
1216,Smaakversterker mononatriumglutamaat Ve-tsin,Monosodium glutamate Ve-tsin,A0722 A0857 B3165,A048A
1220,Basilicum gedroogd,Basil dried,A0705 A0857 B1158 C0200 E0117 F0003 G0003 H0138 J0116 K0003 M0001 N0001 P0024 R0001 Z0001,A016Y
1221,Chilipoeder,Chilli powder,A0722 A0857 B1643 C0140 E0106 F0003 G0003 H0138 H0229 J0141 K0003 M0001 N0001 P0024,A019L#F04.A00JB
1223,Kerrie djawa,Curry powder djawa,A0722 A0857 B1179 C0174 E0106 F0001 G0003 H0138 H0151 J0116 K0003 M0215 N0040 P0024,A043A
1224,Kervel gedroogd,Chervil dried,A0705 A0857 B1444 C0200 E0100 F0003 G0003 H0138 J0116 K0003 M0001 N0001 P0024,A016T#F26.A07XE$F27.A00XB
1225,Peper cayenne- rood,Pepper red cayenne,A0705 A0857 B1250 C0140 E0106 F0003 G0003 H0138 J0141 K0003 M0001 N0001 P0024,A019K
1226,Majoraan gedroogd,Marjoram dried,A0722 A0857 B1097 C0200 E0100 F0003 G0003 H0138 J0116 K0003 M0001 N0001 P0024,A017G
1227,Mosterd natriumarm,Mustard low sodium,A0722 A0853 B2069 C0155 E0119 F0018 G0003 H0119 H0148 H0200 H0236 J0135 K0003 M0215 N0040 P0024,A044G#F10.A0CQE
1228,Oregano gedroogd,Oregano dried,A0705 A0857 B1542 C0200 E0117 F0003 G0003 H0138 J0141 K0003 M0001 N0001 P0024,A19EK
1229,Paprikapoeder,Paprika powder,A0705 A0857 B1250 C0229 E0106 F0003 G0003 H0138 J0117 K0003 M0001 N0001 P0024,A019L
1230,Peterselie gedroogd,Parsley dried,A0705 A0857 B1550 C0144 E0150 F0001 G0003 H0138 J0116 K0003 M0001 N0001 P0024,A016T#F26.A07XE$F27.A00YE
1231,Rozemarijn gedroogd,Rosemary dried,A0705 A0857 B1495 C0200 E0117 F0003 G0003 H0138 J0116 K0003 M0001 N0001 P0024,A017J
1232,Sambal oelek,Pepper red hot paste,A0705 A0853 B1250 C0140 E0134 F0014 G0003 H0367 J0151 K0003 M0210 N0040 P0024,A0EZD#F04.A00JB$F26.A07XE
1233,Sambal oelek natriumarm,Pepper red hot paste low sodium,A0705 A0853 B1250 C0140 E0134 F0014 G0003 H0236 H0367 J0151 K0003 M0210 N0040 P0024,A0EZD#F04.A00JB$F10.A0CQE$F26.A07XE
1234,Sambal gebakken,Pepper red hot fried paste,A0705 A0853 B1250 C0140 E0134 F0014 G0003 H0148 H0158 H0200 H0229 H0263 H0315 H0340 H0349 H0367 J0151 K0003 M0210 N0040 P0024,A0EZD#F04.A00JB$F26.A07XE$F28.A07GR
1235,Selderij blad- vers,Celery leaves fresh,A0705 A0857 B1282 C0200 E0150 F0003 G0003 H0003 J0003 K0003 M0003 N0003 P0024,A00XA
1236,Serehpoeder,Lemon grass powder,A0705 A0857 B2273 C0101 E0106 F0003 G0003 H0003 J0003 K0003 M0003 N0003 P0024,A00ZQ#F27.A00XR$F03.A06JD
1238,Worst lever- hausmacher,Liver sausage coarse hausmacher,A0716 A0798 B1161 C0176 E0146 F0014 G0020 H0191 H0229 J0120 K0003 M0001 N0056 P0024,A025L#F03.A06JE
1239,Worst smeerlever-,Liver pate sausage,A0716 A0798 B1161 C0176 E0146 F0014 G0020 H0191 H0229 J0120 K0003 M0001 N0001 P0024,A026R
1242,Vruchten op eigen sap blik/glas,Fruit in own juice tinned,A0707 A0834 B1140 C0167 E0150 F0001 G0003 H0001 J0120 K0011 M0182 M0210 N0001 P0024,A01NN#F06.A169N$F26.A07XD
1253,Knackebrod vezelrijk,Crispbread high fibre,A0695 A0817 B1312 C0208 E0147 F0022 G0005 H0152 H0256 H0333 H0753 J0003 K0003 M0001 N0001 P0024,A006B
1255,Makreel in water blik,Mackerel in water tinned,A0717 A0801 B1043 C0267 E0150 F0001 G0001 H0001 J0001 K0017 M0151 N0041 P0024,A0FBV#F06.A06XT
1256,Marsepein,Marzipan,A0698 A0838 B1272 C0155 E0147 F0003 G0003 H0158 J0001 K0003 M0001 N0001 P0024,A034Y#F04.A014F$F04.A031T$F04.A032J
1260,Mayonaiseproduct m yoghurt,Mayonnaise product w yoghurt,A0722 A0859 B1017 C0307 E0135 F0003 G0003 H0297 J0131 K0003 M0001 N0003 P0024,A044Y#F04.A02NG$F07.A073N
1261,Zuigelingenvoeding Nutrilon 1 p 100 ml,Infant formula Nutrilon 1 p 100 ml,A0723 A0873 B1201 C0113 E0123 F0014 G0003 H0138 H0141 H0148 H0159 H0163 H0194 H0301 J0116 K0003 M0001 N0001 P0263,A03QF
1278,Babyvoeding maaltijd 6 mnd,Infant food meal 6 months,A0722 A0861 B0001 C0001 E0135 F0014 G0037 H0306 J0110 K0003 M0210 N0001 P0078 P0091 P0097 P0100 P0108 P0191 R0001 Z0112,A03RC#F22.A07SH$F26.A07XD
1279,Kindervoeding maaltijd 15 mnd,Infant food meal 15 months,A0722 A0852 B0001 C0001 E0100 F0014 G0037 H0001 J0110 K0003 M0210 N0001 P0091 P0097 P0100 P0108 P0192 R0001 Z0112,A03RC#F22.A07SH$F26.A07XD
1280,Babyvoeding fruit 4 mnd,Infant food fruit 4 months,A0707 A0834 B1140 C0229 E0135 F0014 G0003 H0306 J0110 K0003 M0210 N0001 P0091 P0097 P0100 P0108 P0190 R0001 Z0112,A03RJ
1281,Babyvoeding groente 4 mnd,Infant food vegetables 4 months,A0705 A0825 B1579 C0174 E0135 F0014 G0003 H0306 J0110 K0003 M0210 N0001 P0078 P0091 P0097 P0100 P0190 P0199 P0263 R0001 Z0112,A03RD
1294,Vruchtendrank m zuivel Taksi m suiker,Fruit drink w dairy Taksi w sugar,A0709 A0842 B1217 C0005 E0123 F0001 G0003 H0150 H0158 H0215 H0260 H0362 J0001 K0003 M0156 N0001 P0024,A03EV#F09.A0EXN$F26.A07XE
1297,Spek rook- vet bereid,Bacon fat smoked prepared,A0714 A0794 B1136 C0125 E0131 F0014 G0026 H0003 J0003 K0003 M0001 N0001 P0024,A022X#F28.A07GR
1302,Kaas room- zachte Paturain,Cheese cream soft Paturain,A0720 A0784 B1201 C0245 E0119 F0018 G0003 H0101 H0151 J0104 J0131 J0151 K0003 M0001 N0001 P0024 R0355 Z0196,A02QZ
1305,Kip z vel rauw,Chicken wo skin raw,A0715 A0795 B1457 C0268 E0150 F0003 G0003 H0003 J0001 K0003 M0001 N0001 P0024 Z0003,A01SP#F20.A07QR
1306,Kip soep- m vel rauw,Chicken for soup w skin raw,A0715 A0795 B1457 C0267 E0150 F0003 G0003 H0003 J0001 K0003 M0001 N0001 P0024 Z0003,A01SP#F20.A07QQ
1310,Scholfilet gebakken/gestoofd,Plaice fillet fried/simmered,A0717 A0801 B2570 C0268 E0150 F0014 G0026 H0003 J0001 K0003 M0001 N0001 P0024 Z0056,A02BC#F03.A06HZ$F26.A07XD$F28.A07GM$F28.A07GR
1311,Hagelslag chocolade- gem,Chocolate sprinkles av,A0699 A0839 B1318 C0134 E0152 F0014 G0003 H0158 H0184 H0231 J0001 K0003 M0001 N0003 P0024,A0EQS#F04.A0EQS$F26.A07XD
1312,Cracker luchtige Cracottes natural,Crispbread Cracottes naturel,A0695 A0817 B1312 C0208 E0140 F0014 G0005 H0152 H0221 H0259 J0001 K0003 M0001 N0001 P0024,A005Y#F09.A0EXD$F10.A07XK
1314,Ei kippen- gebakken,Egg whole chicken fried in margarine,A0718 A0790 B1713 C0225 E0139 F0014 G0026 H0003 J0001 K0003 M0001 N0001 P0024,A032C
1315,Kabeljauwfilet gebakken/gestoofd,Cod fillet fried/simmered,A0717 A0801 B1423 C0268 E0150 F0014 G0026 H0003 J0001 K0003 M0001 N0001 P0024 Z0056,A02BV#F03.A06HZ$F26.A07XD$F28.A07GM$F28.A07GR
1317,Kip/bout z vel gegrild,Chicken wo skin grilled,A0715 A0795 B1457 C0268 E0150 F0014 G0006 H0003 J0001 K0003 M0001 N0001 P0024 Z0003,A01SP#F20.A07QR
1321,Biscuit haver- Liga HaverKick,Biscuit Liga Haverkick,A0695 A0821 B1219 C0208 E0140 F0014 G0005 H0122 H0158 H0181 H0216 H0229 H0263 H0280 H0333 H0367 H0423 H0456 H0532 H0555 H0607 J0001 K0003 M0128 N0036 P0024,A00AE#F04.A00DH$F04.A01QP$F09.A0EXD$F09.A0EXH$F09. A0EXS
1326,Gehakt hoh rul gebakken,Minced beef/pork shallow fried,A0714 A0793 B1105 C0268 E0136 F0022 G0028 H0001 J0001 K0003 M0001 N0001 P0024,A04GP#F28.A07GR
1338,Ontbijtproduct Olvarit pap tarwe en rogge 8+ mnd,Breakfast cereal porridge Olvarit tarwe en rogge 8+ months,A0692 A0816 B1324 C0155 E0106 F0014 G0003 H0149 H0181 H0309 H0319 H0321 H0322 H0323 H0336 H0337 H0430 J0001 K0003 M0148 N0039 P0024,A03QY#F09.A0EXY
1356,Biscuit meergranen- Liga Evergreen ov smaken,Biscuit Liga Evergreen assortment,A0695 A0821 B1312 C0208 E0140 F0014 G0005 H0158 H0181 H0216 H0229 H0263 H0280 H0364 H0367 H0423 H0456 H0555 J0001 K0003 M0128 N0036 P0024,A00AE#F04.A01MA$F09.A0EXD$F09.A0EXH$F09.A0EXS
1361,Tarwebrood wit Turks,Wheat bread white Turkish,A0691 A0818 B1312 C0208 E0147 F0014 G0005 H0152 H0221 H0256 H0259 H0753 J0003 K0003 M0001 N0001 P0024 R0403,A004Y#F09.A0EXA
1364,Turks fruit,Turkish Delight,A0698 A0838 B1012 C0108 E0140 F0001 G0001 H0146 H0227 J0003 K0003 M0001 N0001 P0024,A0EQP
1365,Baklava,Baklava nut-honey cake,A0695 A0821 B1312 C0134 E0105 F0018 G0003 H0149 H0158 H0177 H0271 J0146 K0003 M0003 N0003 P0024 R0001 Z0001,A00CH
1366,Tulumba tatlisi gefrituurde soesjes Turks,tulumba tatlisi fried eclair Turkish,A0695 A0821 B1047 C0208 E0147 F0014 G0029 H0148 H0158 H0186 H0271 H0362 H0367 J0001 K0003 M0003 N0003 P0024,A00AJ
1367,Worst droge sucuk Turks,Sausage dry sucuk Turkish,A0714 A0798 B1161 C0268 E0147 F0014 G0005 H0227 H0253 J0001 K0001 M0001 N0001 P0024,A024V#F26.A07XE
1368,Worst salam Turks,Sausage salam Turkish,A0714 A0798 B1161 C0268 E0147 F0014 G0012 H0227 H0253 J0001 K0001 M0001 N0001 P0024,A025N#F26.A07XE
1369,Kikkererwten geroosterd leblebi Turks,Chick peas roasted leblebi Turkish,A0704 A0831 B1172 C0132 E0150 F0014 G0005 G0026 H0221 H0259 J0001 K0001 M0001 N0001 P0024,A06HL#F04.A0BAV$F26.A07XE$F28.A07GY
1370,Druivenblad glas,Grape leaves glass,A0707 A0833 B1329 C0200 E0150 F0014 G0015 H0003 J0123 K0017 M0194 N0001 P0024,A0ETQ#F26.A07XE$F27.A00NB
1371,Tafelzuur tursu Turks,Vegetables pickled Turkish Tursu,A0722 A0860 B1347 C0167 E0152 F0003 G0003 H0190 H0212 J0137 K0022 M0001 N0001 P0024,A00ZJ
1375,Gehakt runder- kofte Turks bereid,Minced beef kofte Turkish prepared,A0714 A0793 B1201 C0268 E0136 F0014 G0001 H0117 J0001 K0003 M0001 N0001 P0024,A03XG#F04.A01QX
1376,Gehakt schapen- kofte Turks bereid,Minced mutton prepared Kofte Turkish,A0714 A0793 B1183 C0268 E0136 F0014 G0001 H0117 J0001 K0003 M0001 N0001 P0024,A03XG#F04.A01RJ
1377,Groenteschotel m vlees turlu Turks bereid,Vegetable dish w meat turlu Turkish prep,A0722 A0852 B1347 C0140 E0104 F0014 G0020 H0148 H0191 H0212 H0229 H0271 H0349 H0367 J0003 K0003 M0003 N0003 P0024,A03XX#F04.A01QV$F26.A07XE
1380,Dessert soja- verrijkt m calcium en vitamines,Dessert soya fortified w calcium and vitamins,A0704 A0831 B1452 C0132 E0135 F0001 G0003 H0279 J0001 K0001 M0001 N0001 P0024 P0199,A03TQ#F09.A0EXH$F09.A0EXM$F09.A0EXP$F09.A0EXX$F10. A077J$F26.A07XE
1381,Drink soja- m suiker verrijkt m calcium en vitamines,Drink soya w sugar fortified w calcium and vitamins,A0709 A0788 B1452 C0158 E0123 F0001 G0003 H0136 H0148 H0217 H0310 H0738 J0001 K0003 M0001 N0001 P0024 P0199,A03TJ#F09.A0EXH$F09.A0EXM$F09.A0EXP$F09.A0EXX$F10.A 077J
1382,Kaas 30+ gem,Cheese 30+ av,A0720 A0784 B1201 C0245 E0151 F0001 G0003 H0150 H0247 H0253 H0328 J0104 J0131 J0151 K0003 M0001 N0001 P0024 R0315 Z0185,A02SV#F04.A02SV
1389,Drop gem,Liquorice Dutch type av,A0698 A0838 B2048 C0174 E0147 F0014 G0003 H0158 H0367 H0380 J0003 K0003 M0001 N0001 P0024,A035J#F04.A035J$F26.A07XD
1390,Gehaktbal runder- m ei gebakken,Minced beef ball prepared w egg/crumbs,A0714 A0793 B1201 C0268 E0136 F0022 G0025 H0186 H0319 J0001 K0003 M0001 N0001 P0024,A03XG#F04.A005E$F04.A032B$F04.A049S
1391,Spek mager bereid,Bacon lean prepared,A0714 A0794 B1136 C0175 E0131 F0014 G0026 H0003 H0247 J0003 K0003 M0001 N0001 P0024,A01RG#F28.A07GR
1392,Kipfilet bereid,Chicken fillet prepared,A0715 A0795 B1457 C0268 E0150 F0014 G0026 H0003 J0001 K0003 M0001 N0001 P0024 Z0004,A01SP#F04.A0F1G$F28.A07GR
1393,Ui gebakken in plantaardige olie,Onions fried in vegetable oil,A0705 A0825 B1300 C0240 E0152 F0014 G0026 H0001 J0001 K0003 M0001 N0001 P0024,A00HC#F04.A036N$F28.A07GR
1395,Roggebrood volkoren/roggetarwebrood bruin gem,Rye bread wholemeal/rye wheat bread brown av,A0691 A0819 B1313 C0155 E0147 F0014 G0005 H0152 H0259 H0752 H0753 J0003 K0003 M0001 N0001 P0024 R0001 Z0001,A0BY0#F02.A06CN$F04.A005M$F04.A005P
1397,Tomaat gestoofd,Tomatoes stewed w vegetable oil,A0705 A0825 B1276 C0139 E0131 F0014 G0026 H0001 J0001 K0003 M0001 N0001 P0024,A0DMX#F26.A07XD$F28.A07GM
1398,Kool boeren- glas,Kale curly glass,A0705 A0825 B1281 C0200 E0152 F0014 G0003 H0001 J0123 K0017 M0194 N0001 P0024,A0ETQ#F26.A07XE$F27.A00GM
1399,Sla ijsberg- rauw,Lettuce iceberg raw,A0705 A0825 B2083 C0151 E0150 F0003 G0003 H0003 J0001 K0003 M0001 N0001 P0024,A00KZ
1400,Runderbiefstuk rauw,Beef rump steak raw,A0714 A0794 B1201 C0268 E0150 F0003 G0003 H0003 J0003 K0003 M0001 N0001 P0024 Z0048,A01QX
1401,Runderbiefstuk v de haas rauw,Beef tenderloin steak raw,A0714 A0794 B1201 C0268 E0150 F0003 G0003 H0003 J0003 K0003 M0001 N0001 P0024 Z0048,A01QX
1402,Runderentrecote rauw,Beef prime rib raw,A0714 A0794 B1201 C0268 E0150 F0003 G0003 H0003 J0001 K0003 M0001 N0001 P0024,A01QX
1404,Runderbaklappen rauw,Beef frying steak raw,A0714 A0794 B1201 C0268 E0150 F0003 G0003 H0003 J0001 K0003 M0001 N0001 P0024 Z0018,A01QX
1405,Gehakt runder- rauw,Minced beef raw,A0714 A0793 B1201 C0268 E0136 F0003 G0003 H0003 J0001 K0003 M0001 N0001 P0024 Z0018,A049S
1406,Runderklapstuk rauw,Beef rib raw,A0714 A0794 B1201 C0268 E0150 F0003 G0003 H0003 J0001 K0003 M0001 N0001 P0024,A01QX
1407,Lever runder- rauw,Liver ox raw,A0716 A0796 B1161 C0176 E0150 F0003 G0003 H0003 J0001 K0003 M0001 N0001 P0024,A01XG
1408,Runderpoulet rauw,Beef stewing meat raw,A0714 A0794 B1201 C0268 E0125 F0003 G0003 H0003 J0001 K0003 M0003 N0003 P0024,A01QX
1409,Runderrollade rauw,Beef sirloin rolled raw,A0714 A0794 B1201 C0268 E0147 F0003 G0003 H0227 J0153 K0003 M0003 N0003 P0024,A01QX
1410,Runderrosbief rauw,Beef roast raw,A0714 A0794 B1201 C0268 E0150 F0003 G0003 H0003 J0001 K0003 M0001 N0001 P0024 Z0018,A01QX
1411,Runderschenkel rauw,Beef shank raw,A0714 A0794 B1201 C0266 E0150 F0003 G0003 H0001 J0001 K0003 M0003 N0003 P0024,A01QX
1412,Runderriblappen rauw,Beef rib steak raw,A0714 A0794 B1201 C0268 E0150 F0003 G0003 H0003 J0001 K0003 M0001 N0001 P0024 Z0023,A01QX
1413,Runder doorregen lappen rauw,Beef streaked/marbled raw,A0714 A0794 B1201 C0268 E0150 F0003 G0003 H0003 J0001 K0003 M0001 N0001 P0024 Z0018,A01QX
1414,Rundersukadelappen rauw,Beef stewing steak raw,A0714 A0794 B1201 C0268 E0150 F0003 G0003 H0003 J0001 K0003 M0001 N0001 P0024 Z0018,A01QX
1415,Rundertartaar rauw,Beef steak tartare raw,A0714 A0794 B1201 C0268 E0136 F0003 G0003 H0003 J0001 K0003 M0001 N0001 P0024 Z0018,A049S
1416,Rundertong rauw,Beef tongue raw,A0716 A0796 B1201 C0189 E0150 F0003 G0003 H0001 J0001 K0001 M0001 N0003 P0024,A020S
1417,Varkensbraadworst rauw,Sausage pork Braadworst raw,A0714 A0798 B1136 C0268 E0105 F0003 G0003 H0227 H0253 J0001 K0003 M0003 N0003 P0024,A024N#F04.A01RG
1418,Varkensfiletlappen rauw,Pork fillet raw,A0714 A0794 B1136 C0268 E0150 F0003 G0003 H0003 J0001 K0003 M0001 N0001 P0024 Z0018,A01RG
1419,Varkensfricandeau rauw,Pork fricandeau part of leg raw,A0714 A0794 B1136 C0268 E0150 F0003 G0003 H0003 J0001 K0003 M0001 N0001 P0024 Z0018,A01RG
1420,Varkenshamlappen rauw,Pork chop raw,A0714 A0794 B1136 C0268 E0150 F0003 G0003 H0003 J0001 K0003 M0001 N0001 P0024 Z0018,A01RG
1421,Gehakt varkens- rauw,Minced pork raw,A0714 A0793 B1136 C0268 E0122 F0003 G0003 H0003 J0001 K0003 M0001 N0001 P0024,A04AC
1422,Varkenshaas rauw,Pork tenderloin raw,A0714 A0794 B1136 C0269 E0150 F0003 G0003 H0003 J0001 K0003 M0001 N0001 P0024 Z0217,A01RG
1423,Varkenshamschijf rauw,Pork gammon steak raw,A0714 A0794 B1136 C0268 E0150 F0003 G0003 H0003 J0001 K0003 M0001 N0001 P0024 Z0018,A01RG
1424,Varkenshaaskarbonade rauw,Pork loin chop raw,A0714 A0794 B1136 C0269 E0150 F0003 G0003 H0003 J0001 K0003 M0001 N0001 P0024 Z0023,A01RG
1425,Varkensschouderkarbonade rauw,Pork shoulder chop raw,A0714 A0794 B1136 C0269 E0150 F0003 G0003 H0003 J0001 K0003 M0001 N0001 P0024 Z0043,A01RG
1426,Lever varkens- rauw,Liver pork raw,A0716 A0796 B1136 C0176 E0150 F0003 G0003 H0003 J0001 K0003 M0001 N0001 P0024,A01XJ
1427,Varkenskrabbetjes rauw,Pork spare rib raw,A0714 A0794 B1136 C0269 E0150 F0003 G0003 H0003 J0003 K0003 M0001 N0001 P0024 Z0023,A01RG
1429,Varkensoester rauw,Pork tenderloin medaillon raw,A0714 A0794 B1136 C0269 E0150 F0003 G0003 H0003 J0001 K0003 M0001 N0001 P0024 Z0217,A01RG
1430,Varkensschouderlappen rauw,Pork shoulder raw,A0714 A0794 B1136 C0269 E0150 F0003 G0001 H0003 J0001 K0003 M0001 N0001 P0024 Z0043,A01RG
1431,Vink sla- rauw,Kromesky meat filled raw,A0714 A0794 B1136 C0268 E0105 F0003 G0001 H0117 H0191 J0003 K0003 M0003 N0003 P0024,A03VV#F04.A01RG$F04.A022X$F26.A07XE$F28.A07HS
1432,Speklap rauw,Bacon rasher raw,A0714 A0794 B1136 C0175 E0131 F0003 G0003 H0003 J0003 K0003 M0001 N0001 P0024,A01RG
1434,Gehakt hoh rauw,Minced beef/pork raw,A0714 A0793 B1105 C0268 E0136 F0003 G0003 H0003 J0001 K0003 M0001 N0001 P0024 Z0018,A04GP#F04.A049S$F04.A04AC
1435,Hamburger rauw,Hamburger raw,A0714 A0793 B1161 C0268 E0147 F0003 G0003 H0117 J0001 K0003 M0001 N0001 P0024 Z0018 Z0111,A03XF#F26.A07XD$F28.A07HS
1436,Kalfsentrecote rauw,Veal prime rib raw,A0714 A0793 B1349 C0268 E0150 F0003 G0003 H0003 J0001 K0003 M0001 N0001 P0024 Z0023,A01QY
1437,Vink kalfs- rauw,Veal olive raw,A0714 A0794 B1349 C0268 E0105 F0003 G0001 H0117 H0191 J0003 K0003 M0003 N0003 P0024,A03VV#F04.A01QY$F26.A07XE$F28.A07HS
1438,Kalfsfricandeau rauw,Veal fricandeau raw,A0714 A0793 B1349 C0268 E0150 F0003 G0003 H0003 J0001 K0003 M0001 N0001 P0024 Z0018,A01QY
1439,Lever kalfs- rauw,Liver calf's raw,A0716 A0796 B1349 C0176 E0150 F0003 G0003 H0003 J0001 K0003 M0001 N0001 P0024,A01XH
1440,Kalfsschenkel rauw,Veal shank raw,A0714 A0793 B1349 C0270 E0152 F0003 G0003 H0003 J0001 K0003 M0001 N0001 P0024 Z0025,A01QY
1441,Kalfstong rauw,Tongue calf raw,A0716 A0796 B1349 C0189 E0150 F0003 G0003 H0003 J0001 K0003 M0001 N0001 P0024,A020S
1442,Kalfszwezerik rauw,Sweetbread raw,A0714 A0796 B1349 C0273 E0150 F0003 G0003 H0003 J0001 K0003 M0001 N0001 P0024,A01ZM
1443,Lamsbout rauw,Lamb leg raw,A0714 A0794 B1669 C0268 E0150 F0003 G0003 H0003 J0001 K0003 M0001 N0001 P0024 Z0025,A01RK
1444,Gehakt lams-/schapen- rauw,Minced lamb raw,A0714 A0793 B1183 C0268 E0136 F0003 G0003 H0003 J0001 K0003 M0001 N0001 P0024 Z0018,A04AL#F04.A01RK
1445,Lamskarbonade rauw,Lamb chop raw,A0714 A0794 B1669 C0269 E0150 F0003 G0003 H0003 J0001 K0003 M0001 N0001 P0024 Z0023,A01RK
1446,Lamszadel rauw,Lamb saddle raw,A0714 A0794 B1669 C0266 E0150 F0003 G0003 H0003 J0001 K0003 M0001 N0001 P0024,A01RK
1447,Lamsschouder rauw,Lamb shoulder raw,A0714 A0794 B1669 C0269 E0150 F0003 G0003 H0003 J0001 K0003 M0001 N0001 P0024 Z0023,A01RK
1450,Chocolade puur suikervrij,Chocolate dark sugar-free,A0699 A0839 B1318 C0134 E0147 F0014 G0003 H0231 J0001 K0003 M0001 N0003 P0024 P0090,A034G#F08.A046M
1451,Chocolade melk- m hazelnoten z suiker,Chocolate milk w hazelnuts wo sugar,A0699 A0839 B1318 C0134 E0147 F0014 G0003 H0177 H0184 H0231 J0001 K0003 M0001 N0003 P0024 P0090,A034Q#F04.A014L$F08.A046M
1454,Biet rode zoetzuur glas,Beetroot pickled glass,A0705 A0825 B1309 C0240 E0150 F0014 G0003 H0151 H0158 H0190 H0200 J0001 K0010 M0130 N0001 P0024 R0001 Z0001,A00ZJ#F06.A06YC$F27.A00QG
1455,Aardappelpureepoeder gem,Potato puree powder av,A0706 A0829 B1218 C0240 E0136 F0001 G0003 H0169 J0144 K0003 M0001 N0001 P0024 R0355 Z0001,A011E#F04.A011E
1456,Frites voorgebakken diepvries onbereid,Chips pre-fried frozen unprepared,A0706 A0829 B1218 C0238 E0115 F0022 G0035 H0233 H0241 J0001 K0003 M0001 N0001 P0024 P0078,A0BYV#F04.A00ZX$F04.A037D$F28.A07HS$F28.A07KQ
1457,Aardappelen gebakken,Potatoes fried,A0706 A0829 B1218 C0240 E0150 F0014 G0026 H0003 J0001 K0003 M0001 N0001 P0024 P0078 R0355 Z0001,A011Q#F04.A00ZT$F04.A039E
1458,Seitan gekruid,Seitan seasoned,A0722 A0800 B1312 C0155 E0147 F0014 G0014 H0227 J0001 K0001 M0001 N0001 P0024 P0199,A03TE#F27.A001N
1459,Tarwekrentenbrood volkoren,Wheat currant bread wholemeal,A0691 A0818 B1312 C0133 E0147 F0014 G0005 H0152 H0221 H0256 H0259 H0364 H0753 J0003 K0003 M0001 N0001 P0024 R0001 Z0001,A005E#F04.A005E$F04.A01ME$F09.A0EXA
1460,Koek ontbijt- gember,Cake Dutch spiced Ontbijtkoek w ginger,A0695 A0821 B1313 C0208 E0140 F0014 G0005 H0136 H0151 H0364 H0751 J0001 K0003 M0001 N0001 P0024,A00CS#F04.A00CS$F04.A036N$F04.A0ETS
1461,Pasta sesam- tahin m toegevoegd zout,Sesame paste tahin salt added,A0703 A0853 B1226 C0132 E0119 F0014 G0004 H0001 J0001 K0003 M0001 N0001 P0024,A01BM#F10.A0CJK
1462,Sap ananas-,Juice pineapple,A0708 A0841 B1484 C0229 E0123 F0018 G0003 H0001 J0131 J0135 K0003 M0001 N0001 P0024,A03AF
1463,Vruchtendrank 2 of meer vruchten,Fruit juice drink minimal 2 fruits,A0709 A0841 B1140 C0167 E0123 F0022 G0003 H0136 H0148 J0120 K0003 M0001 N0001 P0024,A03BL
1464,Melk chocolade- halfvolle,Milk chocolate-flavoured semi-skimmed,A0721 A0781 B1201 C0235 E0123 F0022 G0003 H0231 H0306 H0325 J0120 K0003 M0001 N0001 P0024,A02MP#F04.A02MP$F10.A077G
1465,Likeur <15 vol% alc,Liqueur <15 vol% alcohol,A0713 A0850 B1347 C0001 E0130 F0003 G0003 H0100 H0136 H0232 H0270 J0001 K0003 M0001 N0001 P0024,A03NS#F26.A07XD
1466,Likeur >25 vol% alc,Liqueur >25 vol% alcohol,A0713 A0850 B1347 C0001 E0130 F0003 G0003 H0100 H0136 H0232 H0270 J0001 K0003 M0001 N0001 P0024,A03NS#F26.A07XD
1468,Bier zwaar >7 vol% alcohol,Beer >7 vol% alcohol,A0711 A0847 B1230 C0102 E0123 F0001 G0003 H0227 H0232 H0246 H0253 J0121 K0003 M0001 N0001 P0024 R0001 Z0166,A03MD
1469,Room banketbakkers-,Cream custard,A0721 A0782 B1201 C0195 E0119 F0022 G0003 H0158 H0185 J0120 K0003 M0001 N0001 P0024,A02PX#F04.A002Q$F04.A003X$F04.A02LY$F04.A032B$F04.A 032J
1470,Berliner bol,Berliner pastry,A0695 A0821 B1312 C0134 E0105 F0014 G0003 H0122 H0148 H0158 H0184 H0186 H0271 H0367 H0753 J0003 K0003 M0003 N0003 P0024 R0001 Z0001,A00BR#F04.A003X$F04.A01NH$F04.A02LZ$F04.A02PX$F04.A 032B$F04.A032J$F04.A032K$F04.A037D$F04.A039E$F04.A04 2P$F04.A049A
1471,Biscuit m chocolade,Biscuit w chocolate,A0695 A0821 B1312 C0208 E0147 F0022 G0005 H0158 H0263 H0319 H0355 J0001 K0003 M0003 N0001 P0024,A00AE#F04.A009X$F04.A034J
1472,Creme au beurre,Butter cream,A0702 A0809 B1201 C0179 E0119 F0001 G0001 H0184 H0185 J0001 K0001 M0001 N0001 P0024,A039C#F04.A02LY$F04.A032R$F04.A039C$F10.A077J
1473,Donut ongevuld,Doughnut plain,A0691 A0821 B1312 C0132 E0147 F0014 G0029 H0158 H0221 H0297 H0367 H0753 J0001 K0003 M0003 N0003 P0024,A00BR
1474,IJs water-,Ice lolly,A0722 A0852 B1217 C0005 E0119 F0003 G0003 H0136 H0228 H0241 J0136 K0003 M0001 N0001 P0024,A036J#F04.A03BL$F04.A03DL
1475,Soes slagroom-,Eclair w whipped cream filling,A0695 A0821 B1312 C0208 E0147 F0023 G0005 H0148 H0158 H0186 H0272 H0296 H0367 J0001 K0003 M0003 N0003 P0024,A00AG#F04.A00AG$F04.A02MM
1476,Taart schuim- m creme au beurre,Meringue w butter-cream,A0695 A0821 B1312 C0134 E0147 F0023 G0005 H0148 H0158 H0177 H0184 H0205 H0271 H0272 J0003 K0003 M0003 N0003 P0024,A00BD#F04.A003X$F04.A014F$F04.A02LZ$F04.A031T$F04.A0 32J$F04.A039C$F04.A039E$F04.A03DL
1477,Koekje suikervrij,Biscuits sugar-free,A0695 A0821 B1312 C0208 E0140 F0014 G0005 H0271 J0001 K0003 M0003 N0003 P0024,A009X#F10.A077K
1478,Vlaai kruimel- m vruchten,Flan fruit and crumble topping,A0695 A0821 B1312 C0208 E0147 F0014 G0005 H0147 H0158 H0185 H0186 H0272 H0297 H0367 H0753 J0001 K0003 M0003 N0003 P0024,A00BZ#F04.A003X$F04.A00BT$F04.A01DJ$F04.A01GF$F04.A 01GK$F04.A01GQ$F04.A032B$F04.A032J$F04.A032K$F04.A0 39E$F26.A07XE
1479,Taart Mon Chou-,Cheesecake made w cream cheese,A0695 A0821 B1312 C0135 E0147 F0023 G0005 H0143 H0146 H0147 H0148 H0158 H0271 H0272 H0296 J0003 K0003 M0003 N0003 P0024,A00AS#F04.A002R$F04.A00AA$F04.A01EA$F04.A01EE$F04.A 01FP$F04.A01GF$F04.A01GK$F04.A02ML$F04.A02QZ$F04.A 032J$F04.A032K$F04.A039C$F04.A039E$F04.A03DL
1480,Koekje PiM's sinaasappel,Biscuit Jaffa cakes/Cake PiM's,A0695 A0821 B1312 C0134 E0147 F0014 G0005 H0122 H0158 H0186 H0231 H0272 J0001 K0003 M0003 N0003 P0024,A00AQ#F04.A003X$F04.A01NH$F04.A032B$F04.A032J$F04.A 034J$F04.A039E$F26.A07XE$F28.A07HP
1481,Wafel rijst- naturel m (zee)zout,Rice cakes puffed natural w (sea)salt,A0695 A0821 B1322 C0208 E0140 F0014 G0009 H0138 H0173 J0116 K0003 M0166 N0036 P0024,A006K#F10.A0CJK
1483,Stamppot boerenkool z vlees bereid,Kale curly w mashed potato wo meat prepared,A0722 A0861 B1218 C0240 E0136 F0014 G0015 H0212 H0272 J0003 K0003 M0003 N0003 P0024,A03VH#F04.A00GM$F04.A00ZT$F04.A039E$F04.A03DL
1484,Uitjes gebakken kant-en-klaar,Onions crisp fried ready-to-eat,A0705 A0825 B1300 C0240 E0152 F0014 G0029 H0001 J0001 K0003 M0001 N0001 P0024,A00ZQ#F27.A00HC$F28.A07GR$F28.A07KL
1485,Stamppot wortel/ui z vlees bereid,Hotchpotch carrots/onions wo meat prepared,A0722 A0861 B1218 C0240 E0136 F0014 G0015 H0212 H0272 H0349 J0003 K0003 M0003 N0003 P0024,A03VH#F04.A00HC$F04.A00QH$F04.A00ZT$F04.A039E$F04. A03DL
1486,Stamppot zuurkool z vlees bereid,Sauerkraut w mashed potato wo meat prep,A0722 A0861 B1218 C0240 E0136 F0014 G0015 H0184 H0212 J0003 K0003 M0003 N0003 P0024,A03VH#F04.A00ZK$F04.A00ZT$F04.A02LZ$F04.A039E$F04.A0 3DL
1487,Kaas Brie 60+,Cheese Brie 60+,A0720 A0784 B1201 C0245 E0119 F0001 G0003 H0253 H0327 H0330 J0104 J0131 J0151 K0003 M0001 N0001 P0024 R0355 Z0196,A02RV
1488,Kaassouffle diepvries onbereid,Pastry puff cheese filled frozen unprepared,A0695 A0868 B1201 C0235 E0147 F0001 G0003 H0184 H0186 H0272 H0319 H0367 J0001 K0003 M0003 N0003 P0024,A040L#F04.A003X$F04.A02LZ$F04.A02VA$F04.A032B$F04.A 039E$F04.A042P$F28.A07HS$F28.A07KQ
1489,Kaas verse light 8% vet,Cheese fresh light 8% fat,A0720 A0784 B1201 C0245 E0119 F0018 G0003 H0101 H0247 J0104 J0131 J0151 K0003 M0001 N0001 P0024 R0355 Z0186,A02RB
1491,Lasagne bolognese koelverse maaltijd,Lasagna bolognese ready to eat,A0722 A0861 B1079 C0208 E0105 F0014 G0005 G0030 H0143 H0151 H0191 H0212 H0227 J0131 K0003 M0001 N0001 P0024,A040P#F04.A007E$F04.A00HC$F04.A00HR$F04.A00QH$F04. A02SV$F04.A036N$F04.A042P$F04.A043V$F04.A04AC$F04.A 18FD
1492,Jus gem ongebonden bereid z juspoeder,Gravy average clear prep wo gravy instant powder,A0722 A0862 B0001 C0001 E0109 F0014 G0001 H0148 H0221 J0003 K0003 M0003 N0003 P0024 Z0196,A043Z#F04.A043Z
1493,Taart hartige v brooddeeg m groente/kaas/ei,Tart w bread base w veg/egg/cheese,A0695 A0821 B1312 C0134 E0147 F0014 G0005 H0143 H0148 H0184 H0186 H0212 H0272 H0367 H0753 J0003 K0003 M0003 N0003 P0024,A03YM#F04.A008H$F04.A02LZ$F04.A02VA$F04.A032B$F04. A042P$F04.A16GB
1496,Salade vis- lunch/borrel,Salad fish,A0722 A0866 B1222 C0268 E0134 F0023 G0003 H0185 H0200 H0212 H0221 H0229 H0367 J0001 K0001 M0001 N0001 P0024,A042M#F04.A042M
1497,Salade ham-prei- lunch/borrel,Salad ham and leek,A0722 A0866 B0001 C0005 E0134 F0023 G0003 H0148 H0158 H0185 H0191 H0200 H0212 H0221 J0001 K0001 M0001 N0001 P0024,A042M#F04.A00SB$F04.A023K$F04.A032J$F04.A03DL$F04.A 044X
1498,Salade kip-kerrie- lunch/borrel,Salad chicken curry,A0722 A0866 B1457 C0268 E0134 F0023 G0003 H0147 H0148 H0158 H0184 H0185 H0212 H0221 H0229 H0367 J0001 K0001 M0001 N0001 P0024,A042L#F04.A01SP$F04.A032J$F04.A03DL$F04.A044X
1499,Salade ei- lunch/borrel,Salad egg,A0722 A0866 B1457 C0225 E0134 F0023 G0015 H0185 H0200 H0221 H0229 H0367 J0001 K0001 M0001 N0001 P0024,A042M#F04.A032B$F04.A044X
1501,Mix kruiden- m gedroogde groente onbereid,Herb and dried vegetable mix unprepared,A0722 A0853 B1179 C0174 E0136 F0022 G0003 H0138 H0212 H0227 H0263 H0367 J0116 K0003 M0001 N0001 P0024,A042Z#F28.A07HS
1502,Yoghurt halfvolle,Yoghurt half fat,A0721 A0783 B1201 C0235 E0103 F0018 G0003 H0101 H0247 H0306 H0325 J0131 J0135 K0003 M0001 N0001 P0024 R0001 Z0001,A02NG#F04.A02NG$F10.A077G
1505,Chips light naturel,Crisps potato light unflavoured,A0706 A0829 B1218 C0308 E0100 F0014 G0029 H0173 H0221 J0001 K0003 M0166 N0036 P0024 P0132 R0001 Z0001 Z0185,A0BYS
1506,Soesje kaas-,Eclair cheese cream filled,A0695 A0821 B1312 C0208 E0147 F0023 G0005 H0143 H0148 H0186 H0271 H0272 H0367 J0001 K0003 M0003 N0003 P0024,A040L#F04.A00AG$F04.A02VA$F04.A039C$F04.A03DL
1507,Borstplaat room-,Fondant cream,A0698 A0836 B1012 C0157 E0147 F0022 G0003 H0184 H0296 J0001 K0003 M0003 N0003 P0024 R0001 Z0001,A035X#F04.A02LZ$F04.A02ML$F04.A032K
1508,Bonbon,Chocolates filled/Belgium chocolate,A0699 A0839 B1318 C0134 E0147 F0014 G0003 H0158 H0177 H0231 H0355 J0001 K0003 M0001 N0003 P0024 R0001 Z0001,A034S
1509,Mueslireep m chocolade,Muesli bar w chocolate,A0695 A0821 B1219 C0133 E0147 F0014 G0003 H0138 H0149 H0158 H0231 H0239 H0319 H0364 J0116 K0003 M0211 N0001 P0024,A00FA#F04.A00FA$F04.A034J$F28.A07HP
1512,Schnitzel vegetarisch obv soja/tarwe onbereid verrijkt m ijzer en vit B12,Schnitzel vegetarian based on soya/wheat unprepared fortified w iron and vit B12,A0722 A0800 B1452 C0208 E0147 F0001 G0003 H0181 H0216 H0221 H0229 H0319 J0001 K0003 M0172 N0036 P0024 P0199,A03TE#F09.A0EXD$F09.A0EXP$F26.A07XE$F27.A001N$F27.A 0DBM
1515,Saus op basis roux bereid,Sauce based on roux prepared,A0722 A0862 B1201 C0235 E0135 F0014 G0013 H0146 H0148 H0173 H0184 H0227 H0272 H0319 J0001 K0003 M0003 N0003 P0024,A0F1N#F04.A003X$F04.A02LZ$F04.A039E$F04.A03DL$F04.A 042P$F26.A07XD
1516,Saus op basis groentenat/melk bereid z vet,Saus op basis groentenat/melk bereid z vet,A0722 A0862 B1201 C0235 E0135 F0014 G0013 H0146 H0148 H0173 H0227 H0319 J0001 K0003 M0003 N0003 P0024,A0F1N#F04.A002R$F04.A003X$F04.A02LZ$F04.A03DL$F04.A 042P$F26.A07XD
1517,Saus op basis pakje <3% vet bereid,Sauce mix packet <3% fat prepared,A0722 A0862 B0001 C0001 E0135 F0014 G0014 H0138 H0146 H0148 H0151 H0367 K0003 M0197 N0001 P0024,A0F1N#F26.A07XD$F28.A07MR
1518,Saus op basis pakje >3% vet bereid,Sauce mix packet >3% fat prepared,A0722 A0862 B0001 C0001 E0135 F0014 G0014 H0138 H0146 H0148 H0151 H0263 H0367 K0003 M0197 N0001 P0024,A044A#F26.A07XD$F28.A07MR
1519,"Bier alcoholvrij <0,1 vol% alcohol","Beer alcohol free <0,1 vol%",A0709 A0842 B1230 C0102 E0123 F0001 G0003 H0227 H0232 H0246 H0253 H0286 J0121 K0003 M0001 N0001 P0024 P0176 R0001 Z0169,A03MG
1520,"Bier alcoholarm 0,1-1,2 vol% alcohol","Beer low alcohol 0,1-1,2 vol%",A0711 A0847 B1230 C0102 E0123 F0001 G0003 H0227 H0232 H0246 H0253 H0287 J0121 K0003 M0001 N0001 P0024 P0131 R0001 Z0169,A03MF
1521,Limonade vruchten- light,Juice drink light,A0709 A0843 B1217 C0005 E0123 F0001 G0003 H0108 H0109 H0227 H0362 J0001 K0003 M0194 N0001 P0024 P0033,A03FV
1522,Frisdrank light z cafeine,Soft drink light wo caffeine,A0709 A0843 B1217 C0005 E0123 F0001 G0003 H0108 H0109 H0200 H0227 J0001 K0003 M0194 N0001 P0024 P0033 P0117 P0132,A03FX
1523,Frisdrank light m cafeine,Cola light soft drink w caffeine,A0709 A0843 B1217 C0005 E0123 F0001 G0003 H0108 H0109 H0150 H0200 H0227 J0001 K0003 M0194 N0001 P0024 P0033 P0132,A03FY
1524,Saus tomaten- kant-en-klaar glas,Sauce tomato ready-to-eat jar,A0722 A0862 B1276 C0167 E0103 F0014 G0003 H0341 J0001 K0003 M0130 N0040 P0024,A044C#F04.A00ZC$F04.A036P$F04.A042P$F22.A07SH$F28.A 0BYP
1528,Bouillon v blokje bereid,Stock from cube prepared,A0722 A0856 B1347 C0170 E0147 F0014 G0014 H0117 H0138 H0173 H0259 J0100 K0003 M0001 N0001 P0024 R0001 Z0001,A041L#F04.A03DL$F04.A043F$F26.A07XD$F28.A07MR
1530,Boterproduct halfvolle,Butter product half fat,A0702 A0808 B1201 C0179 E0119 F0018 G0003 H0247 J0135 K0003 M0001 N0001 P0024 R0001 Z0197 Z0203,A039C#F10.A077B
1531,Stamppot rauwe andijvie z vlees bereid,Endive raw w mashed potatoes wo meat prepared,A0722 A0861 B1218 C0240 E0136 F0023 G0015 H0184 H0212 J0003 K0003 M0003 N0003 P0024,A03VH#F04.A00LD$F04.A00ZT$F04.A02LZ
1533,Taart hartige v bladerdeeg m groente/kaas/ei,Quiche w vegetables/cheese/egg,A0695 A0821 B1312 C0134 E0147 F0014 G0005 H0143 H0148 H0184 H0186 H0212 H0272 H0367 H0753 J0003 K0003 M0003 N0003 P0024,A03YM#F04.A00CC$F04.A02LZ$F04.A02VA$F04.A032B$F04.A 042P$F04.A16GB
1536,Runderbiefstuk bereid,Beef rump steak prepared,A0714 A0794 B1201 C0268 E0150 F0014 G0001 H0003 J0003 K0003 M0001 N0001 P0024 Z0048,A01QX#F04.A039J$F28.A07GR
1538,Runderentrecote bereid,Beef prime rib prepared,A0714 A0794 B1161 C0268 E0150 F0014 G0001 H0003 J0001 K0003 M0001 N0001 P0024,A01QX#F04.A039J$F28.A07GR
1539,Runderbaklappen bereid,Beef frying steak prepared,A0714 A0794 B1201 C0268 E0150 F0014 G0001 H0003 J0001 K0003 M0001 N0001 P0024 Z0018,A01QX#F04.A039J$F28.A07GR
1540,Gehakt runder- rul gebakken,Minced beef shallow fried,A0714 A0793 B1201 C0268 E0136 F0022 G0028 H0003 J0001 K0003 M0001 N0001 P0024,A049S#F28.A07GR
1541,Runderklapstuk bereid,Beef rib prepared,A0714 A0794 B1201 C0268 E0150 F0014 G0001 H0003 J0001 K0003 M0001 N0001 P0024,A01QX#F04.A039J$F28.A07GR
1542,Lever runder- bereid,Liver ox prepared,A0716 A0796 B1161 C0176 E0150 F0014 G0001 H0003 J0001 K0003 M0001 N0001 P0024,A01XG#F28.A07GR
1543,Runderpoulet bereid,Beef stewing meat prepared,A0714 A0794 B1201 C0268 E0125 F0014 G0026 H0003 J0001 K0003 M0003 N0003 P0024,A01QX#F04.A039J$F28.A07GR
1544,Runderrollade gebakken,Beef rolled prepared,A0714 A0794 B1201 C0268 E0147 F0014 G0001 H0227 J0153 K0003 M0003 N0003 P0024,A01QX#F04.A039J$F28.A07GR
1545,Runderrosbief bereid,Beef roast prepared,A0714 A0794 B1201 C0268 E0150 F0003 G0026 H0003 J0001 K0003 M0001 N0001 P0024 Z0018,A01QX#F04.A0F1G$F28.A07GR
1546,Runderschenkel bereid,Beef shank prepared,A0714 A0794 B1201 C0266 E0150 F0014 G0001 H0001 J0001 K0003 M0003 N0003 P0024,A01QX#F04.A039J$F28.A07GR
1547,Runderriblappen bereid,Beef rib steak prepared,A0714 A0794 B1201 C0268 E0150 F0014 G0001 H0003 J0001 K0003 M0001 N0001 P0024 Z0023,A01QX#F04.A039J$F28.A07GR
1548,Runder doorregen lappen bereid,Beef streaked/marbled prepared,A0714 A0794 B1201 C0268 E0150 F0014 G0001 H0003 J0001 K0003 M0001 N0001 P0024 Z0018,A01QX#F04.A039J$F28.A07GR
1549,Rundersukadelappen bereid,Beef stewing steak prepared,A0714 A0794 B1201 C0268 E0150 F0014 G0001 H0003 J0001 K0003 M0001 N0001 P0024,A01QX#F04.A039J$F28.A07GR
1550,Rundertartaar bereid,Beef steak tartare prepared,A0714 A0794 B1201 C0268 E0136 F0014 G0001 H0001 J0001 K0003 M0003 N0001 P0024,A049S#F04.A039J$F28.A07GR
1551,Varkensbraadworst bereid,Sausage pork Braadworst prepared,A0714 A0798 B1136 C0268 E0105 F0014 G0025 H0227 H0253 J0001 K0003 M0003 N0003 P0024,A024N#F04.A01RG$F04.A039J$F28.A07GR
1552,Varkensfiletlappen bereid,Pork fillet prepared,A0714 A0794 B1136 C0268 E0150 F0014 G0026 H0003 J0001 K0003 M0001 N0001 P0024 Z0018,A01RG#F04.A039J$F28.A07GR
1553,Varkensfricandeau bereid,Pork fricandeau part of leg prepared,A0714 A0794 B1136 C0268 E0150 F0014 G0026 H0003 J0001 K0003 M0001 N0001 P0024 Z0018,A01RG#F04.A0F1G$F28.A07GR
1554,Varkenshamlappen bereid,Pork chop prepared,A0714 A0794 B1136 C0268 E0150 F0014 G0026 H0003 J0001 K0003 M0001 N0001 P0024 Z0018,A01RG#F04.A039J$F28.A07GR
1555,Gehakt varkens- gebakken,Minced pork prepared,A0714 A0793 B1136 C0268 E0122 F0022 G0025 H0003 J0001 K0003 M0001 N0001 P0024,A04AC#F28.A07GR
1556,Varkenshaas bereid,Pork tenderloin prepared,A0714 A0794 B1136 C0269 E0150 F0014 G0026 H0003 J0001 K0003 M0001 N0001 P0024 Z0217,A01RG#F04.A039J$F28.A07GR
1557,Varkenshamschijf bereid,Pork gammon steak prepared,A0714 A0794 B1136 C0268 E0150 F0014 G0026 H0003 J0001 K0003 M0001 N0001 P0024 Z0018,A01RG#F04.A039J$F28.A07GR
1558,Varkenshaaskarbonade bereid,Pork loin chop prepared,A0714 A0794 B1136 C0269 E0150 F0014 G0026 H0003 J0001 K0003 M0001 N0001 P0024 Z0023,A01RG#F04.A039J$F28.A07GR
1559,Varkensschouderkarbonade bereid,Pork shoulder chop prepared,A0714 A0794 B1136 C0269 E0150 F0014 G0026 H0003 J0001 K0003 M0001 N0001 P0024 Z0043,A01RG#F04.A039J$F28.A07GR
1560,Lever varkens- bereid,Liver pork prepared,A0716 A0796 B1136 C0176 E0150 F0014 G0001 H0003 J0001 K0003 M0001 N0001 P0024,A01XJ#F04.A039J$F28.A07GR
1561,Varkenskrabbetjes bereid,Pork spare rib prepared,A0714 A0794 B1136 C0269 E0150 F0014 G0005 H0227 J0003 K0003 M0001 N0001 P0024 Z0023,A01RG#F04.A039J$F28.A07GR
1563,Varkensoester bereid,Pork tenderloin medaillon prepared,A0714 A0794 B1136 C0269 E0150 F0014 G0026 H0003 J0001 K0003 M0001 N0001 P0024 Z0217,A01RG#F04.A039J$F28.A07GR
1564,Varkensschouderlappen bereid,Pork shoulder prepared,A0714 A0794 B1136 C0269 E0150 F0014 G0026 H0003 J0001 K0003 M0001 N0001 P0024 Z0043,A01RG#F04.A039J$F28.A07GR
1565,Vink sla- gebakken,Kromesky meat filled prepared,A0714 A0794 B1136 C0268 E0105 F0014 G0025 H0117 H0191 J0003 K0003 M0003 N0003 P0024,A03VV#F04.A01RG$F04.A022X$F26.A07XE
1568,Gehaktbal hoh m ei gebakken,minced meat ball beef/pork w egg prepared,A0714 A0793 B1105 C0268 E0136 F0022 G0025 H0186 H0319 J0001 K0003 M0001 N0001 P0024,A03XG#F04.A005E$F04.A032B$F04.A04GP
1569,Hamburger bereid,Hamburger prepared,A0714 A0793 B1161 C0268 E0147 F0022 G0025 H0117 J0001 K0003 M0001 N0001 P0024 Z0018 Z0111,A03XF#F26.A07XD
1570,Kalfsentrecote bereid,Veal prime rib prepared,A0714 A0793 B1349 C0268 E0150 F0014 G0025 H0003 J0001 K0003 M0001 N0001 P0024 Z0023,A01QY#F04.A039J$F28.A07GR
1571,Vink kalfs- gebakken,Veal olive prepared,A0714 A0794 B1349 C0268 E0105 F0014 G0025 H0117 H0191 J0003 K0003 M0003 N0003 P0024,A03VV#F04.A01QY$F26.A07XE
1572,Kalfsfricandeau bereid,Veal fricandeau prepared,A0714 A0793 B1349 C0268 E0150 F0014 G0024 H0272 J0001 K0003 M0001 N0001 P0024,A01QY#F04.A039J$F28.A07GR
1573,Lever kalfs- bereid,Liver calf's prepared,A0716 A0796 B1349 C0176 E0150 F0014 G0001 H0003 J0001 K0003 M0001 N0001 P0024,A01XH#F28.A07GR
1574,Kalfsschenkel bereid,Veal shank prepared,A0714 A0793 B1349 C0270 E0150 F0014 G0026 H0003 J0001 K0003 M0001 N0001 P0024 Z0025,A01QY#F04.A039J$F28.A07GR
1575,Lamsbout bereid,Lamb leg prepared,A0714 A0794 B1669 C0268 E0150 F0014 G0025 H0003 J0001 K0003 M0001 N0001 P0024 Z0025,A01RK#F04.A0F1G$F28.A07GR
1576,Gehakt lams- gebakken,Minced lamb prepared,A0714 A0793 B1669 C0268 E0136 F0014 G0001 H0003 J0001 K0003 M0001 N0001 P0024 Z0018,A01RK#F28.A07GR$F28.A07KY
1577,Lamskarbonade bereid,Lamb chop prepared,A0714 A0794 B1669 C0269 E0150 F0003 G0025 H0003 J0001 K0003 M0001 N0001 P0024 Z0023,A01RK#F04.A0F1G$F28.A07GR
1578,Lamszadel bereid,Lamb saddle prepared,A0714 A0794 B1669 C0268 E0150 F0014 G0026 H0003 J0001 K0003 M0001 N0001 P0024,A01RK#F04.A0F1G$F28.A07GR
1579,Lamsschouder bereid,Lamb shoulder prepared,A0714 A0794 B1669 C0269 E0150 F0014 G0025 H0003 J0001 K0003 M0001 N0001 P0024 Z0023,A01RK#F04.A0F1G$F28.A07GR
1583,Mosselen gebakken/gefrituurd in plantaardige olie,Mussels fried in vegetable oil,A0717 A0802 B1223 C0173 E0150 F0014 G0029 H0003 J0001 K0003 M0001 N0001 P0024,A0FCY#F04.A036N$F28.A07GR$F28.A07GV
1584,Inktvisringen gefrituurd in plantaardige olie,Squid rings deep-fried in vegetable oil,A0717 A0804 B1205 C0103 E0122 F0014 G0029 H0353 J0001 K0003 M0001 N0001 P0024,A02JH#F04.A036N$F26.A07XD$F28.A07GV$F28.A07HL
1585,Heilbot gerookt,Halibut smoked,A0717 A0801 B1532 C0268 E0150 F0001 G0003 H0173 J0103 J0106 K0003 M0001 N0001 P0024,A0EYS#F27.A02AY
1586,Makreelfilet gerookt,Mackerel fillet smoked,A0717 A0801 B1043 C0268 E0131 F0014 G0004 H0003 J0001 K0003 M0001 N0001 P0024,A16EM#F03.A06HZ
1587,Zalm kweek- rauw,Salmon farmed raw,A0717 A0801 B2250 C0268 E0131 F0003 G0003 H0003 J0001 K0003 M0001 N0001 P0024 R0001 Z0001,A0C75#F21.A07RV
1588,Ansjovis in olie blik,Anchovy in oil canned,A0717 A0803 B1554 C0173 E0151 F0014 G0003 H0001 J0123 K0021 M0194 N0001 P0024 R0001 Z0001,A0FCA#F06.A06XJ
1589,Tonijn in olie blik,Tuna in oil tinned,A0717 A0803 B1269 C0268 E0125 F0014 G0001 H0263 J0123 K0021 M0151 N0001 P0024,A0FBT#F06.A06XJ
1590,Tonijn in water blik,Tuna in water tinned,A0717 A0803 B1269 C0268 E0125 F0014 G0001 H0003 J0123 K0018 M0151 N0001 P0024,A0FBT#F06.A06XT
1595,Chili con carne,Chilli con carne bean dish,A0704 A0831 B1567 C0158 E0134 F0014 G0025 H0191 H0227 H0349 H0350 J0151 K0003 M0003 N0003 P0024,A03VT#F04.A00HC$F04.A00JA$F04.A00ZF$F04.A01BB$F04.A 036X$F04.A039J$F04.A044P$F04.A049S$F04.A04AC
1599,Fructosepoeder,Fructose powder,A0697 A0835 B1140 C0223 E0106 F0001 G0003 H0138 J0116 K0003 M0001 N0001 P0024,A032T
1601,Gehaktbal runder- z ei gebakken,Minced beef ball prepared wo egg,A0714 A0793 B1201 C0268 E0136 F0022 G0028 H0184 H0319 J0001 K0003 M0001 N0001 P0024,A03XG#F04.A005E$F04.A02LZ$F04.A049S
1605,Bokking gestoomd,Kippers steamed,A0717 A0802 B1414 C0268 E0150 F0001 G0003 H0173 J0103 J0106 K0003 M0001 N0001 P0024 R0001 Z0001,A02KG#F10.A0CJK$F28.A16ET
1607,Sprotfilet gerookt,Sprat fillet smoked,A0717 A0803 B1235 C0125 E0150 F0014 G0003 H0001 J0106 K0003 M0003 N0003 P0024,A0EYS#F03.A06HZ$F27.A02DH
1608,Makreel bereid in magnetron z toev,Mackerel prepared in microwave oven no ingredients added,A0717 A0801 B1043 C0268 E0150 F0022 G0011 H0003 J0120 K0003 M0001 N0001 P0024,A02CT#F28.A0BA1
1609,Makreel in olie blik,Mackerel in oil tinned,A0717 A0801 B1043 C0267 E0150 F0001 G0001 H0001 J0001 K0026 M0151 N0041 P0024,A0FBV#F06.A06XJ
1610,Zalm kweek- bereid in magnetron z toev,Salmon farmed prep in microwave oven no ingredients added,A0717 A0801 B2250 C0268 E0131 F0014 G0011 H0003 J0001 K0003 M0001 N0001 P0024 R0001 Z0001,A0C75#F21.A07RV$F28.A0BA1
1611,Forel bereid in magnetron z toev,Trout prepared in microwave oven no ingredients added,A0717 A0801 B1258 C0268 E0131 F0014 G0011 H0003 J0001 K0003 M0001 N0001 P0024 P0078,A029F#F26.A07XD$F28.A0BA1
1612,Forel regenboog- bereid in magnetron z toev,Rainbow trout prepared in microwave oven no ingredients added,A0717 A0802 B2657 C0268 E0131 F0014 G0011 H0003 J0001 K0003 M0001 N0001 P0024 P0078,A029N#F28.A0BA1
1613,Kabeljauw bereid in magnetron z toev,Cod prepared in microwave oven no ingredients added,A0717 A0801 B1423 C0268 E0150 F0014 G0011 H0003 J0001 K0003 M0001 N0001 P0024 P0078 Z0056,A02BV#F26.A07XD$F28.A0BA1
1614,Schelvis bereid in magnetron z toev,Haddock prepared in microwave oven no ingredients added,A0717 A0802 B1441 C0268 E0150 F0022 G0011 H0003 J0003 K0003 M0001 N0001 P0024,A02CA#F28.A0BA1
1615,Koolvis (Atlantisch) bereid in magnetron z toev,Pollack (Atlantic) prep in microwave oven no ingredients added,A0717 A0801 B1440 C0268 E0150 F0014 G0011 H0003 J0001 K0003 M0001 N0001 P0024,A02CE#F26.A07XD$F28.A0BA1
1616,Wijting bereid in magnetron z toev,Whiting prepared in microwave oven no ingredients added,A0717 A0801 B1640 C0173 E0150 F0014 G0011 H0003 J0001 K0003 M0003 N0003 P0024,A02CG#F28.A0BA1
1617,Schol bereid in magnetron z toev,Plaice prepared in microwave oven no ingredients added,A0717 A0801 B2570 C0268 E0150 F0014 G0011 H0003 J0001 K0003 M0001 N0001 P0024 Z0056,A02BC#F26.A07XD$F28.A0BA1
1618,Schar/tongschar bereid in magnetron z toev,Schar/tongschar bereid in magnetron z toev,A0717 A0802 B1023 C0268 E0150 F0022 G0011 H0003 J0003 K0003 M0001 N0001 P0024,A02AS#F28.A0BA1
1619,Tong bereid in magnetron z toev,Sole prepared in microwave oven no ingredients added,A0717 A0802 B1032 C0243 E0150 F0014 G0011 H0003 J0003 K0003 M0003 N0003 P0024,A02BF#F28.A0BA1
1620,Bot bereid in magnetron z toev,Flounder prepared in microwave oven no ingredients added,A0717 A0801 B2570 C0268 E0150 F0014 G0011 H0003 J0001 K0003 M0001 N0001 P0024 Z0056,A02AT#F26.A07XD$F28.A0BA1
1621,Poon bereid in magnetron z toev,Gurnard prepared in microwave oven no ingredients added,A0717 A0801 B2703 C0268 E0150 F0022 G0011 H0003 J0003 K0003 M0001 N0001 P0024,A029R#F26.A07XE$F28.A0BA1
1622,Baars rood- bereid in magnetron z toev,Ocean perch prepared in microwave oven no ingredients added,A0717 A0802 B1519 C0175 E0150 F0014 G0011 H0003 J0003 K0003 M0003 N0003 P0024 R0001 Z0001,A027N#F26.A07XD$F28.A0BA1
1623,Zeewolf bereid in magnetron z toev,Wolf fish prepared in microwave oven no ingredients added,A0717 A0802 B1519 C0175 E0150 F0014 G0011 H0003 J0003 K0003 M0003 N0003 P0024 R0001 Z0001,A029Z#F28.A0BA1
1624,Paling bereid in magnetron z toev,Eel prepared in microwave oven no ingredients added,A0717 A0801 B1278 C0268 E0150 F0022 G0011 H0003 J0003 K0003 M0001 N0001 P0024,A028K#F28.A0BA1
1625,Paling zee- bereid in magnetron z toev,Paling zee- bereid in magnetron z toev,A0717 A0801 B1278 C0268 E0150 F0022 G0011 H0003 J0003 K0003 M0001 N0001 P0024,A02AL#F28.A0BA1
1627,Kuit/hom gebakken,Soft/hard roe fried,A0717 A0803 B1222 C0194 E0150 F0014 G0005 H0001 J0001 K0003 M0003 N0003 P0024,A02EM#F26.A07XD$F28.A07GR
1628,Kuit/hom v bokking,Soft/hard roe from fat bloater,A0717 A0803 B1124 C0194 E0150 F0003 G0003 H0001 J0001 K0003 M0003 N0003 P0024,A02ES
1629,Kuit vis- gekleurd glas,Spawn/hard roe coloured glass,A0717 A0803 B1222 C0194 E0150 F0003 G0003 H0150 J0001 K0003 M0215 N0040 P0024,A0EYR#F27.A02EM#F26.A07XD$F28.A0BYP
1630,Mosselen in zuur glas,Mussels pickled glass,A0717 A0802 B1223 C0173 E0150 F0014 G0014 H0003 J0001 K0029 M0130 N0040 P0024,A0EZA#F27.A0FCY$F28.A0BYP
1631,Garnalen in water blik,Shrimps in water tinned,A0717 A0803 B1237 C0173 E0151 F0014 G0003 H0003 J0123 K0001 M0151 N0023 P0024,A0BZ5#F06.A06XT$F27.A02GB
1632,Inktvis pijl- bereid in magnetron z toev,Squid prepared in microwave oven no ingredients added,A0717 A0801 B1205 C0103 E0150 F0014 G0011 H0003 J0001 K0003 M0001 N0001 P0024,A02HZ#F26.A07XD$F28.A0BA1
1633,Kip m vel bereid,Chicken w skin prepared,A0715 A0795 B1457 C0267 E0150 F0014 G0026 H0003 J0001 K0003 M0001 N0001 P0024 Z0003,A01SP#F04.A0F1G$F20.A07QQ$F28.A07GR
1634,Kipfilet rauw,Chicken fillet raw,A0715 A0795 B1457 C0268 E0150 F0003 G0003 H0003 J0001 K0003 M0001 N0001 P0024 Z0004,A01SP
1635,Kip z vel bereid,Chicken wo skin prepared,A0715 A0795 B1457 C0268 E0150 F0014 G0026 H0003 J0001 K0003 M0001 N0001 P0024 Z0003,A01SP#F04.A0F1G$F20.A07QR$F28.A07GR
1641,Kiprollade bereid,Chicken rolled prepared,A0715 A0795 B1457 C0267 E0104 F0014 G0026 H0003 J0001 K0003 M0001 N0001 P0024 Z0054,A01SP#F04.A0F1G$F28.A07GR
1642,Kiprollade rauw,Chicken rolled raw,A0715 A0795 B1457 C0267 E0104 F0003 G0003 H0003 J0001 K0003 M0001 N0001 P0024 Z0054,A01SP
1643,Kipnuggets bereid in oven,Chicken nuggets prepared in oven,A0715 A0795 B1457 C0268 E0147 F0014 G0004 H0188 J0120 K0003 M0003 N0003 P0024,A040J#F04.A01SP$F28.A07GX$F28.A07HL
1644,Kipnuggets bereid m frituurvet,Chicken nuggets prepared in frying fat,A0715 A0795 B1457 C0268 E0147 F0014 G0029 H0188 J0120 K0003 M0003 N0003 P0024,A040J#F04.A01SP$F04.A039J$F28.A07GV$F28.A07HL
1645,Kipburger gepaneerd bereid,Chicken burger breaded prepared,A0715 A0795 B1457 C0268 E0117 F0014 G0026 H0188 J0001 K0003 M0001 N0001 P0024 Z0003,A03XF#F04.A04DS$F28.A07HK
1646,Varkenslappen bereid,Pork steak/chop prepared,A0714 A0794 B1136 C0268 E0150 F0014 G0026 H0003 J0001 K0003 M0001 N0001 P0024 Z0018,A01RG#F04.A0F1G$F28.A07GR
1647,Varkensribkarbonade bereid,Pork rib chop prepared,A0714 A0794 B1136 C0268 E0150 F0014 G0026 H0003 J0001 K0003 M0001 N0001 P0024 Z0023,A01RG#F04.A039J$F28.A07GR
1650,Kaas geiten- verse,Cheese goat fresh,A0720 A0784 B1328 C0245 E0144 F0001 G0003 H0253 H0328 J0104 J0131 J0151 K0003 M0001 N0001 P0024 R0355 Z0185,A02QF#F27.A02MB
1651,Stroop gerstemout-,Syrup barley malt,A0698 A0836 B1230 C0271 E0139 F0014 G0003 H0001 J0001 K0003 M0001 N0001 P0024,A034B
1652,Stroop maismout-,Syrup corn,A0698 A0836 B1012 C0271 E0139 F0014 G0003 H0001 J0001 K0003 M0001 N0001 P0024,A034C
1653,Stroop rijstmout-,Syrup rice malt,A0698 A0836 B1322 C0271 E0139 F0014 G0003 H0001 J0001 K0003 M0001 N0001 P0024,A033Z#F26.A07XE$F27.A001D
1655,Diksap geconcentreerd,Fruit juice concentrated,A0708 A0841 B1245 C0229 E0139 F0014 G0003 H0138 J0145 K0003 M0194 N0001 P0020 Z0091,A03BN#F26.A07XD
1656,Sap wortel-,Juice carrot,A0705 A0827 B1227 C0238 E0109 F0018 G0003 H0001 J0120 J0131 J0135 K0003 M0194 N0001 P0024,A03CK
1657,Sap zuurkool-,Juice sauerkraut,A0705 A0827 B1406 C0140 E0109 F0018 G0003 H0173 H0212 J0120 J0131 J0135 K0003 M0001 N0001 P0024,A03CN#F26.A07XE
1663,Rundvlees <5 g vet rauw gem,Beef <5% fat raw av,A0714 A0794 B1201 C0266 E0152 F0003 G0003 H0003 J0001 K0003 M0001 N0001 P0024 Z0047,A01QX#F04.A01QX$F04.A01XG
1664,Rundvlees >5 g vet rauw gem,Beef >5% fat raw av,A0714 A0794 B1201 C0266 E0152 F0003 G0003 H0003 J0001 K0003 M0001 N0001 P0024 Z0047,A01QX#F04.A01QX$F04.A020S$F04.A024N$F04.A03VV$F04. A03XF$F04.A03XG$F04.A049S
1665,Rundvlees <10 g vet bereid gem,Beef <10% fat prepared av,A0714 A0794 B1201 C0266 E0150 F0014 G0026 H0003 J0001 K0003 M0001 N0001 P0024 Z0047,A01QX#F04.A01QX$F04.A01XG$F04.A049S$F28.A07GR
1666,Rundvlees >10 g vet bereid gem,Beef >10% fat prepared av,A0714 A0794 B1201 C0266 E0150 F0014 G0026 H0003 J0001 K0003 M0001 N0001 P0024 Z0047,A01QX#F04.A01QX$F04.A024N$F04.A026A$F04.A03VV$F04. A03XF$F04.A03XG$F04.A049S$F28.A07GR
1667,Varkensvlees <5 g vet rauw gem,Pork <5% fat raw av,A0714 A0794 B1136 C0270 E0152 F0003 G0003 H0003 J0001 K0003 M0001 N0001 P0024 Z0047,A01RG#F04.A01RG$F04.A01XJ
1668,Varkensvlees 5-14 g vet rauw gem,Pork 5-14% fat raw av,A0714 A0794 B1136 C0270 E0152 F0003 G0003 H0003 J0001 K0003 M0001 N0001 P0024 Z0047,A01RG#F04.A01RG$F04.A03VV$F04.A04AC
1669,Varkensvlees >15 g vet rauw gem,Pork >15% fat raw av,A0714 A0794 B1136 C0270 E0152 F0003 G0003 H0003 J0001 K0003 M0001 N0001 P0024 Z0047,A01RG#F04.A01RG$F04.A022X$F04.A024N$F04.A03VV
1670,Varkensvlees <10 g vet bereid gem,Pork <10% fat prepared av,A0714 A0794 B1136 C0270 E0150 F0014 G0026 H0003 J0001 K0003 M0001 N0001 P0024 Z0047,A01RG#F04.A01RG$F04.A01XJ$F28.A07GR
1671,Varkensvlees 10-19 g vet bereid gem,Pork 10-19% fat prepared av,A0714 A0794 B1136 C0270 E0150 F0014 G0026 H0003 J0001 K0003 M0001 N0001 P0024 Z0047,A01RG#F04.A01RG$F04.A024N$F04.A04AC$F28.A07GR
1672,Varkensvlees >19 g vet bereid gem,Pork >19% fat prepared av,A0714 A0794 B1136 C0270 E0150 F0014 G0026 H0003 J0001 K0003 M0001 N0001 P0024 Z0047,A01RG#F04.A01RG$F04.A022X$F04.A026A$F04.A03VV$F28. A07GR
1673,Kalfsvlees <5 g vet gem rauw,Veal <5% fat raw av,A0714 A0793 B1349 C0270 E0104 F0003 G0003 H0003 J0001 K0003 M0001 N0001 P0024 Z0047,A01QY#F04.A01QY
1674,Kalfsvlees >5 g vet gem rauw,Veal >5% fat raw av,A0714 A0793 B1349 C0270 E0104 F0003 G0003 H0003 J0001 K0003 M0001 N0001 P0024 Z0047,A01QY#F04.A01QY$F04.A03VV
1675,Lamsvlees >10 g vet rauw gem,Lamb >10 g fat raw av,A0714 A0794 B1669 C0268 E0150 F0003 G0003 H0003 J0001 K0003 M0001 N0001 P0024,A01RK#F04.A01RK$F04.A04AL
1676,Vlees <5 g vet excl lever rauw gem,Meat av raw <5% fat excl liver,A0714 A0793 B1000 C0268 E0150 F0003 G0003 H0003 J0001 K0003 M0001 N0001 P0024 Z0047 Z0183,A0EYH#F04.A01QX$F04.A01QY$F04.A01RG$F04.A01RN$F04. A01SG$F04.A01SJ$F04.A01SP$F04.A01SQ$F04.A01ST
1677,Vlees >5 g vet excl lever rauw gem,Meat av raw >5% fat excl liver,A0714 A0793 B1000 C0268 E0150 F0003 G0001 H0003 J0001 K0003 M0001 N0001 P0024 Z0047 Z0182,A0EYH#F04.A01QX$F04.A01RG$F04.A01RK$F04.A01RQ$F04. A01SP$F04.A01SQ$F04.A01SR$F04.A022X$F04.A024N$F04.A 03VV$F04.A03XF$F04.A03XG$F04.A049S$F04.A04AC$F04.A0 4AL$F04.A04DS$F04.A04GP
1678,Aardappelschijfjes diepvries gefrituurd in plantaardige olie,Potatoes sliced frozen deep-fried in vegetable oil,A0706 A0829 B1218 C0240 E0107 F0014 G0029 H0003 J0001 K0003 M0001 N0001 P0024 R0355 Z0001,A0BYV#F28.A07GV$F28.A07KQ
1679,Frites oven- diepvries bereid in oven,Chips oven frozen prepared in oven,A0706 A0829 B1218 C0238 E0115 F0014 G0005 H0241 H0334 J0001 K0003 M0001 N0001 P0024,A0BYV#F28.A07GX$F28.A07KQ
1680,Aardappelkroketten diepvries bereid,Potato croquettes frozen prepared,A0706 A0829 B1218 C0240 E0147 F0014 G0029 H0173 H0188 H0227 H0260 H0263 J0136 K0003 M0001 N0001 P0024 R0355 Z0001,A011S#F28.A07KQ$F28.A0BA1
1687,Opvolgmelk Nutrilon 2 p 100 ml,Toddler formula Nutrilon 2 p 100 ml,A0723 A0873 B1201 C0113 E0123 F0014 G0003 H0138 H0141 H0148 H0159 H0163 H0194 H0301 J0116 K0003 M0001 N0001 P0191,A03QR
1699,Koekje kaas-,Biscuits & snacks cheesy,A0695 A0868 B0001 C0208 E0140 F0014 G0005 H0143 H0271 H0367 J0001 K0003 M0003 N0003 P0024,A00FG#F04.A02QE
1719,Melk halfvolle verrijkt m calcium,Milk semi-skimmed fortified w calcium,A0719 A0780 B1201 C0235 E0123 F0022 G0003 H0162 H0247 H0306 J0120 K0003 M0001 N0001 P0024,A02LZ#F09.A0EXH
1720,Vla volle overige smaken,Custard several flavours full fat,A0721 A0778 B1201 C0235 E0103 F0014 G0003 H0100 H0146 H0158 H0227 H0324 J0131 J0135 K0003 M0001 N0001 P0024,A02PY#F03.A0CEE$F04.A02LV$F10.A077A
1721,Yoghurt vanille- halfvolle,Yoghurt vanilla half fat,A0721 A0783 B1201 C0235 E0103 F0018 G0003 H0101 H0117 H0150 H0158 H0247 H0306 H0325 J0131 J0135 K0003 M0001 N0001 P0024 R0001 Z0001,A02NH#F04.A06VS$F10.A077G
1722,Pap griesmeel-,Porridge semolina,A0721 A0778 B1201 C0235 E0135 F0018 G0001 H0319 J0135 K0003 M0001 N0001 P0024,A0F0T#F04.A004F
1723,Kaas 20+,Cheese 20+,A0720 A0784 B1201 C0245 E0151 F0001 G0003 H0150 H0247 H0253 H0328 J0104 J0131 J0151 K0003 M0001 N0001 P0024 R0315 Z0186,A02SV
1724,Kaas 50+,Cheese 50+,A0720 A0784 B1201 C0245 E0151 F0001 G0003 H0150 H0229 H0253 H0328 J0104 J0131 J0151 K0003 M0001 N0001 P0024 R0355 Z0196,A02SV
1725,Kaas gaten- Hollandse 45+,Cheese Dutch in Swiss-style 45+,A0720 A0784 B1201 C0245 E0151 F0001 G0003 H0150 H0253 H0328 J0104 J0131 J0151 K0003 M0001 N0001 P0024 R0315 Z0185,A02SV#F26.A07XE
1726,Kaas 40+ Leidse/Friese nagel-,Cheese 40+ Leiden w cumin/Fries clove,A0720 A0784 B1201 C0245 E0151 F0001 G0003 H0150 H0229 H0247 H0253 H0328 J0104 J0131 J0151 K0003 M0001 N0001 P0024 R0315 Z0185,A02VT
1764,Babyvoeding fruit 12 mnd,Infant food fruit 12 months,A0707 A0834 B1140 C0229 E0134 F0014 G0003 H0306 J0110 K0003 M0210 N0001 P0091 P0097 P0100 P0108 P0192 R0001 Z0112,A03RJ
1770,Kindervoeding maaltijd 18 mnd,Infant food meal 18 months,A0722 A0852 B0001 C0001 E0115 F0014 G0037 H0001 J0110 K0003 M0210 N0001 P0091 P0097 P0100 P0192 R0001 Z0112,A03RC#F22.A07SH$F26.A07XD
1771,Leverkaas/Berliner leverworst,Liver pate/Berliner liver sausage,A0714 A0793 B1136 C0176 E0147 F0022 G0001 H0146 H0191 J0001 K0003 M0001 N0001 P0024,A026S#F04.A01RG$F04.A01XJ
1772,Varkensfricandeau gebraden (vleeswaar),Pork fricandeau fried (processed meat product),A0714 A0794 B1136 C0268 E0150 F0014 G0026 H0003 J0001 K0003 M0001 N0001 P0024 Z0018,A023K#F26.A07XE
1773,Zult zure,"Brawn, pork pickled in vinegar",A0714 A0793 B1105 C0268 E0151 F0014 G0003 H0227 H0253 J0131 K0003 M0001 N0001 P0024 R0001 Z0001,A025Z
1774,Worst tongen-,Sausage tongue,A0714 A0798 B1105 C0189 E0147 F0014 G0020 H0191 H0229 H0339 J0120 K0003 M0001 N0056 P0024 R0001 Z0001,A025Y
1775,Spek ontbijt- gegrild,Bacon rasher streaky grilled,A0714 A0794 B1136 C0268 E0151 F0001 G0006 H0253 J0108 K0003 M0001 N0001 P0024 Z0046,A023H#F28.A07HA
1776,Ham achter- gegrild,Ham lean grilled,A0714 A0797 B1136 C0268 E0150 F0014 G0006 H0173 H0253 J0145 K0003 M0001 N0001 P0024,A023K#F10.A077C$F28.A07HA
1777,Ham been-,Gammon boiled deboned,A0714 A0797 B1136 C0268 E0150 F0014 G0003 H0173 H0253 J0145 K0003 M0001 N0001 P0024,A023K
1779,Knackebrod volkoren,Crispbread wholemeal,A0695 A0817 B1313 C0208 E0147 F0022 G0005 H0152 H0256 H0753 J0003 K0003 M0001 N0001 P0024,A006B
1788,Varkensribkarbonade rauw,Pork rib chop raw,A0714 A0794 B1136 C0268 E0150 F0003 G0003 H0003 J0001 K0003 M0001 N0001 P0024 Z0023,A01RG
1789,Varkensschnitzel ongepaneerd bereid,Pork schnitzel not breaded prepared,A0714 A0794 B1136 C0268 E0150 F0014 G0026 H0003 J0001 K0003 M0001 N0001 P0024 Z0018,A01RG#F04.A039J$F28.A07GR
1790,Varkensschnitzel ongepaneerd rauw,Pork schnitzel not breaded raw,A0714 A0794 B1136 C0268 E0150 F0003 G0003 H0003 J0001 K0003 M0001 N0001 P0024 Z0018,A01RG
1791,Room spuitbus m suiker,Cream whipped w sugar canned,A0721 A0778 B1201 C0195 E0119 F0022 G0003 H0158 H0178 J0120 K0015 M0151 N0001 P0024,A02MN#F04.A032J$F07.A073R
1792,Maaltijdvervanger Modifast Intensive Muesli,Dfr Modifast Intensive Muesli,A0723 A0871 B0001,A03RV
1802,Knackebrod Sandwich Wasa,Crispbread Sandwich Wasa,A0695 A0817 B1312 C0208 E0147 F0022 G0005 H0152 H0256 H0753 J0003 K0003 M0001 N0001 P0024,A005Y#F26.A07XE
1803,Saus oosterse kant-en-klaar glas/zak,Sauce oriental ready-to-eat jar/bag,A0722 A0862 B0001 C0001 E0110 F0018 G0003 H0148 H0158 H0212 H0279 H0281 H0367 J0001 K0003 M0210 N0040 P0024,A043V#F22.A07SH$F26.A07XD$F28.A0BYP
1808,Creme fraiche,Creme fraiche,A0721 A0778 B1201 C0195 E0119 F0018 G0003 H0101 J0135 K0003 M0001 N0001 P0024,A02NC
1809,Kaas 45+,Cheese 45+,A0720 A0784 B1201 C0245 E0151 F0001 G0003 H0150 H0253 H0328 J0104 J0131 J0151 K0003 M0001 N0001 P0024 R0315 Z0185,A02SV
1810,Siroop vruchtenlimonade- Karvan Cevitam,Fruit drink concentrate Karvan Cevitam,A0709 A0842 B1012 C0174 E0139 F0001 G0003 H0148 H0200 H0215 H0216 H0217 H0227 H0311 H0362 J0001 K0003 M0194 N0001 P0024,A03GE#F09.A0EXN
1811,Kousenband gekookt,Beans long yard Kousenband boiled,A0705 A0825 B1724 C0262 E0150 F0003 G0015 H0003 J0003 K0003 M0003 N0001 P0024,A00PF#F28.A07GL
1812,Nectarine,Nectarine,A0707 A0833 B1436 C0213 E0150 F0003 G0003 H0003 J0003 K0003 M0003 N0003 P0024,A01GN
1813,Melkdrank Yakult original,Milk based drink Yakult original,A0721 A0783 B1201 C0235 E0123 F0018 G0003 H0101 H0136 H0306 J0104 J0131 J0135 K0003 M0001 N0001 P0024,A02NR
1832,Yoghurtdrank Vifit vruchten,Yoghurt drink Vifit fruit,A0721 A0783 B1201 C0235 E0123 F0022 G0003 H0119 H0147 H0217 H0306 H0309 H0310 J0120 J0142 K0003 M0001 N0001 P0024 R0001 Z0001,A02NQ#F09.A0EXM$F09.A0EXQ$F09.A16FP
1876,Salade komkommer- lunch/borrel,Salad cucumber,A0722 A0866 B1404 C0139 E0134 F0003 G0003 H0148 H0158 H0185 H0212 H0229 H0297 H0344 H0362 H0367 J0001 K0001 M0001 N0001 P0024,A042D#F04.A002R$F04.A00HC$F04.A00JM$F04.A02NG$F04. A032B$F04.A032J$F04.A037A$F04.A037D$F04.A03DL$F04.A 042P$F04.A044L
1877,Salade vlees- lunch/borrel,Salad meat,A0722 A0866 B1161 C0268 E0134 F0023 G0003 H0147 H0148 H0158 H0185 H0191 H0212 H0229 H0296 H0344 H0362 H0367 J0001 K0001 M0001 N0001 P0024,A042L#F04.A002R$F04.A00HC$F04.A00QH$F04.A00ZJ$F04.A 01DJ$F04.A025N$F04.A02ML$F04.A032B$F04.A032J$F04.A0 37A$F04.A03AH$F04.A03DL$F04.A042P$F04.A044G
1878,Vruchtendrank Roosvicee Multivit,Fruit juice drink Roosvicee Multivit,A0709 A0841 B1140 C0167 E0123 F0022 G0003 H0136 H0148 H0215 H0216 H0217 H0311 H0317 J0120 K0003 M0150 N0001 P0024,A03EV#F09.A0EXK$F09.A0EXL$F09.A0EXN$F09.A0EXP$F09.A 0EXS$F09.A0EXV$F09.A0EXX$F09.A0EXY
1879,Aroma strooi- natriumarm,Seasoning flavoured powder low sodium,A0722 A0825 B1179 C0144 E0106 F0001 G0003 H0100 H0138 H0157 H0236 H0315 H0349 J0116 K0003 M0001 N0003 P0024 P0077 P0156,A042Y#F10.A0CQE
1883,Bouillonpoeder natriumarm,Stock powder low sodium,A0722 A0856 B1347 C0170 E0106 F0001 G0003 H0117 H0138 J0100 K0003 M0001 N0001 P0024 P0077 P0156 R0001 Z0001,A043F#F10.A0CQE$F26.A07XD
1885,Water gem,Water av,A0709 A0844 B3323 C0005 E0123 F0003 G0003 H0003 J0003 K0003 M0001 N0001 P0024,A03DL#F04.A03DL
1886,Chutney mango-,Mango chutney,A0707 A0834 B1270 C0229 E0144 F0014 G0014 H0147 H0158 H0200 H0349 J0003 K0003 M0003 N0003 P0024,A045V
1887,Dadels vers,Dates fresh,A0707 A0833 B1209 C0139 E0150 F0003 G0003 H0003 J0001 K0003 M0001 N0001 P0024,A01HF
1888,Carambola,Carambola,A0707 A0833 B1686 C0140 E0150 F0003 G0003 H0003 J0003 K0003 M0003 N0001 P0024,A01HM
1889,Couscous rauw,Couscous unprepared,A0696 A0822 B1079 C0132 E0147 F0003 G0003 H0138 J0116 K0003 M0001 N0001 P0024,A008C#F28.A07HS
1890,Gerst hele korrel rauw,Barley whole grain raw,A0696 A0814 B1047 C0133 E0150 F0003 G0003 H0001 J0001 K0003 M0001 N0001 P0024,A000P#F28.A07HS
1891,Mierikswortel rauw,Horse-radish raw,A0705 A0825 B1748 C0306 E0136 F0003 G0003 H0003 J0003 K0003 M0003 N0003 P0024,A00QK
1892,Paksoi rauw,Cabbage pak-choi raw,A0705 A0826 B2077 C0151 E0150 F0003 G0003 H0003 J0001 K0003 M0001 N0001 P0024,A00GJ
1893,Kaas Bel Paese,Cheese Bel Paese,A0720 A0784 B1201 C0245 E0144 F0001 G0003 H0253 H0328 J0104 J0131 J0151 K0003 M0001 N0001 P0024 R0355 Z0196,A02SV
1894,Bonen kidney- rode gedroogd,Beans kidney red dried,A0704 A0831 B1659 C0133 E0150 F0003 G0003 H0138 J0116 K0003 M0001 N0001 P0024 R0001 Z0284,A012V
1895,Noten pecan- ongebrand ongezouten,Pecan nuts unroasted unsalted,A0703 A0823 B1320 C0155 E0150 F0001 G0005 H0138 J0116 K0003 M0001 N0001 P0024 P0078,A014N#F10.A0CQE
1896,Noten pistache- gezouten,Pistachio nuts salted,A0703 A0823 B1416 C0155 E0150 F0001 G0005 H0367 J0001 K0003 M0001 N0001 P0024 P0078,A014Q#F10.A0CJK
1897,Zeewier kelp rauw,Seaweed kelp raw,A0705 A0827 B1744 C0150 E0150 F0003 G0003 H0001 J0001 K0003 M0001 N0001 P0024 R0001 Z0001,A00VK#F26.A07XE
1898,Zeewier agar agar gedroogd,Seaweed agar agar dried,A0705 A0827 B1033 C0150 E0150 F0003 G0003 H0138 J0116 K0003 M0001 N0001 P0024 R0001 Z0001,A00ZQ#F26.A07XE$F27.A00VE
1899,Jacobsschelpen rauw,Coquilles scallop shell St. Jacques raw,A0717 A0803 B1489 C0103 E0150 F0003 G0003 H0003 J0003 K0003 M0003 N0003 P0024,A02HN#F26.A07XD
1900,Geitenvlees rauw gem,Goat meat raw av,A0714 A0793 B1328 C0268 E0150 F0003 G0003 H0003 J0001 K0003 M0001 N0001 P0024 Z0047,A01RL
1901,Nier varkens- rauw,Kidney pork raw,A0716 A0796 B1136 C0196 E0150 F0003 G0003 H0003 J0001 K0003 M0001 N0001 P0024,A01YM
1902,Nier runder- rauw,Kidney ox raw,A0716 A0796 B1161 C0196 E0150 F0003 G0003 H0003 J0001 K0003 M0001 N0001 P0024,A01YK
1903,Nier lams- rauw,Kidney lamb raw,A0716 A0796 B1669 C0196 E0150 F0003 G0003 H0003 J0001 K0003 M0001 N0001 P0024,A01YN
1904,Groenten gekookt gem,Vegetables av boiled,A0705 A0825 B1579 C0150 E0151 F0014 G0012 G0015 H0001 J0001 K0003 M0001 N0001 P0024 R0315 Z0109,A00FJ#F04.A00FN$F04.A00FR$F04.A00FV$F04.A00FZ$F04.A0 0GA$F04.A00GC$F04.A00GG$F04.A00GJ$F04.A00GM$F04.A0 0HC$F04.A00HH$F04.A00HR$F04.A00HS$F04.A00JA$F04.A00 JD$F04.A00JM$F04.A00JR$F04.A00KH$F04.A00KP$F04.A00L D$F04.A00MJ$F04.A00NE$F04.A00PD$F04.A00PG$F04.A00Q A$F04.A00QG$F04.A00QH$F04.A00QJ$F04.A00QR$F04.A00R C$F04.A00RD$F04.A00RT$F04.A00RY$F04.A00SA$F04.A00SB $F04.A00SR$F04.A00TZ$F04.A00ZJ$F04.A00ZK$F04.A00ZP$F 04.A012A$F04.A012J$F04.A01BC$F04.A03XX$F04.A03XY$F04 .A0DNZ$F04.A0ESL$F04.A0ETQ$F28.A07GL
1905,Groenten rauw gem,Vegetables av raw,A0705 A0825 B1057 C0150 E0152 F0003 G0003 H0001 J0001 K0003 M0001 N0001 P0024 R0315,A00FJ#F04.A00FN$F04.A00FR$F04.A00GA$F04.A00GC$F04.A 00HC$F04.A00HH$F04.A00HR$F04.A00HS$F04.A00HY$F04.A 00JA$F04.A00JM$F04.A00JR$F04.A00KT$F04.A00KY$F04.A00 KZ$F04.A00LC$F04.A00LD$F04.A00LN$F04.A00NE$F04.A00Q G$F04.A00QH$F04.A00QV$F04.A00RY$F04.A00SB$F04.A00T Q$F04.A00ZK$F04.A0DLB$F04.A0DNZ
1906,Fruit vers incl citrus- gem,Fruit fresh av including citrus,A0707 A0833 B1140 C0229 E0150 F0003 G0003 H0003 J0001 K0003 M0001 N0001 P0024,A04RK#F04.A00KF$F04.A00KJ$F04.A01BY$F04.A01CD$F04.A 01CY$F04.A01DJ$F04.A01DP$F04.A01DX$F04.A01EA$F04.A0 1EE$F04.A01EP$F04.A01EY$F04.A01FE$F04.A01FH$F04.A01F N$F04.A01FP$F04.A01GF$F04.A01GK$F04.A01GL$F04.A01G N$F04.A01GQ$F04.A01LC$F04.A01LF$F04.A01LH$F04.A01LP $F04.A0DRE$F04.A0DRF$F04.A0DZB
1907,Vleeswaren excl leverproducten gem,Processed meat prod excl liver av,A0714 A0797 B1105 C0268 E0153 F0001 G0001 H0001 J0001 K0003 M0003 N0003 P0024,A04ND#F04.A022T$F04.A022X$F04.A023C$F04.A023H$F04.A 023K$F04.A023M$F04.A023T$F04.A023X$F04.A024D$F04.A0 24G$F04.A024S$F04.A024X$F04.A025C$F04.A025N$F04.A02 5S$F04.A025Y$F04.A025Z$F04.A026B$F04.A026K$F04.A0B9 G$F26.A07XD
1908,Vleeswaren <10 g vet excl leverprod gem,Processed meat prod <10 g fat excl liver av,A0714 A0797 B1105 C0268 E0153 F0001 G0001 H0001 J0001 K0003 M0003 N0003 P0024,A04ND#F04.A022T$F04.A023C$F04.A023H$F04.A023K$F04.A 023M$F04.A023T$F04.A023X$F04.A024G$F04.A026B$F10.A0 77C$F26.A07XD
1909,Worst excl leverproducten gem,Sausage excl liver products av,A0714 A0798 B1161 C0268 E0147 F0014 G0012 H0227 H0253 J0001 K0001 M0001 N0001 P0024,A024F#F04.A024D$F04.A024G$F04.A024S$F04.A024X$F04.A 025C$F04.A025N$F04.A025S$F04.A025Y$F26.A07XD
1910,Vleeswaren 20-30 g vet excl leverprod gem,Processed meat prod 20-30 g fat excl liver av,A0714 A0797 B1105 C0268 E0153 F0001 G0001 H0001 J0001 K0003 M0003 N0003 P0024,A04ND#F04.A022X$F04.A023H$F04.A024D$F04.A025C$F04. A025N$F04.A025Z$F10.A077B$F26.A07XD
1911,Vleeswaren >30 g vet excl leverprod gem,Processed meat prod >30 g fat excl liver av,A0714 A0797 B1105 C0268 E0153 F0001 G0001 H0001 J0001 K0003 M0003 N0003 P0024,A04ND#F04.A024S$F04.A024X$F04.A025N$F04.A025S$F26.A 07XD
1912,Saus Chinese zoetzure huishoudelijk bereid,Sauce Chinese soursweet home-made,A0722 A0862 B1276 C0167 E0102 F0014 G0013 H0146 H0229 H0361 J0151 K0003 M0001 N0001 P0024,A16EY#F04.A002R$F04.A00ZF$F04.A032N$F04.A041L$F04.A0 44P$F22.A07SS
1913,Saus sate- huishoudelijk bereid m water m vet,Peanut sauce homemade w water w fat,A0722 A0862 B1337 C0158 E0135 F0022 G0014 H0148 H0151 H0342 H0349 J0003 K0003 M0003 N0003 P0024 Z0109,A043V#F04.A00HC$F04.A01BN$F04.A033Z$F04.A036X$F04.A 03DL$F04.A043F$F04.A044R$F04.A0EZD$F22.A07SS$F26.A07 XE
1914,Brooddeeg (bodem voor pizza/hartige taart) onbereid,Dough for pizza and savoury pie unprepared,A0691 A0817 B1312 C0208 E0151 F0014 G0005 H0152 H0221 H0256 H0259 H0753 J0003 K0003 M0001 N0001 P0024,A008H#F04.A003X$F04.A036P$F04.A03DL$F04.A042P$F04.A 049A$F28.A07HS
1915,Soes ongevuld,Eclair wo filling,A0695 A0821 B1312 C0208 E0147 F0023 G0005 H0148 H0186 H0272 H0367 J0001 K0003 M0003 N0003 P0024,A00AG#F04.A003X$F04.A032B$F04.A039E$F04.A03DL$F04.A 042R$F26.A07XE
1916,Room slag- geklopt m suiker,Cream whipped w added sugar,A0721 A0782 B1201 C0195 E0103 F0022 G0003 H0158 H0178 J0120 K0003 M0001 N0001 P0024,A02MM#F04.A02ML$F04.A032J$F28.A07LE
1917,Vlaaibodem Limburgse,Flan bottom Limburg,A0695 A0821 B1312 C0208 E0147 F0014 G0005 H0158 H0185 H0272 H0297 H0367 H0753 J0001 K0003 M0003 N0003 P0024,A00BT#F04.A003X$F04.A02LZ$F04.A032B$F04.A032K$F04.A0 39E$F04.A042R$F04.A049A
1932,Sap sinaasappel- m vruchtvlees,Juice orange w pulp,A0708 A0841 B1339 C0140 E0114 F0018 G0003 H0003 J0131 J0135 K0003 M0001 N0001 P0024,A03AM
1933,Sap tomatengroenten- Appelsientje Tomatientje,Juice tomato/vegetable Appelsientje Tomatientje,A0705 A0827 B1276 C0140 E0109 F0018 G0003 H0212 J0120 J0131 J0135 K0003 M0001 N0001 P0024,A03CX#F09.A0EXN
1934,Sap tomaten- Appelsientje Zontomaat,Juice tomato Appelsientje Zontomaat,A0705 A0827 B1276 C0140 E0109 F0018 G0003 H0001 J0131 J0135 K0003 M0001 N0001 P0024,A03CJ#F09.A0EXN
1935,Noten gemengd gezouten,Nuts mixed salted,A0703 A0823 B1213 C0155 E0150 F0014 G0005 H0367 J0001 K0003 M0001 N0001 P0024,A014C#F04.A014F$F04.A014G$F04.A014H$F04.A014L$F04.A 014M$F04.A014N$F04.A014Q$F04.A014R$F04.A015H$F10.A 0CJK
1936,Kalkoenfilet rauw,Turkey fillet raw,A0715 A0795 B1236 C0125 E0150 F0003 G0003 H0003 J0001 K0003 M0001 N0001 P0024 Z0003,A01SQ
1937,Chips tortilla naturel,Crisps tortilla unflavoured,A0696 A0814 B1232 C0155 E0145 F0014 G0029 H0173 H0221 H0263 J0001 K0003 M0166 N0036 P0024 R0001 Z0001 Z0185,A00FD
1938,Saus sate- op basis pakje bereid,Peanut sauce packet prepared,A0722 A0862 B1337 C0112 E0135 F0014 G0014 H0138 H0146 H0148 H0151 H0158 H0263 H0367 J0116 K0003 M0197 N0001 P0024,A043V#F04.A01BN$F22.A07SH$F26.A07XE$F28.A07MR
1939,Kaas blauwschimmel Gorgonzola,Cheese Gorgonzola,A0720 A0784 B1201 C0245 E0151 F0001 G0003 H0253 H0331 J0104 J0131 J0151 K0003 M0001 N0001 P0024 R0355 Z0196,A030H
1943,Zoutjes Japanse mix m pinda's,Japanese rice cracker mix w peanuts,A0722 A0868 B1322 C0134 E0147 F0001 G0003 H0124 J0117 K0003 M0197 N0003 P0024,A06HL#F04.A00FF$F04.A015H$F26.A07XE
1945,Broodje pudding-,Bun w vanilla custard,A0691 A0817 B1312 C0208 E0147 F0014 G0005 H0152 H0207 H0221 H0256 H0259 H0753 J0003 K0003 M0001 N0001 P0024,A00BL#F04.A004Y$F04.A02PY$F09.A0EXA
1953,Plantaardig alternatief voor vruchten- /vanilleyoghurt obv soja m suiker verrijkt m calcium en vitamines,Plant-based alternative to fruit/vanilla yoghurt based on soya sweetened fortified w calcium and vitamins,A0722 A0788 B1452 C0235 E0103 F0022 G0003 H0101 H0136 H0147 H0227 H0247 H0306 J0131 J0135 K0003 M0001 N0001 P0024 P0199,A03TV#F09.A0EXH$F09.A0EXM$F09.A0EXP$F09.A0EXX$F10. A077J
1955,Kaas Mozzarella gemaakt v koemelk,Cheese Mozzarella made from cow's milk,A0720 A0786 B1201 C0245 E0151 F0018 G0003 H0107 H0247 J0104 J0131 J0151 K0003 M0001 N0001 P0024 R0355 Z0185,A02QJ
1956,Halvarineproduct Becel pro-activ,Low fat spread Becel pro-activ,A0701 A0807 B1017 C0190 E0119 F0014 G0003 H0174 H0194 H0213 H0214 H0216 H0217 H0221 H0306 J0100 K0003 M0172 N0001 P0024 Z0197 Z0202,A039H#F09.A0EVQ$F09.A0EXL$F09.A0EXM$F09.A0EXY$F09. A0EXZ$F10.A077B$F10.A0F6C
1957,Vla slagroom-,Custard of milk and whipped cream,A0721 A0778 B1201 C0235 E0103 F0014 G0003 H0100 H0146 H0158 H0227 H0296 H0324 J0131 J0135 K0003 M0001 N0001 P0024,A02PY#F03.A0CEE$F04.A02MM$F04.A02PY$F09.A0EXH$F10. A077F
1958,Pap karnemelkse gorte-,Porrdige buttermilk groats,A0721 A0778 B1201 C0216 E0123 F0018 G0001 H0119 H0152 J0135 K0003 M0001 N0001 P0024,A0F0T#F04.A000P$F04.A02MV
1961,Halvarineproduct Blue Band Goede Start,Low fat margarine prod Blue Band Goede Start,A0701 A0807 B1017 C0190 E0119 F0014 G0003 H0162 H0173 H0174 H0194 H0213 H0214 H0216 H0217 H0221 H0306 H0309 H0310 J0100 K0003 M0172 N0001 P0024 Z0197 Z0202,A039E#F09.A0EXH$F09.A0EXM$F09.A0EXP$F09.A0EXQ$F09. A0EXS$F09.A0EXX$F09.A0EXY$F09.A0EXZ$F10.A077B
1962,Hagelslag chocolade- melk,Chocolate sprinkles milk,A0699 A0839 B1318 C0134 E0152 F0014 G0003 H0158 H0184 H0231 J0001 K0003 M0001 N0003 P0024,A0EQS#F26.A07XE
1963,Hagelslag chocolade- puur,Chocolate sprinkles dark,A0699 A0839 B1318 C0134 E0152 F0014 G0003 H0158 H0231 J0001 K0003 M0001 N0003 P0024,A0EQS#F26.A07XE
1964,Pasta chocolade- melk,Spread chocolate milk,A0697 A0835 B1012 C0210 E0119 F0014 G0014 H0184 H0227 H0231 H0263 H0315 H0367 H0555 J0001 K0003 M0134 N0040 P0024,A0C6P
1965,Biscuit melk- Liga Milkbreak,Biscuit Liga Milkbreak milkbiscuit,A0695 A0821 B1312 C0208 E0140 F0014 G0005 H0146 H0158 H0181 H0186 H0216 H0263 H0280 H0297 H0345 H0347 H0367 H0423 H0431 H0456 H0514 H0555 H0681 H0748 J0001 K0003 M0128 N0036 P0024,A00AE#F04.A02LV$F09.A0EXD$F09.A0EXH$F09.A0EXS
1969,Cake m roomboter,Cake made w butter,A0695 A0821 B1312 C0208 E0147 F0022 G0005 H0158 H0186 H0271 H0319 J0001 K0003 M0003 N0001 P0024,A00AP#F04.A003X$F04.A032B$F04.A032J$F04.A039C$F04.A 042R
1972,Koekje roomboter- gem,Biscuits assorted w butter av,A0695 A0821 B1312 C0208 E0140 F0014 G0005 H0158 H0271 J0001 K0003 M0003 N0003 P0024,A009X#F04.A009X$F04.A00AD$F04.A00BV$F04.A00CQ
1973,Opvolgmelk Nutrilon 3 p 100 ml,Toddler formula Nutrilon 3 p 100 ml,A0723 A0873 B1201 C0113 E0123 F0014 G0003 H0138 H0141 H0148 H0159 H0163 H0194 H0301 J0116 K0003 M0001 N0001 P0191,A03QR
1991,Ontbijtproduct Olvarit pap 8 granen 12+ mnd,Breakfast cereal porridge Olvarit 8 granen 12+ months,A0692 A0816 B1324 C0155 E0106 F0014 G0003 H0149 H0159 H0195 H0213 H0214 H0215 H0217 H0309 H0310 H0311 H0319 H0320 H0321 H0322 H0323 H0336 H0337 H0456 J0001 K0003 M0148 N0039 P0020,A03QY#F04.A001B$F04.A002G$F04.A003F$F04.A003J$F04.A 003X$F04.A004B$F04.A00DJ$F04.A033J$F04.A0C0Z$F09.A0E XY
1999,Ontbijtproduct Frosties Kellogg's,Breakfast cereal Frosties Kellogg's,A0692 A0816 B1379 C0155 E0140 F0014 G0003 H0158 H0181 H0216 H0281 H0309 H0310 H0311 H0367 H0456 H0754 J0001 K0003 M0148 N0036 P0024,A00DD#F09.A0EXD$F09.A0EXM$F09.A0EXP$F09.A0EXQ$F09. A0EXS$F09.A0EXV$F09.A0EXX$F09.A0EXY
2002,Ontbijtproduct Coco pops Kellogg's,Breakfast cereal Coco pops Kellogg's,A0692 A0816 B1322 C0208 E0140 F0014 G0003 H0158 H0181 H0216 H0231 H0281 H0309 H0310 H0311 H0367 H0456 H0754 J0001 K0003 M0148 N0036 P0024,A00DR#F04.A032H$F04.A03HG$F04.A03HJ$F09.A0EXD$F09. A0EXM$F09.A0EXP$F09.A0EXQ$F09.A0EXS$F09.A0EXV$F09. A0EXX$F09.A0EXY
2004,Ontbijtproduct All-Bran Fruit 'n Fibre Kellogg's,Breakfast cereal All-Bran Fruit n Fibre Kellogg's,A0692 A0816 B1312 C0208 E0140 F0014 G0003 H0158 H0177 H0181 H0216 H0263 H0309 H0310 H0311 H0340 H0364 H0367 J0001 K0003 M0148 N0036 P0024,A00EF#F04.A01QF$F09.A0EXD$F09.A0EXM$F09.A0EXP$F09. A0EXQ$F09.A0EXS$F09.A0EXV$F09.A0EXX$F09.A0EXY
2005,Ontbijtproduct Special K Original Kellogg's,Breakfast cereal Special K Original Kellogg's,A0692 A0816 B1324 C0208 E0140 F0014 G0003 H0158 H0181 H0184 H0215 H0216 H0309 H0310 H0311 H0318 H0319 H0321 H0367 H0758 J0001 K0003 M0148 N0036 P0024,A00EM#F09.A0EXD$F09.A0EXM$F09.A0EXP$F09.A0EXQ$F09. A0EXS$F09.A0EXV$F09.A0EXX$F09.A0EXY
2006,Ontbijtproduct Smacks Kellogg's,Breakfast cereal Smacks Kellogg's,A0692 A0816 B1312 C0208 E0140 F0014 G0003 H0149 H0158 H0181 H0216 H0263 H0309 H0310 H0311 H0456 J0001 K0003 M0148 N0036 P0024,A00EE#F04.A032H$F09.A0EXD$F09.A0EXM$F09.A0EXP$F09. A0EXQ$F09.A0EXS$F09.A0EXV$F09.A0EXX$F09.A0EXY
2007,Ontbijtproduct Honey pops Loops Kellogg's,Breakfast cereal Honey pops Loops Kellogg's,A0692 A0816 B1324 C0208 E0153 F0014 G0003 H0149 H0158 H0181 H0216 H0281 H0309 H0310 H0311 H0317 H0319 H0322 H0323 H0337 H0367 H0411 H0431 H0738 J0001 K0003 M0148 N0036 P0024,A0F4Q#F04.A033J$F09.A0EXD$F09.A0EXM$F09.A0EXP$F09.A 0EXQ$F09.A0EXS$F09.A0EXV$F09.A0EXX$F09.A0EXY
2009,Taart vruchten- v zandgebak,Tart fruit w shortbread base,A0695 A0821 B1312 C0134 E0147 F0023 G0005 H0147 H0158 H0186 H0272 H0367 J0003 K0003 M0003 N0003 P0024,A00BZ#F04.A003X$F04.A01DX$F04.A01EA$F04.A01EE$F04.A 01GK$F04.A01LC$F04.A01NP$F04.A01PB$F04.A032B$F04.A0 32J$F04.A032K$F04.A039E$F04.A042R$F04.A0DRF
2010,Taart vruchten- v cakedeeg,Sponge cake w fruit,A0695 A0821 B1312 C0134 E0147 F0023 G0005 H0147 H0158 H0186 H0272 H0367 J0003 K0003 M0003 N0003 P0024,A00BA#F04.A003X$F04.A01DJ$F04.A032B$F04.A032K$F04.A 039E$F04.A042R
2012,Maaltijdvervanger Modifast Intensive Pudding,Dfr Modifast Intensive Pudding,A0723 A0871 B0001,A03RV
2013,Maaltijdvervanger milkshake Modifast Intensive,Dfr Modifast Intensive Milkshake,A0723 A0871 B0001,A03RV
2024,Sportvoeding Isostar Actifood,Sports food Isostar Actifood,A0723 A0871 B0001,A036H#F23.A07TS$F09.A0EXF$F09.A0EXH$F09.A0EXJ$F09.A0 EXL$F09.A0EXN$F09.A0EXY
2027,Sportvoeding Isostar Powertabs,Sports food Isostar power tabs,A0723 A0871 B0001,A03GF#F23.A07TS$F09.A0EXF$F09.A0EXH$F09.A0EXJ$F09.A0 EXL$F09.A0EXN$F09.A0EXY
2030,Gehakt fijn- vegetarisch obv mycoproteine onbereid,Minced meat vegetarian based on mycoprotein unprepared,A0722 A0800 B1261 C0005 E0140 F0001 G0003 H0148 H0205 J0131 K0003 M0172 N0036 P0024 P0199,A03TG
2031,Stukjes vegetarisch obv mycoproteine onbereid,Pieces/chunks vegetarian based on mycoprotein unprepred,A0722 A0800 B1261 C0005 E0125 F0003 G0003 H0148 H0205 H0227 J0131 K0003 M0172 N0036 P0024 P0199,A03TG
2041,Sportdrank AA-Drink Isotone,Sports drink AA Isotone,A0709 A0842 B2974 C0005 E0123 F0001 G0003 H0100 H0108 H0215 H0281 H0362 H0469 H0491 H0499 H0510 J0001 K0003 M0001 N0001 P0024,A03GB
2042,Sportdrank hypertone m koolhydraten,Sports drink hypertone w carbohydrates,A0709 A0842 B2974 C0005 E0123 F0001 G0003 H0100 H0154 H0155 H0158 H0168 H0215 H0315 H0317 H0491 H0646 J0001 K0003 M0001 N0001 P0024,A03GB
2047,Gehakt fijn- vegetarisch obv soja onbereid,Minced meat vegetarian based on soya unprepared,A0722 A0800 B1452 C0208 E0140 F0001 G0003 H0221 H0229 H0319 J0120 K0003 M0001 N0003 P0024 P0199,A03TE#F04.A031T$F04.A036N$F04.A03DL$F04.A18SV$F26.A 07XE$F27.A0DBM
2048,Pinda's dry roasted,Peanuts dry roasted,A0703 A0823 B1337 C0155 E0150 F0014 G0005 H0173 J0001 K0003 M0001 N0001 P0024,A015H#F28.A07GY
2049,Rijst meergranen- rauw,Rice multi-grain raw,A0696 A0814 B1322 C0208 E0150 F0003 G0003 H0319 H0321 H0323 J0001 K0003 M0001 N0001 P0024,A001G#F04.A001X$F28.A07HS
2051,Ontbijtproduct Brinta Wake Up drinkontbijt,Breakfast cereal Brinta Wake Up breakfastdrink,A0692 A0816 B1324 C0155 E0153 F0014 G0003 H0138 H0274 J0116 K0003 M0155 N0001 P0024,A16GM#F09.A0EXD$F09.A0EXL$F09.A0EXN$F09.A0EXS$F09. A0EXX$F09.A0EXY
2054,Babyvoeding maaltijd 12 mnd,Infant food meal 12 months,A0722 A0861 B0001 C0001 E0119 F0014 G0037 H0003 J0110 K0003 M0210 N0001 P0078 P0091 P0097 P0100 P0108 P0191 R0001 Z0112,A03RC#F22.A07SH$F26.A07XD
2056,Babyvoeding fruit 6 mnd,Infant food fruit 6 months,A0707 A0834 B1140 C0229 E0135 F0014 G0003 H0306 J0110 K0003 M0210 N0001 P0091 P0097 P0100 P0108 P0191 R0001 Z0112,A03RJ
2057,Lamsvlees <10 g vet rauw gem,Lamb <10 g fat raw av,A0714 A0794 B1669 C0268 E0150 F0003 G0003 H0003 H0247 J0001 K0003 M0001 N0001 P0024,A01RK
2058,Schapenvlees <10 g vet gem rauw,Mutton <10g fat raw av,A0714 A0793 B1183 C0268 E0150 F0003 G0003 H0003 J0001 K0003 M0001 N0001 P0024,A01RJ
2059,Halvarine 40% vet <17 g verz vetz gezouten,Low fat margarine 40% fat <17 g sat fa salted,A0701 A0807 B1017 C0190 E0119 F0014 G0003 H0173 H0174 H0194 H0213 H0214 H0217 H0221 H0306 J0100 K0003 M0172 N0001 P0024 Z0197 Z0202,A039E#F07.A074F$F09.A0EXM$F09.A0EXZ$F10.A0CJK
2060,Halvarineproduct 35% vet <10g verz vetz ongezouten,Low fat margarine prod 35% fat <10 g sat fa unsalted,A0701 A0807 B1017 C0190 E0119 F0014 G0003 H0174 H0194 H0213 H0214 H0217 H0221 H0306 J0100 K0003 M0172 N0001 P0024 Z0197 Z0202,A039E#F07.A074A$F09.A0EXM$F09.A0EXZ$F10.A0CQE
2063,Margarine 80% vet >24 g verz vetz gezouten,Margarine 80% fat >24 g sat fa salted,A0701 A0807 B1017 C0190 E0119 F0014 G0003 H0173 H0174 H0194 H0213 H0214 H0221 H0306 J0100 K0003 M0159 M0172 N0001 P0024 Z0200,A039D#F07.A076B$F09.A0EXM$F09.A0EXZ$F10.A0CJK
2066,Bak- en braadvet vloeib 97% vet <17g verz vetz gezouten,Cooking fat liquid 97% fat <17 g sat fa salted,A0701 A0807 B1017 C0190 E0102 F0014 G0003 H0173 H0174 H0194 H0213 H0214 H0217 H0221 H0306 J0100 K0003 M0172 N0001 P0024 R0001 Z0198,A039J#F03.A06JL$F07.A076V$F09.A0EXM$F09.A0EXZ$F10.A0 CJK
2067,Bak- en braadvet vast 97% vet >17 g verz vetz gezouten,Cooking fat solid 97% fat >17 g sat fa salted,A0701 A0807 B1017 C0190 E0119 F0014 G0003 H0173 H0174 H0194 H0213 H0214 H0217 H0221 H0306 J0100 K0003 M0173 N0001 P0024 R0001 Z0199,A039J#F07.A076V$F09.A0EXM$F09.A0EXZ$F10.A0CJK
2068,Vet frituur- vloeibaar,Frying fat liquid,A0701 A0807 B1017 C0190 E0102 F0014 G0003 H0174 J0003 K0003 M0001 N0001 P0024 Z0198,A039J#F03.A06JL
2069,Vet frituur- vast,Frying fat solid,A0701 A0807 B1017 C0190 E0119 F0014 G0003 H0174 J0003 K0003 M0001 N0001 P0024 Z0199,A039J
2072,Margarineproduct 60% vet <17 g verz vetz ongez,Margarine product 60% fat <17 g sat fa unsalted,A0701 A0807 B1017 C0190 E0119 F0014 G0003 H0174 H0194 H0213 H0214 H0221 H0306 J0100 K0003 M0172 N0001 P0024 Z0201,A039E#F07.A075D$F09.A0EXM$F09.A0EXZ$F10.A0CQE
2077,Margarine vloeibaar 80% vet <17 g verz vetz gezouten,Margarine liq 80% fat <17 g sat fa salted,A0701 A0807 B1017 C0190 E0139 F0014 G0003 H0173 H0174 H0194 H0213 H0214 H0221 H0306 J0100 K0003 M0172 N0001 P0024 Z0201,A039E#F03.A06JL$F07.A076B$F09.A0EXM$F09.A0EXZ$F10.A 0CJK
2079,Drinkontbijt Coolbest FruitOntbijt,Breakfast drink Coolbest FruitOntbijt,A0708 A0833 B1140 C0300 E0114 F0001 G0003 H0120 J0172 K0001 M0001 N0001 P0024,A03DE#F04.A000L$F26.A07XE
2081,Ontbijtproduct Cornflakes,Breakfast cereal Cornflakes,A0692 A0816 B1379 C0155 E0153 F0014 G0003 H0100 H0138 H0158 H0274 J0116 K0003 M0155 N0001 P0024,A00DD
2083,Mayonaiseproduct m olijfolie,Mayonnaise product w olive oil,A0722 A0859 B1017 C0307 E0135 F0003 G0003 H0003 H0341 J0131 K0003 M0001 N0003 P0024,A044X#F04.A036P
2086,IJsthee m suiker 5-<7 g KH,Ice tea w sugar 5-<7 g CHO,A0710 A0845 B1623 C0200 E0123 F0001 G0036 H0117 H0158 J0001 K0003 M0001 N0001 P0024,A03EX#F04.A03HX$F26.A07XE
2087,IJsthee light,Ice tea light,A0710 A0845 B1623 C0200 E0123 F0001 G0036 H0108 H0117 J0001 K0003 M0001 N0001 P0024,A03FX#F04.A03HX$F26.A07XE
2088,IJsthee m suiker en zoetstof,Ice tea w sugar and sweetener,A0710 A0845 B1623 C0200 E0123 F0001 G0036 H0108 H0117 H0158 J0001 K0003 M0001 N0001 P0024,A03EX#F04.A03HX$F08.A046M$F10.A077J$F26.A07XE
2089,Struisvogelvlees rauw,"Ostrich, raw",A0715 A0795 B2118 C0268 E0150 F0003 G0003 H0003 J0001 K0003 M0001 N0001 P0024 Z0003,A01ST
2090,Kip drumstick m vel rauw,Chicken drumstick w skin raw,A0715 A0795 B1457 C0267 E0150 F0003 G0003 H0003 J0001 K0003 M0001 N0001 P0024 Z0002,A01SP#F20.A07QQ
2106,Frites bereid m hard vet,Chips fried in solid frying fat,A0706 A0829 B1218 C0238 E0115 F0014 G0029 H0241 H0334 J0001 K0003 M0001 N0001 P0024 P0078,A0BYV#F28.A07GV
2107,Frites bereid m vloeibaar vet,Chips fried in liquid frying fat,A0706 A0829 B1218 C0238 E0115 F0014 G0029 H0241 H0334 J0001 K0003 M0001 N0001 P0024 P0078,A0BYV#F28.A07GV
2108,Frites bereid gem,Chips prepared av,A0706 A0829 B1218 C0238 E0115 F0014 G0029 H0241 H0334 J0001 K0003 M0001 N0001 P0024 P0078,A0BYV#F04.A0BYV$F28.A07GV
2109,Cassave gekookt,Cassava boiled,A0706 A0829 B1352 C0240 E0151 F0014 G0015 H0001 J0001 K0003 M0001 N0001 P0024 P0078,A00ZZ#F28.A07GL
2110,Taro gekookt,Taro boiled,A0705 A0829 B1636 C0240 E0150 F0014 G0015 H0003 J0001 K0003 M0001 N0001 P0024 P0078,A010B#F28.A07GL
2111,Yam gekookt,Yam boiled,A0706 A0829 B1181 C0240 E0152 F0014 G0001 H0001 J0001 K0003 M0001 N0001 P0024 P0078 R0001 Z0001,A010D#F28.A07GL
2112,Aardappel zoete gekookt,Potato sweet boiled,A0706 A0829 B1106 C0240 E0150 F0014 G0015 H0003 J0001 K0003 M0001 N0001 P0024 P0078 R0001 Z0001,A010C#F28.A07GL
2113,Pompoen gekookt,Pumpkin boiled,A0705 A0825 B1456 C0229 E0150 F0014 G0014 H0003 J0001 K0003 M0001 N0001 P0024 P0078,A00KH#F28.A07GL
2134,Limonade vruchten- Dubbelfrisss,Juice drink Dubbelfrisss,A0709 A0843 B1217 C0005 E0123 F0001 G0003 H0136 H0227 H0362 J0001 K0003 M0194 N0001 P0024,A03EV
2135,Limonade vruchten- Tintelfruit m suiker,Juice drink Tintelfruit w sugar,A0709 A0843 B1217 C0005 E0123 F0001 G0003 H0136 H0227 H0362 J0001 K0003 M0194 N0001 P0024,A03EV#F09.A0EXN
2137,Limonade vruchten- Tintelfruit light,Juice drink Tintelfruit light,A0709 A0843 B1217 C0005 E0123 F0001 G0003 H0202 H0227 H0362 J0001 K0003 M0194 N0001 P0024,A03FV#F09.A0EXN
2141,Mineraalwater m zoetstof,Mineral water w sweetener,A0709 A0842 B1288 C0005 E0123 F0003 G0003 H0108 H0117 J0001 K0003 M0194 N0001 P0024 R0001 Z0001,A03FX
2142,Wijn witte zoete,Wine white sweet,A0712 A0849 B1329 C0140 E0123 F0003 G0003 H0232 J0104 K0003 M0001 N0001 P0024,A03MV
2144,Sap appel- verrijkt m vit C,Juice apple fortified w vitamin C,A0708 A0841 B1245 C0140 E0123 F0018 G0003 H0215 J0131 J0135 K0003 M0001 N0001 P0024 P0095,A039M#F09.A0EXN
2147,Zoutjes Japanse mix z pinda's,Japanese rice cracker mix wo peanuts,A0722 A0868 B1322 C0134 E0147 F0001 G0003 H0124 J0117 K0003 M0197 N0003 P0024,A00FF
2157,Pasta volkoren gekookt,Pasta wholemeal boiled,A0694 A0815 B1079 C0133 E0140 F0014 G0015 G0016 H0138 J0116 K0003 M0001 N0001 P0024 P0078 R0001 Z0001,A04LC#F04.A03DL$F04.A04LC$F28.A07GL
2158,Couscous gekookt,Couscous boiled,A0696 A0822 B1079 C0132 E0147 F0014 G0036 H0138 J0116 K0003 M0001 N0001 P0024 P0078,A008C#F04.A008C$F04.A03DL$F28.A07GL
2159,Gierst gekookt,Millet boiled,A0696 A0814 B1285 C0133 E0150 F0014 G0015 H0259 J0001 K0003 M0001 N0001 P0024 P0078,A001B#F04.A001B$F04.A03DL$F28.A07GL
2162,Cafe noir,Biscuit Cafe noir,A0695 A0821 B1312 C0208 E0147 F0022 G0003 H0158 H0360 J0001 K0003 M0003 N0001 P0024,A00AE#F04.A009X$F04.A032J$F28.A07HM
2163,Zoutje mais- Bugles,Crisps maize Bugles,A0695 A0812 B1232 C0133 E0140 F0014 G0005 H0143 H0150 H0151 H0158 H0221 H0260 H0367 H0590 J0001 K0003 M0166 N0036 P0024 R0001 Z0001,A00FC
2173,Chips op basis v aardappelvlokken,Crisps based on potato dough,A0706 A0829 B1218 C0308 E0145 F0014 G0029 H0173 H0221 J0001 K0003 M0166 N0036 P0024 R0001 Z0001 Z0196,A0BYT
2176,Pijnboompitten,Pine nuts,A0703 A0823 B1596 C0155 E0150 F0001 G0003 H0138 J0116 K0003 M0001 N0001 P0024,A01BV
2177,Basilicum vers,Basil fresh,A0705 A0857 B1158 C0200 E0150 F0003 G0003 H0003 J0001 K0003 M0001 N0001 P0024 R0001 Z0001,A00VV
2178,Pesto groene,Pesto green,A0722 A0852 B1158 C0200 E0119 F0001 G0003 H0143 H0229 H0333 H0341 H0348 H0367 J0001 K0003 M0001 N0001 P0024,A044V#F04.A00GZ$F04.A00VV$F04.A00YE$F04.A01BV$F04.A 02ZH$F04.A036P$F04.A042P
2190,Brownie m noten,Brownie w nuts,A0695 A0821 B1012 C0210 E0147 F0014 G0005 H0177 H0221 H0231 H0319 J0001 K0003 M0001 N0001 P0024,A00BG#F04.A003X$F04.A014N$F04.A014R$F04.A032B$F04.A 032J$F04.A034J$F04.A039E$F04.A042R$F26.A07XE
2208,Zuigelingenvoeding Hero Baby Standaard 1 p 100 ml,Infant formula Hero Baby Standaard 1 p 100 ml,A0723 A0873 B1201 C0113 E0123 F0014 G0003 H0138 H0141 H0148 H0159 H0163 H0194 H0301 J0116 K0003 M0001 N0001 P0263,A03QF
2209,Opvolgmelk Hero Baby Standaard 2 p 100 ml,Toddler formula Hero Baby Standaard 2 p 100 ml,A0723 A0873 B1201 C0113 E0123 F0014 G0003 H0138 H0141 H0148 H0159 H0163 H0194 H0301 J0116 K0003 M0001 N0001 P0191,A03QR
2210,Opvolgmelk Hero Baby Standaard 3 p 100 ml,Toddler formula Hero Baby Standaard 3 p 100 ml,A0723 A0873 B1201 C0113 E0123 F0014 G0003 H0138 H0141 H0148 H0159 H0163 H0194 H0301 J0116 K0003 M0001 N0001 P0191,A03QR
2218,Sportdrank Extran Energy,Sports drink Extran Energy,A0709 A0842 B2974 C0005 E0123 F0001 G0003 H0144 H0154 H0158 H0195 H0215 H0315 H0491 J0001 K0003 M0001 N0001 P0024,A03GB#F09.A0EXN
2219,Sportdrank Extran Hydro,Sports drink Extran Hydro,A0709 A0842 B2974 C0005 E0123 F0001 G0003 H0108 H0144 H0154 H0158 H0168 H0195 H0215 H0315 H0317 H0491 J0001 K0003 M0001 N0001 P0024,A03GB
2221,Biscuit baby- en dreumes- Bolletje,Biscuit baby/toddler Bolletje,A0695 A0821 B1312 C0208 E0140 F0014 G0005 H0148 H0152 H0158 H0162 H0181 H0185 H0205 J0145 K0003 M0003 N0003 P0020,A03RA#F09.A0EXD$F09.A0EXH$F09.A0EXY
2227,Biscuit fourre,Biscuit filled,A0695 A0821 B1312 C0208 E0105 F0023 G0005 H0157 H0158 H0184 H0186 H0263 H0281 H0337 H0367 H0423 H0491 H0511 H0555 H0681 J0001 K0003 M0128 N0036 P0024,A00AE
2228,Koekje Scholiertje,Biscuit w chocolate layer Scholiertje,A0695 A0821 B1312 C0208 E0140 F0018 G0005 H0158 H0271 H0297 H0355 H0422 H0672 J0001 K0003 M0003 N0003 P0024,A00AE#F04.A009X$F04.A034J$F28.A07HP
2229,Cracker VitaLU,Cracker VitaLU,A0695 A0817 B1312 C0208 E0140 F0014 G0005 H0152 H0221 H0259 J0001 K0003 M0001 N0001 P0024,A005Y#F04.A003Y$F04.A004B$F09.A0EXA
2231,Wafel rijst- m chocolade,Rice cakes puffed w chocolate,A0695 A0821 B1322 C0208 E0140 F0014 G0009 H0138 H0148 J0116 K0003 M0166 N0036 P0024,A006K#F04.A006K$F04.A034J
2232,Biscuit fruit-,Biscuit fruit,A0695 A0821 B1312 C0208 E0147 F0022 G0005 H0147 H0158 H0319 J0001 K0003 M0003 N0001 P0024,A00AE#F04.A01MA
2233,Koek ontbijt- m rozijnen,Cake Dutch spiced Ontbijtkoek w raisin,A0695 A0821 B1313 C0208 E0140 F0014 G0005 H0136 H0151 H0364 H0751 J0001 K0003 M0001 N0001 P0024,A00CS#F04.A00CS$F04.A01ME
2234,Graanreep Hero B'tween,Cereal bar Hero B'tween,A0695 A0821 B1219 C0133 E0147 F0001 G0003 H0138 H0152 H0158 H0239 H0319 H0364 J0116 K0003 M0128 N0001 P0024,A00FA
2235,Graanreep z suiker,Cereal bar wo sugar,A0695 A0821 B1219 C0133 E0147 F0001 G0003 H0138 H0152 H0239 H0319 H0364 J0116 K0003 M0128 N0001 P0024,A00FA#F10.A077K
2237,Graanreep Special K Kellogg's,Cereal bar Special K Kellogg's,A0695 A0821 B1219 C0133 E0147 F0001 G0003 H0138 H0152 H0158 H0239 H0319 H0364 J0116 K0003 M0128 N0001 P0024,A00FA#F09.A0EXD$F09.A0EXP$F09.A0EXQ$F09.A0EXS$F09.A 0EXV$F09.A0EXX$F09.A0EXY
2238,Graanreep m melk Kellogg's,Cereal bar w milk Kellogg's,A0695 A0821 B1219 C0133 E0147 F0001 G0003 H0138 H0152 H0158 H0239 H0297 H0319 H0364 J0116 K0003 M0128 N0001 P0024,A00FA#F04.A02LV$F09.A0EXD$F09.A0EXH$F09.A0EXP$F09.A 0EXQ$F09.A0EXS$F09.A0EXV$F09.A0EXX$F09.A0EXY$F28.A0 7HM
2239,Mueslireep,Muesli bar,A0695 A0821 B1219 C0133 E0147 F0014 G0003 H0138 H0149 H0158 H0239 H0319 H0364 J0116 K0003 M0211 N0001 P0024,A00FA#F04.A01MA
2240,Melk geiten- volle,Milk goats- full fat,A0721 A0780 B1328 C0235 E0123 F0022 G0003 H0306 J0120 K0003 M0001 N0001 P0024,A02MB#F10.A077A
2241,Yoghurtsnack Breaker,Yoghurt snack Breaker,A0721 A0783 B1201 C0235 E0103 F0018 G0003 H0100 H0101 H0147 H0158 H0211 H0333 J0131 J0135 K0003 M0001 N0001 P0024 R0001 Z0001,A02NH#F04.A04RK$F10.A077A
2244,Yoghurt room- m vruchten,Yoghurt cream- w fruit,A0721 A0783 B1201 C0235 E0103 F0018 G0003 H0101 H0147 H0296 H0306 J0131 J0135 K0003 M0001 N0001 P0024 R0001 Z0001,A16GH#F10.A077A$F10.A077F$F10.A077J
2246,Kwark vruchten-/vanille- magere m zoetstof,Quark low fat w fruit/vanilla w sweetener,A0719 A0783 B1201 C0245 E0119 F0018 G0003 H0117 H0147 H0202 H0247 H0253 H0328 J0131 J0135 K0003 M0001 N0001 P0024,A02QK#F08.A046M$F10.A077H
2248,Kwark vruchten- Danoontje,Quark w fruit Danoontje,A0721 A0783 B1201 C0245 E0135 F0001 G0001 H0001 J0159 K0001 M0001 N0001 P0020,A02QK#F04.A04RK$F09.A0EXH$F09.A0EXM$F10.A077G
2250,IJs Festini,Ice lolly Festini,A0708 A0834 B1140 C0167 E0119 F0001 G0003 H0136 H0148 H0215 J0136 K0001 M0001 N0001 P0024,A036J#F09.A0EXN
2251,IJs room/vanille- m chocoladecoating,Ice cream dairy w chocolate coating,A0721 A0789 B1201 C0195 E0119 F0018 G0003 H0100 H0178 H0231 H0306 H0355 H0368 J0135 J0136 K0003 M0001 N0001 P0024,A02QA#F04.A014F$F04.A02QA$F04.A034J$F04.A034P$F28.A 07HP
2252,IJs room/vanille- m fruitcoating,Ice cream dairy w fruitcoating,A0721 A0789 B1201 C0195 E0119 F0018 G0003 H0100 H0147 H0178 H0306 H0356 H0368 J0135 J0136 K0003 M0001 N0001 P0024,A02QA#F04.A02QA$F04.A036J
2254,Yoghurtdrank m zoetstof,Yoghurt drink w sweetener,A0721 A0783 B1201 C0235 E0123 F0022 G0003 H0119 H0202 H0306 J0120 J0142 K0003 M0001 N0001 P0024 R0001 Z0001,A02NQ#F08.A046M
2255,Yoghurtdrank m zoetstof Fristi,Yoghurt drink Fristi w sweetener,A0721 A0783 B1201 C0235 E0123 F0022 G0003 H0119 H0147 H0202 H0248 H0306 J0120 J0142 K0003 M0001 N0001 P0020 P0091 P0134 R0001 Z0001,A02NQ#F08.A046M$F09.A0EVR
2257,Drinkontbijt Goede Morgen Vifit,Breakfast drink Goede Morgen Vifit,A0721 A0783 B1201 C0235 E0114 F0018 G0003 H0152 H0362 J0159 J0172 K0001 M0001 N0001 P0024,A02NQ#F04.A000L$F04.A0BY4$F09.A0EXH$F09.A0EXM$F09. A0EXP$F09.A0EXQ$F09.A0EXS$F09.A0EXX
2258,Yoghurtdrank Actimel naturel,Yoghurt drink Actimel plain,A0721 A0781 B1297 C0235 E0123 F0022 G0003 H0119 J0159 K0003 M0156 N0001 P0024 R0001 Z0001,A02NR#F08.A046M$F09.A0EXM$F09.A0EXS
2261,Drink soja- Groeidrink 1-3+ Alpro,Drink soya Groeidrink 1-3+ Alpro,A0709 A0788 B1452 C0158 E0123 F0001 G0003 H0148 H0211 H0215 H0217 H0263 H0309 H0310 H0315 H0456 J0001 K0003 M0001 N0001 P0192 P0199,A03TJ#F09.A0EXA$F09.A0EXD$F09.A0EXH$F09.A0EXM$F09.A 0EXN$F09.A0EXP$F09.A0EXX
2262,Plantaardig alternatief voor room obv soja,Plant-based alternative to cream based on soya,A0721 A0788 B1452 C0262 E0123 F0001 G0001 H0001 J0001 K0003 M0001 N0001 P0024 P0199,A03TR#F04.A032J$F04.A036N$F04.A03DL$F04.A03TJ$F04.A0 42P$F26.A07XE
2264,Kaas 10+,Cheese 10+,A0720 A0784 B1201 C0245 E0151 F0001 G0003 H0150 H0247 H0253 H0328 J0104 J0131 J0151 K0003 M0001 N0001 P0024 Z0186,A02SV
2265,Melkdrank Yakult Balance,Milk based drink Yakult Balance,A0721 A0783 B1201 C0235 E0123 F0018 G0003 H0136 H0202 J0104 J0135 K0003 M0001 N0001 P0024 P0132,A02NR#F09.A0EXL$F09.A0EXM
2266,Chocolade witte,Chocolate white,A0699 A0806 B1318 C0134 E0147 F0014 G0003 H0158 H0184 J0001 K0003 M0001 N0003 P0024,A034P
2267,Vla magere m zoetstof,Custard no fat w sweetener,A0721 A0778 B1201 C0235 E0103 F0014 G0003 H0100 H0146 H0202 H0227 H0248 J0131 J0135 K0003 M0001 N0001 P0024,A02PY#F03.A0CEE$F04.A02LV$F08.A046M
2268,Creme fraiche halfvolle,Creme fraiche half fat,A0721 A0778 B1201 C0160 E0119 F0018 G0003 H0101 J0135 K0003 M0001 N0001 P0024,A02NC#F10.A077G
2271,Pasta glutenvrij rauw,Pasta gluten free raw,A0694 A0815 B1324 C0208 E0147 F0003 G0003 H0138 H0146 H0148 H0750 J0116 K0003 M0154 N0039 P0024 P0174 R0001 Z0001,A008B#F28.A07HS
2272,Taartbodem v biscuitdeeg,Fatless sponge,A0695 A0821 B1312 C0208 E0147 F0014 G0005 H0146 H0158 H0186 H0367 J0003 K0003 M0003 N0003 P0024,A00AQ#F04.A002R$F04.A003X$F04.A032B$F04.A032J$F04.A 042R
2275,Room kook-,Cream cooking,A0721 A0782 B1201 C0195 E0139 F0022 G0003 H0001 J0120 K0003 M0001 N0001 P0024,A02ML#F07.A073H
2276,Room kook- light,Cream cooking light,A0721 A0782 B1201 C0195 E0139 F0022 G0003 H0161 J0120 K0003 M0001 N0001 P0024,A02ML#F07.A071P
2278,Yoghurt volle Activia m granen/muesli,Yoghurt full fat w cereal/muesli Activia,A0721 A0783 B1201 C0235 E0135 F0018 G0003 H0101 H0147 H0152 H0158 H0306 J0131 J0135 K0003 M0001 N0001 P0024,A02NH#F04.A00EJ$F09.A0EVR$F09.A16FP$F10.A077A
2279,Room kook- Blue Band Finesse voor koken,Cream type product Blue Band Finesse voor koken,A0721 A0782 B1201 C0160 E0139 F0001 G0003 H0263 J0172 K0001 M0001 N0001 P0024,A02MM#F04.A036N
2287,Siroop vruchtenlimonade- m suiker en zoetstof 40-45 g KH,Fruit drink conc w sugar and sweetener 40-45 g CHO,A0709 A0842 B1012 C0108 E0139 F0001 G0003 H0108 H0148 H0200 H0227 H0362 J0001 K0003 M0194 N0001 P0024 Z0091,A03GE#F08.A046M$F10.A077J
2289,Siroop vruchtenlimonade- light,Fruit drink concentrate light,A0709 A0843 B0001 C0001 E0139 F0014 G0003 H0108 H0148 H0200 H0227 H0362 J0001 K0003 M0194 N0001 P0024 Z0091,A03GE#F08.A046M
2290,Kokosmelk,Coconut milk,A0703 A0788 B1536 C0214 E0130 F0018 G0003 H0148 J0135 K0003 M0001 N0001 P0024,A01BK
2292,Snoepje suikervrij,Candy sugar-free,A0698 A0838 B1370 C0108 E0105 F0001 G0003 H0108 H0117 H0150 H0221 J0145 K0003 M0001 N0001 P0024 R0001 Z0001,A0EQQ#F08.A046M
2293,Tomaat in blik,Tomatoes tinned,A0705 A0825 B1276 C0138 E0134 F0001 G0001 H0212 J0001 K0003 M0204 N0041 P0024,A00ZC#F04.A00HR$F04.A03CJ$F28.A07JA
2296,Koolvis (Atlantisch) rauw,Pollack (Atlantic) raw,A0717 A0801 B1440 C0268 E0150 F0003 G0003 H0003 J0001 K0003 M0001 N0001 P0024,A02CE#F26.A07XD
2297,Tonijn rauw,Tuna raw,A0717 A0801 B1269 C0268 E0150 F0003 G0003 H0003 J0001 K0003 M0001 N0001 P0024,A02DX
2298,Tong rauw (vis),Sole raw,A0717 A0802 B1032 C0243 E0150 F0003 G0003 H0003 J0003 K0003 M0003 N0003 P0024,A02BF
2299,Tilapia rauw,Tilapia raw,A0717 A0801 B2434 C0268 E0150 F0003 G0003 H0003 J0001 K0003 M0001 N0001 P0024,A028A#F26.A07XD
2300,Worst rook- magere gekookt,Sausage smoked lean cooked,A0714 A0798 B1105 C0268 E0147 F0001 G0003 H0227 H0247 H0253 J0131 K0003 M0001 N0001 P0024,A026A#F10.A077C$F26.A07XE$F28.A07JV
2301,Worst rook- runder gekookt,Sausage smoked beef cooked,A0714 A0798 B1201 C0268 E0147 F0001 G0003 H0227 H0253 J0131 K0003 M0001 N0001 P0024 R0001 Z0001,A026A#F04.A01QX$F26.A07XE$F28.A07JV
2302,Worst knak- magere blik/glas,Sausage frankfurter lean tinned,A0714 A0798 B1105 C0268 E0147 F0001 G0003 H0161 H0227 H0253 J0131 K0017 M0182 M0210 N0001 P0024,A026B#F10.A077C$F28.A0BYP
2303,Worst gekookte magere,Sausage cooked lean,A0714 A0798 B1161 C0268 E0147 F0001 G0003 H0161 H0227 H0253 J0001 K0001 M0001 N0001 P0024,A025N#F04.A01RG$F10.A077C$F26.A07XE
2304,Worst cervelaat- magere,Salami sausage saveloy lean,A0714 A0798 B1105 C0268 E0151 F0014 G0003 H0138 H0172 H0227 H0247 H0253 J0116 K0003 M0001 N0001 P0024 Z0018,A024X#F10.A077C$F26.A07XE
2306,Worst boterham- magere,Sausage luncheon meat lean,A0714 A0798 B1105 C0268 E0151 F0014 G0003 H0227 H0253 J0131 K0003 M0001 N0001 P0024 P0040 P0132 Z0018,A024D#F04.A01RG$F10.A077C$F26.A07XE
2308,Yoghurtdrank Becel pro-activ,Yoghurt drink Becel pro-activ,A0721 A0783 B1201 C0235 E0103 F0022 G0003 H0101 H0211 H0247 H0306 J0131 J0135 K0003 M0001 N0001 P0024 R0001 Z0001,A02NQ#F09.A0EVQ
2311,Breezer,Breezer,A0713 A0851 B1217 C0005 E0123 F0001 G0001 H0160 H0202 H0362 H0438 H0491 H0589 H0704 J0001 K0003 M0214 N0040 P0024 R0001 Z0167,A03PN#F04.A032J$F04.A039M$F04.A03DL
2312,Roti v bloem (sada roti),Roti Surinam pancake,A0722 A0852 B1312 C0208 E0140 F0014 G0008 H0229 H0263 H0272 J0003 K0003 M0003 N0003 P0024,A006X#F04.A003Y$F04.A037D$F04.A03DL
2313,Rundvlees gezouten gekookt Surinaams,Beef salted cooked Surinam,A0714 A0794 B1201 C0266 E0152 F0014 G0015 H0367 J0003 K0003 M0001 N0001 P0024 Z0047,A023P#F26.A07XE
2314,Erwten split- gele gekookt,Peas split yellow boiled,A0704 A0831 B1338 C0134 E0150 F0014 G0016 H0138 H0259 J0116 K0003 M0001 N0001 P0024 Z0273 Z0282,A013J#F28.A07GL
2315,Pomtajer bereid z vet,Tannia prepared wo fat,A0706 A0829 B1499 C0240 E0150 F0014 G0004 H0003 J0001 K0003 M0001 N0001 P0024,A010A#F28.A0BA1
2316,Tajerblad bereid z vet,Tannia leaves prepared wo fat,A0705 A0825 B1636 C0200 E0152 F0014 G0012 H0003 J0003 K0003 M0003 N0001 P0024,A00NT#F28.A0BA1
2317,Bruine bonen m rijst Surinaams,Brown beans w rice Surinam,A0704 A0831 B1061 C0133 E0150 F0014 G0026 H0173 H0191 H0212 H0227 H0259 H0263 H0321 H0349 H0350 J0123 K0003 M0001 N0001 P0024 R0385,A03VT#F04.A003D$F04.A00GZ$F04.A00HC$F04.A00HR$F04. A00XA$F04.A00ZF$F04.A01BB$F04.A01SP$F04.A023P$F04.A 032J$F04.A036P$F04.A041L
2318,Roti v bloem en aardappel,Roti w white flour and potato,A0722 A0852 B1312 C0208 E0140 F0023 G0008 H0212 H0229 H0263 H0272 J0003 K0003 M0003 N0003 P0024,A18PS#F04.A006X$F04.A00GZ$F04.A00HC$F04.A00ZT$F04.A 036N
2319,Saus m gele spilterwten Dahl Surinaams,Sauce w yellow split peas Dahl Surinam,A0704 A0831 B1338 C0133 E0150 F0014 G0016 H0138 H0173 H0229 H0259 H0263 H0349 J0116 K0003 M0001 N0001 P0024,A03VP#F04.A00GZ$F04.A00HC$F04.A013J$F04.A018Z$F04.A 036P$F04.A042P$F04.A043A
2320,Ovenschotel m pomtajer Pom Surinaams,Casserol w tannia Pom Surinam,A0722 A0799 B1134 C0103 E0151 F0014 G0013 H0148 H0151 H0158 H0173 H0212 H0221 H0349 H0362 H0759 J0003 K0003 M0001 N0001 P0024 R0385,A03VV#F04.A00HC$F04.A00HR$F04.A00XA$F04.A00YE$F04. A010A$F04.A018J$F04.A018Z$F04.A01SP$F04.A023P$F04.A0 32J$F04.A039C$F04.A03AH$F04.A03AM$F04.A041L$F04.A04 2P
2321,Groente-vlees schotel Moksi-alesi Surinaams,Dish w veg and meat Moksi-alesi Surinam,A0722 A0861 B1322 C0208 E0104 F0014 G0028 H0151 H0153 H0173 H0191 H0263 H0349 J0003 K0003 M0001 N0001 P0024,A041J#F04.A003D$F04.A00GG$F04.A00GZ$F04.A00HC$F04.A 00ZF$F04.A019K$F04.A01AB$F04.A01BB$F04.A023P$F04.A0 2GB$F04.A037D$F04.A043A$F04.A043F
2322,Aardappelpuree instant- bereid m halfvolle melk,Potatoes mashed instant prep w s-sk milk,A0706 A0829 B1218 C0240 E0136 F0014 G0015 H0169 H0184 H0221 J0001 K0003 M0001 N0001 P0024 R0355 Z0001,A0C6J#F04.A011E$F04.A02LZ
2323,Aardappelpuree instant- bereid m water,Potatoes mashed instant prepared w water,A0706 A0829 B1218 C0240 E0136 F0014 G0015 H0148 H0169 H0221 J0001 K0003 M0001 N0001 P0024 R0355 Z0001,A0C6J#F04.A011E$F04.A03DL
2324,Aardappelpuree vers bereid m halfvolle melk z vet,Potatoes mashed fresh prep w s-sk milk wo fat,A0706 A0829 B1218 C0240 E0136 F0014 G0015 H0184 J0001 K0003 M0001 N0001 P0024 R0355 Z0001,A0C6K#F04.A00ZT$F04.A02LZ
2325,Aardappelen m schil gekookt gem,Potatoes boiled w skin av,A0706 A0829 B1218 C0239 E0150 F0014 G0015 H0003 J0001 K0003 M0001 N0001 P0024 P0037 P0078 R0355 Z0001,A00ZT#F20.A07QE$F28.A07GL
2326,Aardappelkroketten diepvries onbereid,Potato croquettes frozen unprepared,A0706 A0829 B1218 C0240 E0147 F0018 G0003 H0173 H0188 H0227 H0260 H0263 J0136 K0003 M0001 N0001 P0024 R0355 Z0001,A011S#F04.A007A$F04.A037D$F04.A042P$F04.A0C6K$F28.A 07HS$F28.A07KQ
2329,Koek ontbijt- minder suiker,Cake Dutch spiced Ontbijtkoek less sugar,A0695 A0821 B1047 C0229 E0140 F0014 G0005 H0151 H0158 H0177 J0001 K0003 M0001 N0003 P0024 P0181,A00CS#F09.A0EVR$F10.A077M
2331,Bamigroenten gekookt,Bami vegetables boiled,A0705 A0825 B1057 C0144 E0152 F0014 G0001 H0003 J0003 K0003 M0001 N0001 P0024,A03YE#F04.A00GC$F04.A00HR$F04.A00SB$F04.A00SR
2333,Gehakt rauw gem,Minced meat raw av,A0714 A0794 B2243 C0268 E0136 F0003 G0003 H0766 J0001 K0003 M0001 N0001 P0024,A0EYH#F04.A049S$F04.A04AC$F04.A04AL$F04.A04DS$F04.A 04GP
2334,Gehaktbal half-om-half m ei en paneermeel rauw,Minced meat ball beef/pork raw w egg/brcrumbs,A0714 A0799 B1105 C0268 E0136 F0003 H0186 H0319 J0001 K0003 M0001 N0001 P0024,A03XG#F04.A007A$F04.A032B$F04.A04GP$F28.A07HS
2335,Vlees gem excl lever rauw,Meat av raw excl liver,A0714 A0793 B1105 C0268 E0122 F0003 G0001 H0766 J0001 K0003 M0001 N0001 P0024,A0EYH#F04.A01QX$F04.A01QY$F04.A01RG$F04.A01RK$F04. A01RQ$F04.A01SG$F04.A01SJ$F04.A01SP$F04.A01SQ$F04.A 01SR$F04.A022X$F04.A024N$F04.A03VV$F04.A03XF$F04.A0 3XG$F04.A049S$F04.A04AC$F04.A04AL$F04.A04DS$F04.A04 GP
2336,Rundvlees gem rauw,Beef av raw,A0714 A0793 B1201 C0268 E0122 F0003 G0001 H0766 J0001 K0003 M0001 N0001 P0024,A01QX#F04.A01QX$F04.A01XG$F04.A020S$F04.A024N$F04. A03VV$F04.A03XF$F04.A03XG$F04.A049S
2337,Gehaktbal runder- m ei en paneermeel rauw,Minced beef ball raw w egg and breadcrumbs,A0714 A0799 B1201 C0268 E0136 F0003 H0186 H0319 J0001 K0003 M0001 N0001 P0024,A03XG#F04.A007A$F04.A032B$F04.A049S$F28.A07HS
2339,Vink runder- rauw,Beef olives raw,A0714 A0794 B1201 C0268 E0105 F0003 G0001 H0117 H0173 H0191 J0003 K0003 M0003 N0003 P0024,A03VV#F04.A01QX$F04.A049S$F26.A07XE$F28.A07HS
2340,Varkensschnitzel gepaneerd rauw,Pork schnitzel breaded raw,A0714 A0794 B1136 C0268 E0150 F0003 G0003 H0188 H0205 H0319 J0001 K0003 M0001 N0001 P0024 Z0018,A01RG#F04.A007A$F04.A01RG$F04.A032B$F28.A07HK
2341,Kipfilet gepaneerd rauw,Chicken fillet breaded raw,A0715 A0795 B1457 C0268 E0150 F0003 G0003 H0188 H0205 H0319 J0001 K0003 M0001 N0001 P0024,A01SP#F04.A007A$F04.A01SP$F04.A032B$F28.A07HK
2342,Kipfilet omhuld m beslag rauw,Chicken fillet in batter raw,A0715 A0795 B1457 C0268 E0150 F0003 G0003 H0184 H0186 H0188 H0319 J0001 K0003 M0001 N0001 P0024,A01SP#F04.A003X$F04.A01SP$F04.A02LZ$F04.A032B$F28.A0 7HL
2343,Pudding gelatine-,Jelly,A0722 A0864 B1012 C0271 E0147 F0014 G0003 H0148 H0150 H0165 H0227 H0362 J0001 K0003 M0001 N0001 P0024 R0001,A036H#F04.A032J$F04.A03DL$F04.A0F5E
2344,Varkens cordon bleu rauw,Pork filled w ham and cheese raw,A0714 A0799 C0270 E0105 F0003 G0003 H0117 H0143 H0186 H0188 H0207 H0765 J0001 K0003 M0001 N0001 P0024,A03VV#F04.A007A$F04.A01RG$F04.A023K$F04.A02VA$F04. A032B$F26.A07XE$F28.A07HK$F28.A07HS
2345,Pinda's suiker-,Peanuts sugar coated,A0703 A0823 B1337 C0132 E0140 F0014 G0005 H0150 H0158 H0354 J0001 K0003 M0001 N0001 P0024,A015H#F04.A015H$F04.A032J$F28.A07HN
2346,Sla gem rauw,Lettuce av raw,A0705 A0825 B1390 C0151 E0150 F0003 G0003 H0003 J0001 K0003 M0001 N0001 P0024,A0DLB#F04.A00KT$F04.A00KY$F04.A00KZ$F04.A00LC$F04.A 00LN$F04.A0DLB
2347,Tortellini gekookt,Tortellini boiled,A0694 A0815 B1312 C0208 E0105 F0014 G0016 H0143 H0186 H0191 J0131 K0003 M0001 N0001 P0024,A0ERE#F04.A007E$F04.A00TQ$F04.A02ZH$F04.A03XG$F26.A 07XD
2348,Tarwebrood volkoren gem v fijn en grof m pompoenpitten,Wheat bread wholemeal av fine and coarse w pumpkin seeds,A0691 A0818 B1312 C0133 E0147 F0014 G0005 H0152 H0221 H0256 H0259 H0333 H0753 J0003 K0003 M0001 N0001 P0024,A005E#F04.A005E$F04.A015X$F09.A0EXA
2349,Meergranenbrood gem v wit en bruin m zaden m extra lijnzaad,Multigrain bread av white and brown w seeds w extra linseed,A0691 A0818 B1312 C0208 E0147 F0014 G0005 H0152 H0221 H0256 H0259 H0333 H0753 J0003 K0003 M0001 N0001 P0024 R0001 Z0001,A005Q#F04.A005Q$F04.A015G$F09.A0EXA
2350,Meergranenbrood gem v wit en bruin m zaden,Multigrain bread av white and brown w seeds,A0691 A0818 B1312 C0208 E0147 F0014 G0005 H0152 H0221 H0256 H0259 H0753 J0003 K0003 M0001 N0001 P0024 R0001 Z0001,A005Q#F04.A005Q$F09.A0EXA
2351,Tarwebrood wit gem v melk- en waterwit,Wheat bread white av milk/water based,A0691 A0818 B1312 C0208 E0147 F0014 G0005 H0152 H0221 H0256 H0259 H0753 J0003 K0003 M0001 N0001 P0024,A004Y#F04.A004Y$F09.A0EXA
2352,Tarwekrentenbrood wit m spijs,Wheat currant bread white w almond paste,A0691 A0818 B1312 C0208 E0147 F0014 G0005 H0152 H0177 H0221 H0256 H0259 H0364 H0753 J0003 K0003 M0001 N0001 P0024 R0001 Z0001,A004Y#F04.A004Y$F04.A035N$F09.A0EXA
2353,Tarwemueslibrood bruin/volkoren,Wheat muesli bread brown/wholemeal,A0691 A0818 B1312 C0119 E0147 F0014 G0005 H0152 H0177 H0221 H0256 H0259 H0321 H0364 H0753 J0003 K0003 M0001 N0001 P0024 R0001 Z0001,A005E#F04.A003F$F04.A005E$F04.A00DJ$F04.A014C$F04.A0 15L$F04.A01ME$F04.A036X$F09.A0EXA
2354,Tarwenotenbrood volkoren,Wheat nut bread wholemeal,A0691 A0818 B1312 C0119 E0147 F0014 G0005 H0152 H0177 H0221 H0256 H0259 H0753 J0003 K0003 M0001 N0001 P0024 R0001 Z0001,A005E#F04.A005E$F04.A014C$F09.A0EXA
2355,Tarwesuikerbrood wit,Wheat sugar bread white,A0691 A0818 B1312 C0208 E0147 F0014 G0005 H0152 H0158 H0184 H0221 H0256 H0259 H0753 J0003 K0003 M0001 N0001 P0024,A004Y#F04.A004Y$F04.A032J$F09.A0EXA
2356,Tarwestokbrood wit m kaas en uien,Wheat baguette white w cheese and onion,A0691 A0818 B1312 C0208 E0147 F0014 G0005 H0143 H0152 H0221 H0256 H0259 H0349 H0753 J0003 K0003 M0001 N0001 P0024,A004Y#F04.A004Y$F04.A00HC$F04.A02VA$F09.A0EXA
2357,Tarwebrood volkoren gem v fijn en grof m zonnebloempitten,Wheat bread wholemeal av fine and coarse w sunflower seeds,A0691 A0818 B1312 C0133 E0147 F0014 G0005 H0152 H0221 H0256 H0259 H0333 H0753 J0003 K0003 M0001 N0001 P0024,A005E#F04.A005E$F04.A015L$F09.A0EXA
2358,Tarwebrood wit gem v melk- en waterwit m zonnebloempitten,Wheat bread white av milk/water based w sunflower seeds,A0691 A0818 B1312 C0208 E0147 F0014 G0005 H0152 H0221 H0256 H0259 H0333 H0753 J0003 K0003 M0001 N0001 P0024,A004Y#F04.A004Y$F04.A015L$F09.A0EXA
2359,Wrap/tortilla obv tarwe naturel,Wrap/tortilla wheat white,A0691 A0817 B1312 C0208 E0140 F0014 G0008 H0117 J0003 K0003 M0003 N0003 P0024 R0001 Z0001,A006V
2360,Wafel rijst- m karamel,Rice cakes puffed w caramel,A0695 A0821 B1322 C0208 E0140 F0014 G0009 H0138 H0148 H0360 J0116 K0003 M0166 N0036 P0024,A006K#F04.A006K$F04.A032J
2362,Frikandel diepvries onbereid,Sausage Dutch Frikandel frozen unprep,A0715 A0795 B1457 C0103 E0105 F0001 G0001 H0117 H0152 H0191 H0349 J0136 K0003 M0001 N0001 P0024,A026A#F26.A07XE$F28.A07HS$F28.A07KQ
2363,Gehakt cordon bleu rauw,Minced meat w ham and cheese raw,A0714 A0799 C0270 E0105 F0003 G0003 H0117 H0143 H0186 H0188 H0207 H0319 H0765 J0001 K0003 M0001 N0001 P0024,A03VV#F04.A003X$F04.A007A$F04.A01RG$F04.A023K$F04.A 02VA$F04.A03DL$F26.A07XE$F28.A07HK$F28.A07HS
2364,Kipschnitzel gepaneerd rauw,Chicken schnitzel breaded raw,A0715 A0795 B1457 C0268 E0150 F0003 G0003 H0188 H0205 H0319 J0001 K0003 M0001 N0001 P0024 Z0018,A01SP#F04.A007A$F04.A01SP$F04.A032B$F28.A07HK
2365,Kip cordon bleu rauw,Chicken cordon bleu raw,A0715 A0799 B1457 C0270 E0105 F0003 G0003 H0117 H0143 H0186 H0188 H0207 H0765 J0001 K0003 M0001 N0001 P0024,A03VV#F04.A007A$F04.A01SP$F04.A023K$F04.A02VA$F26.A 07XE$F28.A07HK$F28.A07HS
2367,Pindakaas light,Peanut butter light,A0703 A0824 B1337 C0136 E0144 F0014 G0003 H0173 H0263 H0315 J0001 K0003 M0130 N0001 P0024 P0040 Z0202,A01BN
2369,Soepstengel,Breadsticks,A0691 A0818 B1312 C0208 E0147 F0014 G0010 H0152 H0256 H0259 H0753 J0003 K0003 M0001 N0001 P0024,A005Y
2370,Zoutje luchtig maisbasis,Cocktail snacks based on corn,A0722 A0868 B1232 C0155 E0147 F0014 G0003 H0227 H0263 H0367 J0001 K0003 M0166 N0036 P0024 R0001 Z0001,A00FE
2371,Tiramisu,Tiramisu,A0721 A0864 B1201 C0123 E0105 F0023 G0001 H0128 H0136 H0160 H0186 H0227 H0231 H0296 H0319 J0131 K0003 M0001 N0001 P0024,A00AT#F04.A009X$F04.A00AP$F04.A02MA$F04.A02QH$F04. A031S$F04.A032J$F04.A037D$F04.A03DL$F04.A03HG$F04.A 03MV
2372,Rozijnen omhuld m chocolade melk-,Raisins coated w milkchocolate,A0707 A0834 B1329 C0137 E0150 F0018 G0003 H0138 H0231 J0141 K0003 M0001 N0001 P0024,A01ME#F04.A01ME$F04.A034J$F28.A07HP
2373,After eight,After eight chocolate mints,A0699 A0839 B1318 C0208 E0153 F0014 G0003 H0136 H0207 H0227 H0263 H0555 J0001 K0003 M0001 N0001 P0024,A034Q#F04.A034J$F04.A034X$F04.A03DL
2374,Chocolade melk- m rozijnen,Chocolate milk w raisins,A0699 A0839 B1318 C0134 E0147 F0014 G0003 H0158 H0184 H0231 H0364 J0001 K0003 M0001 N0003 P0024,A034J#F04.A01ME$F04.A034J
2375,Chocolade puur m hazelnoten,Chocolate dark w hazelnuts,A0699 A0839 B1318 C0134 E0147 F0014 G0003 H0158 H0177 H0231 J0001 K0003 M0001 N0003 P0024,A034Q#F04.A014L$F04.A034J
2376,Chocolade melk- m gepofte rijst,Chocolate milk w puffed rice,A0699 A0839 B1318 C0134 E0147 F0014 G0003 H0184 H0231 H0321 J0001 K0003 M0001 N0003 P0024 P0090,A034Q#F04.A006K$F04.A034J
2377,"Tomaat gedroogd in olie blik/glas, uitgelekt","Tomatoes dried in oil tin/glass, drained",A0705 A0825 B1276 C0140 E0133 F0003 G0003 H0138 H0263 J0117 K0021 M0130 M0151 N0001 P0024,A00ZG#F06.A06XJ
2378,Tomaat zongedroogd,Tomato sun-dried,A0705 A0825 B1276 C0140 E0133 F0003 G0003 H0003 J0170 K0003 M0001 N0001 P0024,A00ZG
2379,Rozijnen gedroogd geweekt,Raisins soaked in water,A0707 A0834 B1329 C0137 E0150 F0003 G0003 H0138 H0259 J0003 K0003 M0001 N0001 P0024,A01ME#F04.A01ME$F04.A03DL$F28.A07MR
2380,Toffee m chocolade,Toffee w chocolate,A0698 A0835 B1012 C0108 E0140 F0014 G0014 H0117 H0150 H0221 H0231 H0355 J0003 K0003 M0001 N0001 P0024,A035B#F04.A034J$F04.A035B
2381,Pate smeer- magere,Pate spreadable lean,A0714 A0797 B1161 C0268 E0119 F0014 G0001 H0151 H0307 H0367 J0001 K0003 M0001 N0001 P0024 P0039,A026R#F04.A003X$F04.A00HC$F04.A01RG$F04.A023H$F04. A037V$F04.A038F$F04.A03DL$F04.A042P$F10.A077C
2382,Tarwebrood bruin m zonnebloempitten,Wheat bread brown w sunflower seeds,A0691 A0818 B1312 C0208 E0147 F0014 G0005 H0152 H0221 H0256 H0259 H0333 H0753 J0003 K0003 M0001 N0001 P0024,A005E#F04.A005E$F04.A015L$F09.A0EXA
2383,Noga m chocolade,Nougat w chocolate,A0698 A0838 B2720 C0155 E0147 F0014 G0003 H0136 H0149 H0231 H0365 H0391 H0757 J0146 K0003 M0001 N0056 P0024,A035D#F04.A014F$F04.A032J$F04.A034J$F28.A07HP
2384,Drop m pepermunt,Liquorice w peppermint,A0698 A0838 B2048 C0174 E0147 F0014 G0003 H0146 H0158 H0227 H0263 J0003 K0003 M0001 N0001 P0024,A035J#F04.A034X$F04.A035J
2385,Salmiakkogel/-lolly,Salty liquorice lolly,A0698 A0838 B1370 C0108 E0105 F0014 G0003 H0100 H0150 H0158 J0145 J0146 K0003 M0001 N0001 P0024 R0001 Z0001,A035J#F04.A034X$F04.A035J
2386,Noga,Nougat,A0698 A0838 B2720 C0155 E0147 F0014 G0003 H0136 H0149 H0365 H0391 H0757 J0146 K0003 M0001 N0056 P0024,A035D#F04.A014F$F04.A032J
2387,Popcorn zoete gepoft z olie,Popcorn sweet popped wo oil,A0696 A0814 B1232 C0133 E0131 F0014 G0009 H0138 H0749 J0116 K0003 M0001 N0001 P0024,A00DC#F04.A00DC$F04.A032J$F10.A077J
2389,Siroop vruchtenlimonade- Albert Heijn,Fruit drink conc Albert Heijn,A0709 A0842 B1012 C0174 E0139 F0001 G0003 H0148 H0200 H0215 H0216 H0217 H0227 H0311 H0362 J0001 K0003 M0194 N0001 P0024,A03GE#F09.A0EXL$F09.A0EXN$F09.A0EXS$F09.A0EXV
2391,Cake marmer-,Cake marble-,A0695 A0821 B1312 C0208 E0147 F0022 G0005 H0158 H0186 H0231 H0272 H0319 J0001 K0003 M0003 N0001 P0024,A00BJ#F04.A00AP$F04.A032K$F04.A03HG
2392,Cake appel- z roomboter,Cake apple- wo butter,A0695 A0821 B1312 C0208 E0147 F0022 G0005 H0147 H0158 H0186 H0272 H0319 J0001 K0003 M0003 N0001 P0024,A00BA#F04.A00AP$F04.A01DJ
2393,Cake rozijnen-,Cake raisins-,A0695 A0821 B1312 C0208 E0147 F0022 G0005 H0158 H0186 H0272 H0319 H0364 J0001 K0003 M0003 N0001 P0024,A00BA#F04.A00AP$F04.A01ME
2394,Soes bananen-,Eclair filled w banana and whipped cream,A0695 A0821 B1312 C0208 E0147 F0023 G0005 H0147 H0148 H0158 H0186 H0272 H0296 H0367 J0001 K0003 M0003 N0003 P0024,A00AH#F04.A00AG$F04.A01LC
2395,Soes slagroom- m chocolade,Chocolate eclair w whipped cream filling,A0695 A0821 B1312 C0208 E0147 F0023 G0005 H0148 H0158 H0186 H0272 H0296 H0355 H0367 J0001 K0003 M0001 N0001 P0024,A00AK#F04.A00AG$F04.A034J
2396,Taart chocolade- m slagroom,Chocolate cake w whipped cream,A0695 A0821 B1312 C0134 E0147 F0023 G0005 H0146 H0147 H0158 H0177 H0186 H0231 H0296 H0367 J0003 K0003 M0003 N0003 P0024,A00BG#F04.A00AV$F04.A034J
2397,Koek ontbijt- m noten,Cake Dutch spiced Ontbijtkoek w nuts,A0695 A0821 B1313 C0208 E0140 F0014 G0005 H0136 H0151 H0177 H0751 J0001 K0003 M0001 N0001 P0024,A00CS#F04.A00CS$F04.A014C$F04.A01ME
2398,Koek ontbijt- m kandij,Cake Dutch spiced Ontbijtkoek w rockcandy,A0695 A0821 B1313 C0208 E0140 F0014 G0005 H0136 H0151 H0360 H0751 J0001 K0003 M0001 N0001 P0024,A00CS#F04.A00CS$F04.A032J
2399,Spekkoek m roomboter,Spiced cake Indonesian- Spekkoek made w butter,A0695 A0821 B1201 C0179 E0147 F0014 G0005 H0158 H0173 H0186 H0229 H0319 J0003 K0003 M0003 N0001 P0024,A00CR#F04.A003X$F04.A02ML$F04.A032B$F04.A032K$F04.A 039C$F04.A042R
2400,Croissant chocolade-,Croissant chocolate-,A0691 A0821 B1312 C0208 E0105 F0014 G0005 H0136 H0148 H0221 H0231 H0256 H0297 H0753 J0001 K0003 M0003 N0001 P0024,A00BN#F04.A00BM$F04.A034J$F04.A0C6P
2401,Koek m gelei/appelvulling,Tarts filled w jam,A0695 A0821 B1312 C0208 E0140 F0014 G0005 H0122 H0147 H0158 H0186 H0221 J0001 K0003 M0001 N0001 P0024,A00BV#F04.A009X$F04.A01NH$F26.A07XE
2402,Kappertjes,Capers,A0705 A0860 B1247 C0289 E0150 F0018 G0003 H0190 H0200 J0104 J0131 K0029 M0194 N0001 P0024,A00ZJ#F26.A07XE$F27.A01AM
2403,Koek Glace-,Cup cake iced,A0695 A0821 B1312 C0208 E0147 F0014 G0005 H0100 H0136 H0158 H0186 H0263 H0319 J0001 K0003 M0003 N0001 P0024,A00AP#F04.A00AP$F04.A032J$F28.A07HM
2405,Koekje chocolate chip cookie,Chocolate chip cookie,A0695 A0821 B1312 C0208 E0147 F0014 G0005 H0158 H0221 H0231 J0003 K0003 M0003 N0003 P0024,A00AE#F04.A0EQD
2406,Koekje kinder- gem,Biscuit children's av,A0695 A0821 B1312 C0208 E0140 F0014 G0005 H0158 J0001 K0003 M0001 N0001 P0020,A009X
2409,Sprits m chocolade,Biscuit Dutch shortbread sprits w choc,A0695 A0821 B1312 C0208 E0140 F0014 G0005 H0158 H0231 H0271 H0355 H0367 J0001 K0003 M0003 N0003 P0024,A00AE#F04.A009X$F04.A034J$F28.A07HP
2410,Schuimzoenen,Teacakes chocolate coated marshmallow,A0698 A0838 B1012 C0174 E0119 F0014 G0003 H0136 H0205 H0263 H0319 H0355 J0001 K0003 M0001 N0001 P0024 Z0112,A035H#F04.A003X$F04.A031T$F04.A032J$F04.A036N$F04.A 03HG$F28.A07HP
2412,Kletskop,Biscuit Dutch Kletskop,A0697 A0836 B1370 C0157 E0143 F0014 G0005 H0271 H0319 H0757 J0001 K0001 M0001 N0003 P0024,A00AE#F04.A003X$F04.A014F$F04.A032N$F04.A039C$F26.A 07XE
2413,Mergpijpje gevuld m cake en creme,Cake wrapped in marzipan and chocolate,A0695 A0821 B1312 C0208 E0147 F0014 G0005 H0100 H0136 H0147 H0158 H0186 H0263 H0296 H0319 H0355 H0356 J0001 K0003 M0003 N0001 P0024,A00CB#F04.A003X$F04.A02PL$F04.A032B$F04.A032J$F04.A0 37N$F04.A03HG$F04.A042P$F04.A0DBM$F28.A07HP
2416,IJs room- stracciatella,Ice cream dairy stracciatella,A0721 A0789 B1201 C0195 E0119 F0018 G0003 H0100 H0178 H0231 H0306 H0368 J0135 J0136 K0003 M0001 N0001 P0024,A02QA#F04.A02QA$F04.A034J
2417,Koek oranje-,Cake Dutch w icing & cream Oranjekoek,A0695 A0821 B1312 C0208 E0147 F0014 G0005 H0117 H0150 H0212 H0263 H0333 H0361 H0364 H0749 J0001 K0003 M0001 N0001 P0024 Z0112,A00AN#F04.A00AD$F04.A032J$F04.A0ETS$F26.A07XE$F28.A 07HM
2418,Saus warm vloeibaar kant-en-klaar <12% vet,Sauce hot liquid ready-to-eat <12% fat,A0722 A0862 B2974 C0001 E0135 F0014 G0003 H0146 H0148 H0173 H0184 H0227 H0272 H0319 J0001 K0003 M0003 N0003 P0024 Z0186,A043V#F04.A036N$F04.A044A$F04.A16GB$F22.A07SH$F26. A07XD
2419,Saus kaas- op basis roux bereid,Sauce cheese- based on roux prepared,A0722 A0862 B1201 C0235 E0135 F0014 G0013 H0143 H0146 H0148 H0173 H0184 H0227 H0272 H0319 J0001 K0003 M0003 N0003 P0024,A043Y#F04.A02VA$F04.A0F1N
2420,Saus warm vloeibaar kant-en-klaar >12% vet,Sauce hot liquid ready-to-eat >12% fat,A0722 A0862 B2974 C0001 E0135 F0014 G0003 H0146 H0148 H0173 H0184 H0227 H0272 H0319 J0001 K0003 M0003 N0003 P0024 Z0185 Z0186,A044A#F04.A036N$F04.A044A$F22.A07SH$F26.A07XD
2422,Halvarineproduct Becel Omega-3 Plus,Low fat margarine prod Becel Omega3 Plus,A0701 A0807 B1017 C0190 E0119 F0014 G0003 H0174 H0194 H0213 H0214 H0216 H0217 H0221 H0306 J0100 K0003 M0172 N0001 P0024 Z0197 Z0202,A039H#F09.A0EXM$F09.A0EXZ
2424,Hagelslag chocolade- wit,Chocolate sprinkles white,A0699 A0839 B1318 C0134 E0152 F0014 G0003 H0158 H0231 J0001 K0003 M0001 N0003 P0024,A0EQS#F26.A07XE
2425,Wafel galette-,Wafer galette,A0695 A0768 A0821 B1421 C0208 E0153 F0014 G0005 H0158 H0186 H0227 H0263 H0351 H0367 J0001 K0003 N0001 P0024 Z0112,A00CQ#F04.A003X$F04.A032B$F04.A032J$F04.A039E
2427,Schuddebuikjes Bolletje,Spice biscuit sprinkles Bolletje,A0695 A0821 B1312 C0208 E0153 F0014 G0005 H0117 H0120 H0272 H0361 J0001 K0003 M0156 N0001 P0024,A00AD
2428,Wafel melk-hazelnootchocolade Knoppers,Wafer w milk & hazelnuts Knoppers,A0695 A0821 B1312 C0132 E0140 F0014 G0005 H0221 H0231 H0297 H0757 J0001 K0003 M0166 N0036 P0024,A0BYR#F04.A00AE$F04.A014L$F04.A02PL
2429,Cake m noten,Cake w nuts,A0695 A0821 B1312 C0208 E0147 F0022 G0005 H0158 H0186 H0272 H0319 H0757 J0001 K0003 M0003 N0001 P0024,A00AP#F04.A00AP$F04.A014C
2430,Beignet banaan-,Fritter banana,A0695 A0821 B4270 C0138 E0105 F0014 G0029 H0158 H0184 H0186 H0188 H0207 H0233 H0263 H0319 H0753 J0001 K0003 M0001 N0001 P0024,A00BR#F04.A003X$F04.A01LC$F04.A02LZ$F04.A032B$F04.A0 32J$F04.A037D$F04.A049A
2431,Taart slagroom- omhuld m marsepein,Gateau fatless sponge w marzipan,A0695 A0821 B1312 C0134 E0147 F0023 G0005 H0146 H0158 H0186 H0296 H0367 H0757 J0003 K0003 M0003 N0003 P0024,A00AV#F04.A00AV$F04.A034Y
2432,Taart noten-,Nuts cake,A0695 A0821 B1312 C0134 E0147 F0023 G0005 H0158 H0186 H0272 H0367 H0757 J0003 K0003 M0003 N0003 P0024 Z0109 Z0112,A00BV#F04.A003X$F04.A014C$F04.A032B$F04.A032K$F04.A 039C$F04.A042P$F26.A07XE
2433,Drink rijst- z suiker verrijkt m calcium en vitamines,Rice drink wo sugar  fortified w calcium and vitamines,A0182 A0788 B1322 C0208 E0114 F0014 G0003 H0162 H0214 H0772 J0001 K0001 M0001 N0001 P0024 P0199,A03TM#F09.A0EXH$F09.A0EXM$F09.A0EXP$F10.A077K
2435,Frisdrank m suiker en zoetstof 2-<5 g KH z cafeine,Soft drink w sugar and sweetener 2-<5 g CHO wo caffeine,A0709 A0843 B1217 C0005 E0123 F0001 G0003 H0108 H0109 H0136 H0227 J0001 K0003 M0001 N0001 P0024 Z0164,A03EX#F08.A046M$F10.A077J
2436,Limonade vruchten- m suiker en zoetstof 4-6 g KH,Juice drink w sugar and sweetener 4-6 g CHO,A0709 A0843 B1217 C0005 E0123 F0001 G0003 H0108 H0136 H0227 H0362 J0001 K0003 M0194 N0001 P0024,A03EA#F08.A046M$F10.A077J
2437,Limonade vruchten- Capri-Sun Multivitamin,Juice drink Capri-Sun Multivitamin,A0709 A0843 B1217 C0005 E0123 F0001 G0003 H0136 H0215 H0216 H0217 H0227 H0362 J0001 K0003 M0194 N0001 P0024,A03EV#F08.A046M$F09.A0EXL$F09.A0EXS$F09.A0EXV$F09.A 0EXY$F10.A077J
2441,Siroop vruchtenlimonade- bereid 1 op 7,Fruit drink conc diluted 1 to 7,A0709 A0843 B1012 C0108 E0139 F0014 G0003 H0148 H0200 H0227 H0362 J0146 K0003 M0194 N0001 P0024,A03EA#F04.A03DL$F04.A03GE$F10.A077J
2444,Thee kruiden- oplos gezoet bereid,Tea herbal instant sweetend prepared,A0710 A0845 B1179 C0200 E0123 F0014 G0036 H0148 H0158 H0252 H0259 J0001 K0003 M0001 N0001 P0024,A03LG#F04.A03DL$F04.A16GY$F26.A07XD$F28.A07MR
2445,Saus boter-,Sauce butter-,A0722 A0862 B1201 C0179 E0135 F0014 G0013 H0146 H0148 H0173 H0319 J0001 K0003 M0003 N0003 P0024,A044B#F04.A003X$F04.A039C$F04.A041L
2447,Saus v halfvolle melk en maizena,Sauce w semi-skimmed milk and corn starch,A0722 A0862 B1201 C0235 E0135 F0014 G0013 H0146 H0148 H0184 J0001 K0003 M0003 N0003 P0024,A043V#F04.A002R$F04.A02LZ$F26.A07XE
2449,Jus 25% vet ongebonden bereid m juspoeder,Gravy 25% fat clear prep w gravy instant powder,A0722 A0862 B0001 C0001 E0109 F0014 G0001 H0148 H0173 H0221 H0227 J0003 K0003 M0003 N0003 P0024 Z0185,A043Z#F04.A039J$F04.A03DL$F04.A043T$F07.A073N
2450,Jus 50% vet ongebonden bereid m juspoeder,Gravy 50% fat clear prepared w gravy instant powder,A0722 A0862 B0001 C0001 E0109 F0014 G0001 H0148 H0173 H0221 H0227 J0003 K0003 M0003 N0003 P0024 Z0195,A043Z#F04.A039J$F04.A03DL$F04.A043T$F07.A074R
2451,Jus 25% vet gebonden bereid m juspoeder,Gravy 25% fat thickend prep w gravy instant powder,A0722 A0862 B0001 C0001 E0109 F0014 G0001 H0148 H0173 H0221 H0227 H0319 J0003 K0003 M0003 N0003 P0024 Z0185,A043Z#F04.A002R$F04.A039J$F04.A03DL$F04.A043T$F07.A0 73N
2452,Jus 25% vet gebonden bereid z juspoeder,Gravy 25% fat thickend prep wo gravy instant powder,A0722 A0862 B0001 C0001 E0109 F0014 G0001 H0148 H0221 H0319 J0003 K0003 M0003 N0003 P0024 Z0185,A043Z#F04.A002R$F04.A039J$F04.A03DL$F07.A073N
2453,Jus 50% vet gebonden bereid z juspoeder,Gravy 50% fat thickend prep wo gravy instant powder,A0722 A0862 B0001 C0001 E0109 F0014 G0001 H0148 H0221 H0319 J0003 K0003 M0003 N0003 P0024 Z0195,A043Z#F04.A002R$F04.A039J$F04.A03DL$F07.A074R
2454,Jus 75% vet gebonden bereid z juspoeder,Gravy 75% fat thickend prep wo gravy instant powder,A0722 A0862 B0001 C0001 E0109 F0014 G0001 H0148 H0221 H0319 J0003 K0003 M0003 N0003 P0024 Z0201,A043Z#F04.A002R$F04.A039J$F04.A03DL$F07.A075V
2455,Saus Aardappel Anders gem,Sauce Aardappel Anders av,A0722 A0862 B1017 C0307 E0110 F0018 G0003 H0143 H0146 H0148 H0173 H0212 H0227 H0759 J0135 K0003 M0130 N0040 P0024,A0F1N#F04.A00HC$F04.A023K$F04.A02ML$F04.A02VA$F04. A036V$F04.A03DL$F04.A045K$F22.A07SH$F26.A07XE
2456,Jus 5% vet gebonden bereid z juspoeder,Gravy 5% fat thickend prep wo gravy instant powder,A0722 A0862 B0001 C0001 E0109 F0014 G0001 H0148 H0221 H0319 J0003 K0003 M0003 N0003 P0024 Z0183,A043Z#F04.A002R$F04.A039J$F04.A03DL$F07.A070P
2457,Saus sate huishoudelijk bereid m hv melk z vet,Peanutsauce homemade w s-sk milk wo fat,A0722 A0862 B1337 C0158 E0135 F0022 G0014 H0151 H0184 H0349 J0003 K0003 M0003 N0003 P0024 Z0109,A043V#F04.A00HC$F04.A01BN$F04.A02LZ$F04.A033Z$F04.A 043F$F04.A044R$F04.A0EZD$F22.A07SS$F26.A07XE
2458,Saus sate huishoudelijk bereid m water z vet,Peanutsauce homemade w water wo fat,A0722 A0862 B1337 C0158 E0135 F0022 G0014 H0148 H0151 H0349 J0003 K0003 M0003 N0003 P0024 Z0109,A043V#F04.A00HC$F04.A01BN$F04.A033Z$F04.A03DL$F04.A 043F$F04.A044R$F04.A0EZD$F22.A07SS$F26.A07XE
2459,Jus 50% vet ongebonden bereid z juspoeder,Gravy 50% fat clear prep wo gravy instant powder,A0722 A0862 B0001 C0001 E0109 F0014 G0001 H0148 H0221 J0003 K0003 M0003 N0003 P0024 Z0195,A043Z#F04.A039J$F04.A03DL$F07.A074R
2460,Jus 75% vet ongebonden bereid z juspoeder,Gravy 75% fat clear prep wo gravy instant powder,A0722 A0862 B0001 C0001 E0109 F0014 G0001 H0148 H0221 J0003 K0003 M0003 N0003 P0024 Z0201,A043Z#F04.A039J$F04.A03DL$F07.A075V
2461,Jus 50% vet gebonden bereid m juspoeder,Gravy 50% fat thickend prep w gravy instant powder,A0722 A0862 B0001 C0001 E0109 F0014 G0001 H0148 H0173 H0221 H0227 H0319 J0003 K0003 M0003 N0003 P0024 Z0195,A043Z#F04.A002R$F04.A039J$F04.A03DL$F04.A043T$F07.A0 74R
2462,Jus 5% vet ongebonden bereid z juspoeder,Gravy 5% fat clear prep wo gravy instant powder,A0722 A0862 B0001 C0001 E0109 F0014 G0001 H0148 H0221 J0003 K0003 M0003 N0003 P0024 Z0183,A043Z#F04.A039J$F04.A03DL$F07.A070P
2466,Dressing vinaigrette-,Salad dressing vinaigrette,A0722 A0859 B1017 C0190 E0102 F0001 G0003 H0151 H0173 H0200 H0306 J0001 K0003 M0001 N0001 P0024,A045K#F04.A036N$F04.A042P$F04.A044G$F04.A044L
2467,Saus frites- ca 13% olie,Sauce for chips approx 13% oil,A0700 A0859 B1017 C0307 E0135 F0003 G0003 H0003 J0100 K0003 M0135 N0051 P0024 Z0186,A045L
2468,Dressing honing/mosterd-,Salad dressing honey/mustard,A0722 A0859 B1017 C0190 E0102 F0001 G0003 H0151 H0173 H0200 H0306 J0100 K0003 M0135 N0001 P0024,A045K#F04.A032B$F04.A032J$F04.A033J$F04.A036N$F04.A0 3DL$F04.A044G
2470,Saus frites- 5% olie,Sauce for chips 5% oil,A0722 A0859 B1017 C0001 E0135 F0014 G0003 H0136 H0247 H0263 H0319 J0109 K0003 M0001 N0001 P0024 P0039 Z0202,A045L#F07.A070P
2471,Mayonaiseproduct ca 35% olie,Mayonnaise product approx 35% oil,A0722 A0859 B1017 C0307 E0135 F0003 G0003 H0003 J0131 K0003 M0001 N0003 P0024 Z0174,A044Y#F07.A074A
2472,Olie wok-,Oil wok,A0700 A0806 B1337 C0190 E0139 F0001 G0003 H0100 H0263 J0003 K0003 M0001 N0001 P0024,A039J
2473,Pasta kruiden-/boemboe,Herb paste boemboe,A0705 A0853 B1347 C0174 E0136 F0022 G0003 H0138 H0212 H0263 H0367 J0116 K0003 M0001 N0001 P0024,A045E#F03.A06JF$F04.A00HC$F04.A032J$F04.A036N$F04.A0 3DL$F04.A042P$F04.A0DMM$F04.A0FDD
2476,Koffie cappuccino vers bereid,Coffee cappuccino freshly made,A0710 A0845 B1305 C0132 E0123 F0014 G0036 H0148 H0184 H0391 J0003 K0003 M0001 N0001 P0024 R0001 Z0001,A03KH#F04.A02LY$F04.A03KC
2477,Koffie cappuccino oplos- bereid,Coffee cappuccino instant prepared,A0710 A0845 B1305 C0132 E0123 F0014 G0036 H0148 H0297 H0391 J0003 K0003 M0001 N0001 P0024 R0001 Z0001,A03KH#F04.A03DL$F04.A0F2E$F28.A07MR
2478,Koffie cappuccino oplos- poeder,Coffee cappuccino instant powder,A0721 A0779 B1201 C0160 E0106 F0014 G0003 H0117 H0136 H0138 H0169 H0174 H0227 H0228 H0229 H0263 J0116 K0003 M0001 N0001 P0024 R0001 Z0089,A0F2E#F04.A02PK$F04.A02PL$F04.A032J$F04.A037M$F04.A 03GQ
2480,Energydrink Golden Power/Bullit/Freeway,Energy drink Golden Power/Bullit/Freeway,A0709 A0843 B1217 C0005 E0123 F0001 G0003 H0136 H0154 H0175 H0216 H0227 J0001 K0003 M0001 N0001 P0024,A03GA#F09.A0EXP$F09.A0EXS$F09.A0EXV$F10.A077J
2483,Vruchtendrank ACE,Fruit juice drink ACE,A0709 A0842 B1339 C0167 E0123 F0022 G0003 H0136 H0148 H0215 H0217 H0317 J0120 K0003 M0001 N0001 P0024,A0BX9#F04.A03AH$F04.A03AM$F04.A03CK$F04.A03EX$F09. A0EXL$F09.A0EXN$F09.A0EXZ$F26.A07XE
2487,Soep op groente- en vleesbasis kant-en-klaar blik/zak/pak,Soup veg & meat based ready-to-eat,A0722 A0865 B1347 C0170 E0138 F0014 G0013 H0148 H0191 H0212 H0367 J0001 K0003 M0001 N0001 P0026 R0001,A0BZC#F04.A0BZ9$F04.A0BZA$F22.A07SH
2488,Soep op groente- en vleesbasis bereid pakje,Soup vegetable & meat based prepared pack,A0722 A0865 B1347 C0170 E0138 F0014 G0013 H0138 H0148 H0191 H0212 H0367 J0001 K0003 M0001 N0001 P0026 R0001,A0BZC#F04.A0BZ9$F04.A0BZA$F28.A07MR
2489,Pasta speculoos-,Spread speculaas flavoured,A0697 A0835 B1012 C0210 E0119 F0014 G0014 H0177 H0184 H0227 H0231 H0263 H0315 H0367 H0555 J0001 K0003 M0134 N0040 P0024,A035N#F26.A07XE
2490,Vruchtendrank multivit 12vr nectar light,Fruit juice drink multivit 12 fruits nectar light,A0709 A0841 B1140 C0167 E0123 F0022 G0003 H0108 H0148 H0215 H0217 H0309 H0310 H0311 H0317 J0120 K0003 M0150 N0001 P0024,A03BL#F08.A046M$F09.A0EXL$F09.A0EXN$F09.A0EXP$F09.A 0EXS$F09.A0EXV$F09.A0EXX$F09.A0EXY$F09.A0EXZ
2491,Vruchtendrank m zoetstof 5-<8 g KH,Fruit juice drink w sweetener 5-<8 g CHO,A0709 A0841 B1140 C0167 E0123 F0022 G0003 H0108 H0136 H0148 J0120 K0003 M0001 N0001 P0024 Z0164,A03BL#F08.A046M
2493,Aardappelpureepoeder z melkpoeder z vet,Potato puree powder wo milkpowder wo fat,A0706 A0829 B1218 C0240 E0136 F0001 G0003 H0169 J0144 K0003 M0001 N0001 P0024 R0355 Z0001,A011E
2495,Melk chocolade- m halfvolle melk en gezoete cacaopoeder,Milk chocolate-flavoured w s-sk milk and sweetened cocoa powder,A0721 A0781 B1201 C0235 E0123 F0022 G0003 H0136 H0231 H0306 H0325 J0120 K0003 M0001 N0001 P0024,A02MP#F04.A02LZ$F04.A03HH$F10.A077G$F22.A07SS
2496,Zuiveldrank Fruitmelk Campina,Dairy drink Campina Fruitmelk,A0721 A0783 B1201 C0235 E0123 F0018 G0003 H0101 H0148 H0158 H0162 H0215 H0216 H0217 H0309 H0310 H0324 H0362 J0131 J0135 K0003 M0001 N0001 P0024 R0001 Z0001,A02MP#F04.A02LZ$F04.A032J$F04.A039M
2498,Tomaat gezeefd pak,Tomato sieved pack,A0705 A0825 B1276 C0139 E0101 F0014 G0014 H0001 J0001 K0003 M0001 N0001 P0024,A00ZD#F04.A00ZC$F28.A0BYP
2499,Aardappelpureepoeder m melkpoeder m vet,Potato puree powder w milkpowder w fat,A0706 A0829 B1218 C0240 E0136 F0001 G0003 H0169 H0184 H0221 J0144 K0003 M0001 N0001 P0024 R0355 Z0001,A011E#F04.A02PJ
2501,Yoghurt vruchten- halfvolle,Yoghurt half fat w fruit,A0721 A0783 B1201 C0235 E0103 F0018 G0003 H0101 H0117 H0147 H0150 H0158 H0306 H0325 J0131 J0135 K0003 M0001 N0001 P0024 R0001 Z0001,A02NH#F04.A02NH$F10.A077G
2503,Yoghurt Griekse volle,Yoghurt Greek full fat,A0721 A0783 B1201 C0235 E0103 F0018 G0003 H0101 H0296 H0306 J0131 J0135 K0003 M0001 N0001 P0024 R0001 Z0001,A16GH#F04.A02ML$F04.A02NG$F10.A077A
2504,Kwark vruchten- volle,Quark full fat w fruit,A0719 A0783 B1201 C0245 E0144 F0018 G0003 H0147 H0158 H0253 H0328 J0131 J0135 K0003 M0001 N0001 P0024 Z0182,A02QK#F04.A02ML$F04.A02QK$F04.A032J$F10.A077A
2505,Fruit gedroogd op brandewijn,Fruit dried in brandy,A0713 A0850 B1329 C0140 E0123 F0003 G0003 H0148 H0158 H0232 H0270 H0364 J0001 K0003 M0130 N0040 P0024,A0CJA#F04.A01GK$F04.A01MD$F04.A01ME$F04.A032J$F04. A03DL$F04.A03PE
2507,Sap multivruchten-,Juice multifruit,A0708 A0841 B1140 C0229 E0123 F0018 G0003 H0362 J0131 J0135 K0003 M0001 N0001 P0024,A03AP#F04.A01EA$F04.A01KC$F04.A01LF$F04.A039M$F04.A 039R$F04.A03AC$F04.A03AF$F04.A03AH$F04.A03AK$F04.A0 3AM
2513,Cider,Cider,A0713 A0848 B1245 C0300 E0123 F0001 G0003 H0232 H0246 J0104 K0003 M0130 M0214 N0040 P0024,A03ND#F04.A039M$F04.A03MV
2514,Diksap bereid 1 op 13,Fruit juice concentrated diluted 1 to 13,A0708 A0841 B1245 C0229 E0123 F0014 G0003 H0138 H0148 J0001 K0003 M0001 N0001 P0020,A03EA#F04.A03BN$F04.A03DL$F10.A077K
2515,Vruchtendrank multivit nectar light Surango,Fruit juice drink Surango multivit nectar light,A0709 A0841 B1140 C0167 E0123 F0022 G0003 H0108 H0148 H0215 H0217 H0309 H0310 H0311 H0317 J0120 K0003 M0150 N0001 P0024,A03BL#F08.A046M$F09.A0EXL$F09.A0EXN$F09.A0EXP$F09.A 0EXS$F09.A0EXV$F09.A0EXX$F09.A0EXY$F09.A0EXZ
2516,Kaas smeer- 15+ Balans ERU,Cheese spread 15+ Balans ERU,A0720 A0787 B1201 C0245 E0119 F0018 G0003 H0130 H0247 H0253 H0328 J0131 J0135 M0001 N0001 P0024 R0359 Z0183,A031C#F04.A031C$F04.A03DL
2517,Kaas smeer- Kids ERU,Cheese spread Kids ERU,A0720 A0787 B1201 C0245 E0119 F0018 G0003 H0130 H0247 H0253 H0328 J0131 J0135 M0001 N0001 P0024 R0359 Z0186,A031C#F09.A0EXH
2518,Kaas geiten- hard,Cheese goat hard,A0720 A0784 B1328 C0245 E0151 F0001 G0003 H0253 H0328 J0104 J0131 J0151 K0003 M0001 N0001 P0024 R0355 Z0196,A02SV#F10.A077A$F26.A07XE$F27.A02MB
2519,Vla halfvolle alle smaken,Custard half fat all flavours,A0721 A0778 B1201 C0235 E0103 F0014 G0003 H0100 H0146 H0158 H0227 H0324 J0131 J0135 K0003 M0001 N0001 P0024,A02PY#F03.A0CEE$F04.A02LV$F10.A077G
2520,Pudding luchtige,Pudding airy,A0719 A0778 B1201 C0235 E0146 F0023 G0012 H0147 H0158 H0165 H0263 H0296 H0364 J0151 K0001 M0001 N0001 P0024,A02PV#F04.A00CN$F04.A01BT$F04.A02LZ$F04.A02ML$F04.A 031G$F04.A032J$F04.A034J$F04.A037N$F04.A04RK$F04.A0F 5E$F26.A07XE
2521,Pap lammetjes- bereid m volle melk,Porridge milk w wheat flour white Lammetjespap,A0721 A0778 B1201 C0235 E0123 F0018 G0018 H0319 J0131 J0135 K0003 M0001 N0001 P0024 Z0179,A0F0T#F04.A003X$F04.A02LY$F10.A077A$F10.A077K$F22.A0 7SS
2522,Vlaflip dubbel- Campina,Custard 2 flavours w syrup vlaflip Campina,A0721 A0778 B1201 C0235 E0103 F0018 G0003 H0100 H0122 H0146 H0158 H0227 H0297 H0324 J0131 J0135 K0003 M0001 N0001 P0024,A02PY#F03.A0CEE$F04.A046H$F04.A046J$F04.A06VS$F04.A0 C6B
2524,Peper Spaanse rauw,Chili pepper raw,A0705 A0825 B1643 C0139 E0150 F0003 G0003 H0003 J0001 K0003 M0001 N0001 P0024,A0DMM
2525,Vet frituur- horeca,Frying fat horeca,A0701 A0807 B1017 C0190 E0119 F0014 G0003 H0174 J0003 K0003 M0001 N0001 P0024 Z0199,A039J#F04.A039J
2527,Biscuit hartig Sultana Crunchers,Biscuit savoury Sultana Crunchers,A0695 A0821 B1312 C0208 E0147 F0022 G0005 H0143 H0173 H0227 H0263 H0319 J0001 K0003 M0003 N0001 P0024,A00FH#F04.A003X$F04.A00ZG$F04.A031A$F04.A032J$F04.A 037D$F04.A042P$F26.A07XE
2528,Croutons,Croutons,A0691 A0820 B1312 C0208 E0111 F0014 G0005 G0027 H0138 H0233 H0256 H0753 J0116 K0003 M0001 N0001 P0024,A007B#F04.A006N$F04.A037D$F04.A037N$F04.A042P
2529,Chips oven-,Potato crisps oven baked,A0706 A0829 B1218 C0308 E0100 F0014 G0004 H0173 H0221 J0001 K0003 M0166 N0036 P0024 R0001 Z0001 Z0186,A0BYT
2530,Maltesers,Maltesers,A0699 A0839 B1012 C0108 E0147 F0014 G0003 H0231 H0297 H0355 J0001 K0003 M0173 N0001 P0024 R0001 Z0112,A034R#F04.A009X$F04.A0EQD$F28.A07HP
2531,Vlokken chocolade- gem,Chocolate flakes av,A0699 A0839 B1318 C0134 E0147 F0014 G0003 H0158 H0184 H0231 J0001 K0003 M0001 N0003 P0024,A0EQS#F04.A0EQS$F26.A07XD
2532,Drop suikervrij,Liquorice sugar-free,A0698 A0838 B2048 C0174 E0147 F0014 G0003 H0108 H0173 H0380 J0003 K0003 M0003 N0001 P0024 P0056 P0198,A035J#F08.A046M
2533,Winegum m drop,Wine gum w liquorice,A0698 A0838 B2048 C0174 E0147 F0014 G0003 H0117 H0150 H0158 H0165 H0367 H0380 J0003 K0003 M0001 N0001 P0024,A0EQP
2535,Cacaopoeder gezoet Nesquik,Cocoa powder sweetened Nesquik,A0710 A0845 B1318 C0155 E0106 F0001 G0003 H0136 H0138 H0162 H0215 H0217 H0309 H0311 J0116 K0003 M0001 N0001 P0024 Z0089,A03HH#F09.A0EXD$F09.A0EXE$F09.A0EXG$F09.A0EXM$F09. A0EXN$F09.A0EXY$F10.A077J
2537,Vlaflip v vla en yoghurt,"Dessert made of custard, yoghurt & syrup",A0721 A0778 B1201 C0235 E0103 F0018 G0003 H0100 H0122 H0146 H0158 H0216 H0227 H0297 H0310 H0324 J0131 J0135 K0003 M0001 N0001 P0024,A02PV#F04.A02NG$F04.A02PY$F04.A046G$F26.A07XE
2538,Pudding huishoudelijk bereid m hv melk,Blancmange home-made w semi-sk milk,A0719 A0778 B1201 C0235 E0119 F0022 G0014 H0158 H0279 J0003 K0003 M0003 N0001 P0024 Z0109,A02PY#F04.A02LZ$F04.A16GC$F22.A07SS
2539,Vla zacht & luchtig,Custard soft & airy,A0721 A0778 B1201 C0235 E0103 F0018 G0003 H0100 H0146 H0158 H0178 H0227 H0296 H0324 J0131 J0135 K0003 M0001 N0001 P0024,A02PY#F03.A0CEE$F28.A07LE
2540,Soep noodle- bereid,Soup noodle prepared,A0722 A0865 B1312 C0208 E0149 F0014 G0014 H0186 H0212 H0229 H0259 H0367 J0001 K0003 M0001 N0001 P0024,A041Y#F04.A003F$F04.A007E$F04.A037D$F04.A03DL$F04.A 042P$F04.A16GB
2541,Worst boterham- vegetarisch verrijkt m ijzer en vit B12,Sausage luncheon meat vegetarian fortified w iron and vit B12,A0722 A0800 B1452 C0208 E0147 F0001 G0003 H0148 H0164 H0181 H0221 H0229 H0319 H0772 J0120 K0003 M0001 N0003 P0024 P0199,A03TE#F09.A0EXD$F09.A0EXP$F26.A07XD
2547,Bamibal/bamischijf diepvries onbereid,Chinese noodle ball frozen unprepared,A0694 A0868 B0001 C0005 E0147 F0014 G0003 H0003 J0136 K0003 M0001 N0003 P0024,A040C#F04.A040R$F26.A07XE$F28.A07HK$F28.A07HS
2548,Kroket vlees- diepvries onbereid,Croquette meat ragout frozen unprep,A0714 A0793 B1201 C0103 E0151 F0018 G0003 H0152 H0188 H0272 H0349 J0136 K0003 M0001 N0001 P0024,A040C#F04.A01QV$F04.A0F1N$F26.A07XE$F28.A07HK$F28. A07HS$F28.A07KQ
2549,Loempia diepvries onbereid,Spring roll frozen unprepared,A0722 A0861 B1347 C0174 E0105 F0001 G0001 H0152 H0186 H0191 H0207 H0212 H0227 H0263 H0319 J0136 K0003 M0001 N0001 P0024,A040F#F04.A00GC$F04.A00SR$F04.A01SP$F04.A022T$F28.A 07HS$F28.A07KQ
2551,Croissant ham-kaas-,Croissant ham and cheese,A0691 A0821 B1312 C0208 E0105 F0014 G0005 H0136 H0143 H0148 H0221 H0256 H0297 H0753 H0759 J0001 K0003 M0003 N0001 P0024,A00BM#F04.A00BM$F04.A023K$F04.A02VA
2552,Kipkorn diepvries onbereid,Chicken sticks breaded frozen unprepared,A0715 A0795 B1457 C0268 E0117 F0001 G0001 H0148 H0171 H0173 H0188 H0227 H0319 H0320 J0136 K0003 M0001 N0001 P0024,A040J#F04.A00DD$F04.A01SP$F04.A037A$F04.A03DL$F28.A 07HK$F28.A07HS$F28.A07KQ
2553,Broodje kaas- v bladerdeeg,Cheese pastry w puff pastry,A0695 A0821 B1312 C0134 E0147 F0014 G0005 H0143 H0272 H0367 J0120 J0145 K0003 M0003 N0001 P0024 R0001 Z0001,A040G#F04.A00CC$F04.A02VA
2555,Viandel onbereid Mora,Viandel unprepared Mora,A0715 A0795 B1457 C0103 E0106 F0001 G0001 H0117 H0152 H0188 H0191 H0349 J0136 K0003 M0001 N0001 P0024,A026A#F04.A003X$F04.A007A$F04.A01SP$F04.A026A$F04.A 036N$F04.A037V$F04.A03DL$F26.A07XE$F28.A07HL$F28.A0 7HS$F28.A07KQ
2556,Biscuit meergranen- LU Time Out,Biscuit LU Time Out,A0695 A0821 B1312 C0208 E0140 F0014 G0005 H0146 H0158 H0229 H0231 H0263 H0280 H0364 H0367 H0757 J0001 K0003 M0001 N0001 P0024,A00AB
2557,Margarine 80% vet >24 g verz vetz ongezouten,Margarine 80% fat >24 g sat fa unsalted,A0701 A0807 B1017 C0190 E0119 F0014 G0003 H0174 H0194 H0213 H0214 H0221 H0306 J0100 K0003 M0159 M0172 N0001 P0024 Z0200,A039D#F07.A076B$F09.A0EXM$F09.A0EXZ$F10.A0CQE
2558,Margarine vlb 80% vet <17 g verz vetz ongezouten,Margarine liq 80% fat <17g sat fa unsalted,A0701 A0807 B1017 C0190 E0139 F0014 G0003 H0174 H0194 H0213 H0214 H0221 H0306 J0100 K0003 M0172 N0001 P0024 Z0201,A039E#F03.A06JL$F07.A076B$F09.A0EXM$F09.A0EXZ$F10.A 0CQE
2559,Halvarineproduct Bewust light 30% vet <10g verz vetz ongezouten,Low fat margarine prod Bewust light 30% fat <10g sat fa unsalted,A0701 A0807 B1017 C0190 E0119 F0014 G0003 H0174 H0194 H0213 H0214 H0216 H0217 H0221 H0306 H0309 H0310 J0100 K0003 M0172 N0001 P0024 Z0197 Z0202,A039E#F07.A073T$F09.A0EXM$F09.A0EXZ$F10.A0CQE
2560,Appelflap m bladerdeeg z roomboter,Apple turnover w puff pastry wo butter,A0695 A0821 B1312 C0208 E0105 F0014 G0005 H0136 H0147 H0207 H0221 H0227 H0256 H0319 H0354 H0753 J0003 K0003 M0003 N0001 P0024 R0001 Z0001,A00CF#F04.A002R$F04.A00CC$F04.A01DJ$F04.A01ME$F04.A 032J$F26.A07XE
2561,Soep gebonden z vulling,Soup thickened no filling,A0722 A0865 B1217 C0005 E0135 F0014 G0014 H0184 H0221 H0229 H0319 H0362 H0367 J0001 K0003 M0003 N0003 P0024,A041L#F04.A003X$F04.A02PF$F04.A039C$F04.A03AH$F04.A 041L$F26.A07XD
2562,Bak- en braadvet vlb 97% vet <17g verz vetz ongezouten,Cooking fat liq 97% fat <17g sat fa unsalted,A0701 A0807 B1017 C0190 E0102 F0014 G0003 H0174 H0194 H0213 H0214 H0217 H0221 H0306 J0100 K0003 M0172 N0001 P0024 R0001 Z0198,A039J#F03.A06JL$F07.A076V$F09.A0EXM$F09.A0EXZ$F10.A0 CQE
2563,Bak- en braadvet vast 97% vet >17 g verz vetz ongezouten,Cooking fat sol 97% fat >17g sat fa unsalted,A0701 A0807 B1017 C0190 E0119 F0014 G0003 H0174 H0194 H0213 H0214 H0217 H0221 H0306 J0100 K0003 M0173 N0001 P0024 R0001 Z0198,A039J#F07.A076V$F09.A0EXM$F09.A0EXZ$F10.A0CQE
2565,Margarine 80% vet <24 g verz vetz ongezouten,Margarine 80% fat <24 g sat fa unsalted,A0701 A0807 B1017 C0190 E0119 F0014 G0003 H0174 H0194 H0213 H0214 H0221 H0306 J0100 K0003 M0172 N0001 P0024 Z0201,A039E#F07.A076B$F09.A0EXM$F09.A0EXZ$F10.A0CQE
2566,Halvarine 40% vet <17g verz vetz ongezouten,Low fat margarine 40% fat <17 g sat fa unsalted,A0701 A0807 B1017 C0190 E0119 F0014 G0003 H0174 H0194 H0213 H0214 H0221 H0306 J0100 K0003 M0172 N0001 P0024 Z0197 Z0202,A039E#F07.A074F$F09.A0EXM$F09.A0EXZ$F10.A0CQE
2567,Halvarineproduct Albert Heijn smeerbaar cholesterol verlagend,Low fat margarine prod AH chol reducing,A0701 A0807 B1017 C0190 E0119 F0014 G0003 H0174 H0213 H0214 H0217 H0221 H0306 J0100 K0003 M0172 N0001 P0024 Z0203,A039H#F09.A0EVQ$F09.A0EXL$F09.A0EXM$F09.A0EXZ$F10. A077B$F10.A0F6C
2568,Vlaai kruimel- m pudding,Flan w custard and crumble topping,A0695 A0821 B1312 C0208 E0147 F0014 G0005 H0158 H0185 H0186 H0272 H0297 H0367 H0753 J0001 K0003 M0001 N0001 P0024,A00BX#F04.A003X$F04.A00BT$F04.A02PX$F04.A032B$F04.A 032J$F04.A032K$F04.A039E
2569,Koek ontbijt- m noten en vruchten,Cake Dutch spiced Ontbijtkoek w nuts & fruit,A0695 A0821 B1313 C0208 E0140 F0014 G0005 H0136 H0151 H0177 H0364 H0751 J0001 K0003 M0001 N0001 P0024,A00CS#F04.A00CS$F04.A014C$F04.A01ME
2570,Vlaai pudding- m vruchten,Flan w custard and fruit,A0695 A0821 B1312 C0208 E0147 F0014 G0005 H0147 H0158 H0185 H0272 H0297 H0367 H0753 J0001 K0003 M0001 N0001 P0024,A00BK#F04.A00BT$F04.A01DJ$F04.A01GF$F04.A01GK$F04.A 01GQ$F04.A02PX$F04.A032K$F26.A07XE
2571,Cake bitterkoekjes-,Cake w Dutch Amaretti Bitterkoekjes,A0695 A0821 B1312 C0208 E0147 F0022 G0005 H0158 H0177 H0186 H0205 H0272 H0319 J0001 K0003 M0003 N0001 P0024,A00AP#F04.A00AP$F04.A00CN
2573,Saus knoflook- 20-<30% olie,Sauce garlic 20-<30% oil,A0722 A0859 B1017 C0155 E0135 F0001 G0003 H0148 H0151 H0158 H0200 H0279 H0367 J0109 K0003 M0001 N0001 P0024 Z0185,A045A
2575,Aardappelpuree vers bereid m volle melk en margarine,Potatoes mashed fresh prep w whole milk and margarin,A0706 A0829 B1218 C0240 E0136 F0014 G0015 H0184 H0221 J0001 K0003 M0001 N0001 P0024 R0355 Z0001,A0C6K#F04.A00ZT$F04.A02LY$F04.A039E
2577,Cake appel- m roomboter,Cake apple made w butter,A0695 A0821 B1312 C0208 E0147 F0022 G0005 H0147 H0158 H0186 H0271 H0319 J0001 K0003 M0003 N0001 P0024,A00BA#F04.A00AP$F04.A01DJ
2580,Jus 5% vet gebonden bereid m juspoeder,Gravy 5% fat thickend prep w gravy instant powder,A0722 A0862 B0001 C0001 E0109 F0014 G0001 H0148 H0173 H0221 H0227 H0319 J0003 K0003 M0003 N0003 P0024 Z0183,A043Z#F04.A002R$F04.A039J$F04.A03DL$F04.A043T$F07.A0 70P
2581,Pannenkoek volkoren huishoudelijk bereid m vloeibare margarine,Pancake wholemeal homemade prepared w liquid margarin,A0722 A0852 B1312 C0133 E0140 F0014 G0008 G0026 H0184 H0186 H0272 J0003 K0003 M0003 N0003 P0024 Z0109,A00CL#F04.A02LZ$F04.A032B$F04.A039E$F04.A0CSN$F22.A0 7SS
2582,Pannenkoek volkoren huishoudelijk bereid m margarine,Pancake wholemeal homemade prepared w margarin,A0722 A0852 B1312 C0133 E0140 F0014 G0008 G0026 H0184 H0186 H0272 J0003 K0003 M0003 N0003 P0024,A00CL#F04.A02LZ$F04.A032B$F04.A039E$F04.A0CSN$F22.A0 7SS
2583,Koek pinda-,Biscuit peanut,A0695 A0821 B1312 C0208 E0147 F0014 G0005 H0124 H0158 H0221 J0003 K0003 M0003 N0003 P0024,A00AE#F04.A009X$F04.A015H
2588,Jus 25% vet ongebonden bereid z juspoeder,Gravy 25% fat clear prep wo gravy instant powder,A0722 A0862 B0001 C0001 E0109 F0014 G0001 H0148 H0221 J0003 K0003 M0003 N0003 P0024 Z0185,A043Z#F04.A039J$F04.A03DL$F07.A073N
2595,Candybar KitKat,Candybar KitKat,A0699 A0839 B1012 C0108 E0147 F0014 G0003 H0221 H0231 H0297 H0319 H0355 J0001 K0003 M0173 N0001 P0024 R0001 Z0112,A034R#F04.A009X$F04.A034J$F28.A07HP
2605,Dressing olijfolie-azijn,Salad dressing olive oil-vinegar,A0722 A0859 B1299 C0190 E0102 F0001 G0003 H0151 H0200 H0306 J0001 K0001 M0001 N0001 P0024,A045K#F04.A036P$F04.A044G$F04.A044L
2606,Mix voor marinade poeder onbereid,Mix for marinade powder unprepared,A0722 A0853 B1347 C0174 E0136 F0022 G0003 H0138 H0212 H0263 H0367 J0116 K0003 M0001 N0001 P0024,A042Y#F03.A06JD$F26.A07XD$F28.A07HS
2607,Koekje m noten en chocolade,Biscuit w nuts and chocolate,A0695 A0821 B1312 C0208 E0147 F0014 G0005 H0158 H0177 H0221 H0231 J0003 K0003 M0003 N0003 P0024,A00AE#F04.A00AE$F04.A014C
2609,Koekje m noten,Biscuits w nuts,A0695 A0821 B1312 C0208 E0147 F0014 G0005 H0158 H0177 H0221 J0003 K0003 M0003 N0003 P0024,A00AE#F04.A009X$F04.A014C
2610,Wijn rose,Wine rose,A0712 A0849 B1329 C0167 E0123 F0003 G0003 H0232 J0104 K0003 M0001 N0001 P0024,A03MY
2611,Saus Joppie-,Sauce Joppie,A0722 A0859 B1017 C0155 E0135 F0001 G0003 H0108 H0146 H0148 H0151 H0158 H0185 H0212 H0281 H0367 J0001 K0003 M0001 N0001 P0024 Z0185,A0ERG#F26.A07XE
2612,Tapenade v olijven,Tapenade olive,A0722 A0827 B1299 C0137 E0134 F0001 G0003 H0151 H0173 H0212 H0263 J0001 K0003 M0001 N0001 P0024 R0001,A01BR#F03.A06JE$F04.A00GZ$F04.A00ZF$F04.A01BQ$F04.A 032J$F04.A036P$F04.A037D$F04.A03DL$F04.A0FCA$F26.A07 XE
2613,Mix seasoning Mexicaans onbereid,Mix seasoning Mexican unprepared,A0722 A0853 B1347 C0174 E0136 F0022 G0003 H0138 H0146 H0212 H0263 H0367 J0116 K0003 M0001 N0001 P0024,A042Y#F26.A07XD$F28.A07HS
2614,Salsa tomatendipsaus,Salsa tomato dip,A0722 A0853 B1276 C0174 E0103 F0022 G0003 H0158 H0227 H0306 H0367 J0001 K0003 M0130 M0172 N0001 P0024,A044P#F04.A03DL$F04.A045B
2615,Azijn,Vinegar,A0722 A0852 B1347 C0174 E0123 F0001 G0003 H0123 J0104 K0003 M0001 N0001 P0024 R0001 Z0001,A044L#F26.A07XD
2617,Broodje bapao vlees,Bread stuffed Bapao meat,A0691 A0817 B1312 C0208 E0147 F0014 G0005 H0191 H0207 H0227 H0263 H0349 K0003 M0001 N0001 P0024,A005K#F04.A004Y$F04.A00HC$F04.A01QX$F04.A01RG$F04. A01SP$F04.A032J$F04.A036X$F04.A044R
2619,Berenklauw rauw,Meatball Berenklauw unprepared,A0722 A0868 B1105 C0268 E0115 F0003 G0029 H0186 H0319 H0349 H0367 J0001 K0001 M0001 N0001 P0024,A03XG#F04.A007A$F04.A00HC$F04.A032B$F04.A042P$F04.A 04GP$F28.A07HS
2622,Taart appel- v zandtaartdeeg m roomboter,Appel pie Dutch w shortbread w butter,A0695 A0821 B1312 C0134 E0147 F0023 G0005 H0147 H0158 H0186 H0271 H0367 J0003 K0003 M0003 N0003 P0024 Z0109 Z0112,A00BZ#F04.A002R$F04.A003X$F04.A01DJ$F04.A01ME$F04.A 02LZ$F04.A032B$F04.A032K$F04.A039C$F04.A042R
2633,Koffie oplos- poeder,Coffee instant powder,A0710 A0845 B1305 C0132 E0106 F0014 G0005 H0138 H0169 H0391 J0144 K0003 M0001 N0001 P0024 R0001 Z0089,A03GQ
2634,Vruchtendrank 2 of meer vruchten verrijkt m vit C,Fruit juice drink minimal 2 fruits fortified w vit C,A0709 A0842 B1339 C0167 E0123 F0022 G0003 H0136 H0148 H0215 J0120 K0003 M0001 N0001 P0024,A03BL#F09.A0EXN
2639,Smoothie vruchten,Smoothie fruit,A0707 A0833 B1140 C0229 E0106 F0001 G0003 H0001 J0001 K0003 M0001 N0001 P0024,A03DF#F04.A01NN$F04.A03AP
2640,Smoothie vruchten m zuivel,Smoothie fruit w dairy,A0707 A0833 B1140 C0229 E0106 F0001 G0003 H0297 J0001 K0003 M0001 N0001 P0024,A03DF#F04.A02NG$F04.A03AP
2641,Frisdrank m suiker en zoetstof 2-<5 g KH m cafeine,Soft drink w sugar and sweetener 2-<5 CHO w caffeine,A0709 A0843 B1217 C0005 E0123 F0001 G0003 H0108 H0109 H0136 H0227 J0001 K0003 M0001 N0001 P0024 Z0164,A03FR#F08.A046M$F10.A077J
2646,Sportdrank Aquarius,Sports drink Aquarius,A0709 A0842 B2974 C0005 E0123 F0001 G0003 H0100 H0108 H0144 H0158 H0195 H0215 H0216 H0217 J0001 K0003 M0001 N0001 P0024,A03GB#F09.A0EXS
2647,Koffie automaat- m suiker en melk,Coffee w sugar and milk vending machine,A0710 A0845 B1305 C0132 E0123 F0014 G0036 H0136 H0148 H0297 H0391 J0003 K0003 M0001 N0001 P0024,A03KG#F04.A032J$F04.A03KC$F04.A03TS
2648,Koffie automaat- m melk,Coffee w milk vending machine,A0710 A0845 B1305 C0132 E0123 F0014 G0036 H0148 H0297 H0391 J0003 K0003 M0001 N0001 P0024,A03KG#F04.A03KC$F04.A03TS
2649,Thee kruiden- oplos gezoet poeder,Tea herbal instant sweetend powder,A0710 A0845 B1179 C0200 F0014 H0138 H0158 H0229 H0259 J0001 K0003 M0001 N0001 P0024,A16GY#F10.A077J
2650,Jus z vet bereid m juspoeder,Gravy prep wo fat w gravy instant powder,A0722 A0862 B0001 C0001 E0109 F0014 G0001 H0148 H0173 H0227 J0003 K0003 M0003 N0003 P0024 Z0183,A043Z#F04.A03DL$F04.A043T$F10.A077D
2651,Saus cocktail/party/tafel- >25% olie,Sauce cocktail/party/table >25% oil,A0722 A0859 B1017 C0155 E0135 F0001 G0003 H0148 H0151 H0158 H0185 H0212 H0279 H0281 H0367 J0001 K0003 M0001 N0001 P0024 Z0174 Z0196,A0ERG#F26.A07XE
2653,Wafel rijst- gekruid,Rice cakes w spices,A0695 A0821 B1322 C0208 E0140 F0014 G0009 H0138 H0148 H0227 J0116 K0003 M0166 N0036 P0024,A006K#F04.A006K$F04.A00DC$F04.A02VA$F04.A037D$F04.A 042P$F10.A0CJK
2654,Kipfilet (vleeswaar),Chicken (processed meat product),A0715 A0795 B1457 C0268 E0150 F0014 G0026 H0173 H0227 J0001 K0003 M0001 N0001 P0024 Z0004,A023X#F27.A01SP
2655,Yoghurt 0% vet Activia m vruchten,Yoghurt 0% fat w fruit Activia,A0721 A0783 B1201 C0235 E0103 F0018 G0003 H0101 H0108 H0147 H0168 H0306 J0131 J0135 K0003 M0001 N0001 P0024 R0001 Z0001,A02NH#F09.A16FP$F10.A077A$F10.A077H
2656,Hagelslag chocolade- mix wit en puur,Chocolate sprinkles mix white and dark,A0699 A0839 B1318 C0134 E0152 F0014 G0003 H0158 H0231 J0001 K0003 M0001 N0003 P0024,A0EQS#F04.A0EQS$F26.A07XE
2657,Pasta duo- m chocolade,Spread duo w chocolate,A0697 A0835 B1012 C0210 E0119 F0014 G0014 H0184 H0227 H0231 H0263 H0315 H0367 H0555 J0001 K0003 M0134 N0040 P0024,A0C6P
2658,Pasta duo- z chocolade,Spread duo wo chocolate,A0697 A0835 B1012 C0210 E0119 F0014 G0014 H0227 H0263 J0001 K0003 M0134 N0040 P0024,A035N#F04.A02PK$F04.A032J$F04.A036N$F04.A037N$F26.A 07XE
2659,Snoep schuim-/gum-,Sweets jelly/gums/foam,A0698 A0838 B1370 C0108 E0147 F0014 G0003 H0117 H0150 H0158 H0221 H0375 J0003 K0003 M0001 N0001 P0024,A0EQP#F26.A07XE
2660,Winegum m schuimlaag,Wine gums w foam layer,A0698 A0838 B1012 C0271 E0147 F0014 G0003 H0117 H0150 H0165 H0221 H0375 J0003 K0003 M0001 N0001 P0024,A0EQP
2661,Wafel Luikse-,Waffle Luikse,A0695 A0821 B1312 C0208 E0147 F0022 G0005 H0158 H0221 H0229 H0280 J0001 K0003 M0003 N0001 P0024,A00CQ#F04.A003Y$F04.A032B$F04.A032J$F04.A039E
2662,Wafel zachte/suiker-/flash-,Waffle soft-/sugar-/flash-,A0695 A0821 B1312 C0208 E0147 F0022 G0005 H0158 H0221 H0229 H0280 J0001 K0003 M0003 N0001 P0024,A00CQ#F04.A003Y$F04.A02LZ$F04.A032B$F04.A032J$F04.A0 36N$F04.A039C
2665,Frisdrank m suiker en zoetstof 5-<8 g KH m cafeine,Soft drink w sugar and sweetener 5-<8 g CHO w caffeine,A0709 A0843 B1217 C0005 E0123 F0001 G0003 H0108 H0109 H0136 H0227 J0001 K0003 M0001 N0001 P0024 Z0164,A03FR#F08.A046M$F10.A077J
2667,Dressing sla- 20% olie m yoghurt,Salad dressing 20% oil w yoghurt,A0700 A0859 B1017 C0307 E0135 F0003 G0003 H0297 J0100 K0003 M0135 N0051 P0024 Z0175 Z0193,A045K#F04.A02NG$F07.A073H
2671,Mix voor nasi/bami onbereid,Mix spice and herbs rice/Chinese noodles unprepared,A0722 A0853 B1347 C0174 E0136 F0022 G0003 H0138 H0212 H0263 H0367 J0116 K0003 M0001 N0001 P0024,A042Z#F28.A07HS
2672,Energydrink Red Bull,Energy drink Red Bull,A0709 A0843 B1217 C0005 E0123 F0001 G0003 H0136 H0175 H0216 H0227 J0001 K0003 M0001 N0001 P0024,A03GA#F09.A0EXP$F09.A0EXS$F09.A0EXV$F09.A0EXX$F10.A 077J
2673,Energydrink Red Bull sugarfree,Energy drink Red Bull sugarfree,A0709 A0843 B1217 C0005 E0123 F0001 G0003 H0108 H0175 H0216 H0227 J0001 K0003 M0001 N0001 P0024,A03GA#F08.A046M$F09.A0EXP$F09.A0EXS$F09.A0EXV$F09. A0EXX
2675,Muesli krokante m noten,Muesli crunchy w nuts,A0692 A0816 B1219 C0133 E0147 F0014 G0003 H0138 H0158 H0177 H0239 H0263 H0319 H0364 J0116 K0003 M0155 N0001 P0024,A00EL#F04.A00EL$F04.A014C
2676,Muesli krokante m chocolade,Muesli crunchy w chocolate,A0692 A0816 B1219 C0133 E0147 F0014 G0003 H0138 H0158 H0231 H0239 H0263 H0319 H0364 J0116 K0003 M0155 N0001 P0024,A00EL#F04.A00EL$F04.A034J
2677,Muesli krokante m noten en chocolade,Muesli crunchy w nuts and chocolate,A0692 A0816 B1219 C0133 E0147 F0014 G0003 H0138 H0158 H0231 H0239 H0263 H0319 H0364 H0757 J0116 K0003 M0155 N0001 P0024,A00EL#F04.A00EL$F04.A014C$F04.A034J
2678,Zuivelspread naturel/kruiden,Dairy spread plain/herbs,A0720 A0786 B1201 C0235 E0135 F0001 G0003 H0151 H0173 H0306 J0001 K0003 M0001 N0001 P0024 R0001 Z0001 Z0112,A02QZ#F04.A02LY$F04.A02QZ$F10.A077A
2679,Zuivelspread naturel/kruiden light,Dairy spread plain/herbs light,A0720 A0786 B1201 C0235 E0135 F0001 G0003 H0151 H0173 H0306 H0324 J0001 K0003 M0001 N0001 P0024 P0040 P0132 R0001 Z0001 Z0112,A02QZ#F04.A02LY$F04.A02ML$F04.A02RB
2681,Mix kruiden- Wereldgerechten onbereid,Mixed spices Wereldgerechten unprep,A0722 A0853 B1347 C0174 E0136 F0022 G0003 H0138 H0146 H0212 H0263 H0367 J0116 K0003 M0001 N0001 P0024,A16GK#F28.A07HS
2682,Rijst meergranen- gekookt,Rice multi-grain boiled,A0696 A0814 B1322 C0133 E0150 F0014 G0015 H0138 H0319 H0321 H0323 J0001 K0003 M0001 N0001 P0024 P0078,A001G#F04.A001G$F04.A03DL$F28.A07GL
2683,Ontbijtproduct Coco pops Chocos Kellogg's,Breakfast cereal Coco pops Chocos Kellogg's,A0692 A0816 B1312 C0135 E0153 F0014 G0003 H0100 H0138 H0158 H0181 H0184 H0216 H0231 H0274 H0309 H0310 H0311 H0555 J0116 K0003 M0155 N0001 P0024,A0F4Q#F04.A004B$F04.A032J$F04.A03HG$F04.A042P$F09.A 0EXD$F09.A0EXM$F09.A0EXP$F09.A0EXQ$F09.A0EXS$F09.A 0EXV$F09.A0EXX$F09.A0EXY
2684,Ontbijtproduct Special K chocolade Kellogg's,Breakfast cereal Spec K choc Kellogg's,A0692 A0816 B1322 C0155 E0153 F0014 G0003 H0100 H0138 H0158 H0173 H0181 H0184 H0216 H0222 H0231 H0274 H0309 H0310 H0311 H0319 H0555 H0754 J0116 K0003 M0155 N0001 P0024,A00EM#F04.A003D$F04.A004B$F04.A00CY$F04.A032J$F04.A 034J$F04.A042P$F09.A0EXD$F09.A0EXM$F09.A0EXP$F09.A0 EXQ$F09.A0EXS$F09.A0EXV$F09.A0EXX$F09.A0EXY
2685,Abrikozen gedroogd geweekt,Abricots dried and soaked,A0707 A0833 B1529 C0213 E0116 F0003 G0003 H0138 H0259 J0003 K0003 M0001 N0001 P0024 R0001 Z0001,A01MD#F04.A01MD$F04.A03DL$F28.A07MR
2686,Appelmoes z suiker m zoetstof blik/glas,Apple sauce wo sugar w sweetener tinned,A0707 A0834 B1245 C0229 E0135 F0014 G0003 H0108 J0123 K0003 M0194 N0001 P0024 P0091 R0001 Z0001,A01PF#F04.A01PF$F04.A03DL$F08.A046M$F28.A0BYP
2687,Kruidnoten m chocolade puur,Biscuit spiced small Kruidnoten w dark choc,A0695 A0821 B1312 C0208 E0147 F0014 G0005 H0151 H0158 H0221 H0355 J0003 K0003 M0001 N0001 P0024,A00AD#F04.A00AD$F04.A034J$F28.A07HP
2688,Kruidnoten m chocolade melk-,Biscuit spiced small Kruidnoten w milk choc,A0695 A0821 B1312 C0208 E0147 F0014 G0005 H0151 H0158 H0221 H0355 J0003 K0003 M0001 N0001 P0024,A00AD#F04.A00AD$F04.A034J$F28.A07HP
2691,Kauwbonbon fruitsmaak,Sweet fruity chew,A0698 A0838 B1370 C0108 E0140 F0001 G0003 H0117 H0150 H0158 H0221 J0145 K0003 M0001 N0001 P0024,A0EQP
2696,Koekje bitter-,Biscuit Dutch Amaretti Bitterkoekjes,A0695 A0821 B1012 C0210 E0140 F0014 G0005 H0177 H0205 J0003 K0003 M0001 N0001 P0024,A00CN#F04.A003F$F04.A012T$F04.A014F$F04.A031T$F04.A 032J
2698,Cake chocolade- z roomboter,Cake chocolate made wo butter,A0695 A0821 B1312 C0208 E0147 F0022 G0005 H0158 H0186 H0231 H0272 H0319 J0001 K0003 M0003 N0001 P0024,A00BG#F04.A00AP$F04.A032K$F04.A03HG
2699,Frou frou,Biscuit Dutch Frou frou,A0695 A0821 B1312 C0132 E0140 F0014 G0003 H0221 J0001 K0003 M0001 N0001 P0024 R0001,A00AE
2700,Biscuit Sultana Yofruit,Biscuit w dried fruit & yoghurt Sultana Yofruit,A0695 A0821 B1312 C0208 E0147 F0022 G0005 H0147 H0158 H0297 H0319 H0354 J0001 K0003 M0003 N0001 P0024,A00AE#F04.A01MA$F04.A02NG$F09.A0EXH$F28.A07HM
2701,Kruidnoten m chocolade witte,Biscuit spiced small Kruidnoten w white choc,A0695 A0821 B1312 C0208 E0147 F0014 G0005 H0151 H0158 H0221 H0355 J0003 K0003 M0001 N0001 P0024,A00AD#F04.A00AD$F04.A034P$F28.A07HP
2703,Tarwebrood volkoren gem v fijn en grof m zaden,Wheat bread wholemeal av fine and coarse w seeds,A0691 A0818 B1312 C0133 E0147 F0014 G0005 H0152 H0221 H0256 H0259 H0333 H0753 J0003 K0003 M0001 N0001 P0024,A005E#F04.A005E$F04.A015G$F04.A015L$F04.A015X$F09.A 0EXA
2704,Tarwebrood bruin m zaden,Wheat bread brown w seeds,A0691 A0818 B1312 C0208 E0147 F0014 G0005 H0152 H0221 H0256 H0259 H0333 H0753 J0003 K0003 M0001 N0001 P0024,A005E#F04.A005E$F04.A015G$F04.A015L$F04.A015X$F09.A 0EXA
2705,Ontbijtproduct All-Bran flakes Kellogg's,Breakfast cereal All-Bran flakes Kellogg's,A0692 A0816 B1312 C0135 E0153 F0014 G0003 H0100 H0138 H0149 H0158 H0173 H0181 H0216 H0274 H0309 H0310 H0311 H0754 J0116 K0003 M0155 N0001 P0024,A00ED#F09.A0EXD$F09.A0EXM$F09.A0EXP$F09.A0EXQ$F09. A0EXS$F09.A0EXV$F09.A0EXX$F09.A0EXY
2706,Chips/kroepoek cassave,Cassave crackers,A0706 A0829 B1352 C0308 E0145 F0014 G0003 H0173 H0221 H0263 J0001 K0003 M0166 N0036 P0024 R0001 Z0001 Z0185,A011V#F04.A00ZZ
2707,Tarwemaisbrood wit m zonnebloempitten,Wheat corn bread white w sunflower seeds,A0691 A0818 B1312 C0208 E0147 F0014 G0005 H0152 H0221 H0256 H0259 H0320 H0333 H0753 J0003 K0003 M0001 N0001 P0024 R0001 Z0001,A005Q#F04.A005Q$F04.A015L$F09.A0EXA$F10.A07XK
2708,Sla rode rauw,Lettuce red raw,A0705 A0825 B2088 C0151 E0150 F0003 G0003 H0003 J0001 K0003 M0001 N0001 P0024,A0DLB#F26.A07XD
2710,Kool rode m appeltjes blik/glas,Cabbage red w apple pieces glass,A0705 A0825 B2072 C0151 E0152 F0014 G0015 H0147 J0123 K0003 M0194 N0001 P0024,A03XX#F04.A00GA$F04.A01DJ$F04.A032J$F04.A036V$F26.A 07XE
2711,Margarineproduct Albert Heijn Balans,Margarine product Albert Heijn Balans,A0701 A0807 B1017 C0190 E0119 F0014 G0003 H0174 H0194 H0213 H0214 H0216 H0217 H0221 H0306 H0309 H0310 J0100 K0003 M0172 N0001 P0024 Z0201,A039E#F09.A0EXL$F09.A0EXM$F09.A0EXP$F09.A0EXQ$F09.A 0EXS$F09.A0EXX$F09.A0EXY$F09.A0EXZ
2712,Margarineproduct vloeibaar <60% vet <17 g verz vetz ongezouten,Margarine product liquid <60% fat <17 g sat fa unsalted,A0701 A0807 B1017 C0190 E0139 F0014 G0003 H0174 H0194 H0213 H0214 H0217 H0221 H0306 J0100 K0003 M0172 N0001 P0024 Z0201,A039E#F03.A06JL$F07.A075D$F09.A0EXM$F09.A0EXZ$F10.A 0CQE
2713,Margarineproduct vloeibaar <60% vet <17 g verz vetz gezouten,Margarine product liquid <60% fat <17 g sat fa salted,A0701 A0807 B1017 C0190 E0139 F0014 G0003 H0173 H0174 H0194 H0213 H0214 H0217 H0221 H0306 J0100 K0003 M0172 N0001 P0024 Z0201,A039E#F03.A06JL$F07.A075D$F09.A0EXM$F09.A0EXZ$F10.A 0CJK
2714,Biscuit meergranen- Liga Evergreen crunchy,Biscuit Liga Evergreen crunchy,A0695 A0821 B1312 C0208 E0140 F0014 G0005 H0136 H0158 H0173 H0181 H0216 H0229 H0263 H0280 H0297 H0364 H0423 H0456 H0555 J0001 K0003 M0128 N0036 P0024,A00AE#F09.A0EXD$F09.A0EXS$F26.A07XD
2715,Meringue,Meringue,A0695 A1331 B1012 C0210 E0105 F0014 G0005 H0138 H0178 H0227 H0365 J0116 K0003 M0001 N0001 P0024 R0001 Z0001,A00CP#F04.A031T$F04.A032J
2721,Donut m glazuur,Doughnut iced,A0695 A0821 B1312 C0132 E0147 F0014 G0029 H0158 H0221 H0297 H0367 H0753 J0001 K0003 M0003 N0003 P0024,A00BR#F04.A00BR$F04.A035X$F28.A07HM
2722,Wafel Luikse m chocolade,Waffle Luikse w chocolate,A0695 A0821 B1312 C0208 E0147 F0022 G0005 H0158 H0221 H0229 H0231 H0280 J0001 K0003 M0003 N0001 P0024,A00CQ#F04.A00CQ$F04.A034J$F28.A07HP
2724,IJsthee m suiker 4-<5 g KH,Ice tea w sugar 4-<5 g CHO,A0710 A0845 B1623 C0200 E0123 F0001 G0036 H0117 H0158 J0001 K0003 M0001 N0001 P0024,A03EX#F04.A03HX$F26.A07XE
2726,Wortel bospeen rauw,Carrot bunched raw,A0705 A0825 B1227 C0240 E0150 F0003 G0003 H0003 J0001 K0003 M0001 N0001 P0024 R0001 Z0001,A0DNZ
2727,Wortel bospeen gekookt,Carrot bunched boiled,A0705 A0825 B1227 C0240 E0151 F0014 G0015 H0001 J0001 K0003 M0001 N0001 P0024 P0078 R0001 Z0001 Z0109,A0DNZ#F28.A07GL
2728,Wortel winterpeen rauw,Carrot winter raw,A0705 A0825 B1227 C0240 E0150 F0003 G0003 H0003 J0001 K0003 M0001 N0001 P0024 R0001 Z0001,A00QH
2729,Wortel winterpeen gekookt,Carrot winter boiled,A0705 A0825 B1227 C0240 E0151 F0014 G0015 H0001 J0001 K0003 M0001 N0001 P0024 P0078 R0001 Z0001 Z0109,A00QH#F28.A07GL
2730,Tomaat tros- rauw,Tomato vine raw,A0705 A0825 B1276 C0140 E0150 F0003 G0003 H0003 J0001 K0003 M0001 N0001 P0024,A00HR
2731,Tomaat kers- rauw,Tomato cherry raw,A0705 A0825 B1608 C0140 E0150 F0003 G0003 H0003 J0001 K0003 M0001 N0001 P0024,A00HY
2732,Tomaat vlees- rauw,Tomato beef raw,A0705 A0825 B1107 C0140 E0150 F0003 G0003 H0003 J0001 K0003 M0001 N0001 P0024,A00HS
2733,Tomaat vlees- gekookt,Tomato beef boiled,A0705 A0825 B1107 C0139 E0150 F0014 G0014 H0001 J0001 K0003 M0001 N0001 P0024 P0078,A00HS#F28.A07GL
2734,Tomaat rauw gem,Tomato av raw,A0705 A0825 B1276 C0140 E0150 F0003 G0003 H0003 J0001 K0003 M0001 N0001 P0024,A0DMX#F04.A00HR$F04.A00HS$F04.A00HY
2735,Tomaat gekookt gem,Tomato av boiled,A0705 A0825 B1276 C0139 E0150 F0014 G0014 H0001 J0001 K0003 M0001 N0001 P0024,A0DMX#F04.A00HR$F04.A00HS$F28.A07GL
2736,Sla rucola rauw,Rocket raw,A0705 A0825 B2474 C0151 E0150 F0003 G0003 H0003 J0001 K0003 M0001 N0001 P0024,A00LN
2737,Ui sla- rauw,Onion Welsh raw,A0705 A0825 B2418 C0240 E0150 F0003 G0003 H0003 J0001 K0003 M0001 N0001 P0024,A00HH
2738,Ui sla- gekookt,Onion Welsh boiled,A0705 A0825 B2418 C0240 E0151 F0014 G0015 H0001 J0001 K0003 M0001 N0001 P0024 P0078,A00HH#F28.A07GL
2739,Komkommer m schil rauw,Cucumber w skin raw,A0705 A0826 B1404 C0140 E0150 F0003 G0003 H0003 J0001 K0003 M0001 N0001 P0024,A00JM#F20.A07QE
2740,Paprika gele rauw,Sweet pepper yellow raw,A0705 A0825 B2631 C0139 E0150 F0003 G0003 H0003 J0001 K0003 M0001 N0001 P0024,A00JA
2741,Paprika gele gekookt,Sweet pepper yellow boiled,A0705 A0825 B2631 C0139 E0151 F0014 G0015 H0003 J0001 K0003 M0001 N0001 P0024 Z0051,A00JA#F28.A07GL
2742,Paprika rauw gem,Sweet pepper av raw,A0705 A0825 B2628 C0139 E0150 F0003 G0003 H0003 J0001 K0003 M0001 N0001 P0024,A00JA#F04.A00JA
2743,Paprika gekookt gem,Sweet pepper av boiled,A0705 A0825 B2628 C0139 E0151 F0014 G0015 H0003 J0001 K0003 M0001 N0001 P0024 Z0051,A00JA#F04.A00JA$F28.A07GL
2744,Aardappelen Nicola z schil gekookt,Potatoes Nicola wo skin boiled,A0706 A0829 B1218 C0240 E0150 F0014 G0015 H0003 J0001 K0003 M0001 N0001 P0024 P0037 P0078 R0355 Z0001,A00ZT#F20.A07QF$F28.A07GL
2745,Aardappelen Eigenheimer z schil gekookt,Potatoes Eigenheimer wo skin boiled,A0706 A0829 B1218 C0240 E0150 F0014 G0015 H0003 J0001 K0003 M0001 N0001 P0024 P0037 P0078 R0355 Z0001,A00ZT#F20.A07QF$F28.A07GL
2746,Aardappelen Red Baron z schil gekookt,Potatoes Red Baron wo skin boiled,A0706 A0829 B1218 C0240 E0150 F0014 G0015 H0003 J0001 K0003 M0001 N0001 P0024 P0037 P0078 R0355 Z0001,A00ZT#F20.A07QF$F28.A07GL
2747,Aardappelen kruimig z schil gekookt gem,Potatoes floury av wo skin boiled,A0706 A0829 B1218 C0240 E0150 F0014 G0015 H0003 J0001 K0003 M0001 N0001 P0024 P0037 P0078 R0355 Z0001,A00ZT#F20.A07QF$F28.A07GL
2748,Peer m schil,Pear w skin,A0707 A0833 B1344 C0139 E0150 F0003 G0003 H0003 J0001 K0003 M0001 N0001 P0024,A01DP#F20.A07QQ
2749,Druiven blauwe m schil,Grapes black w skin,A0707 A0833 B1329 C0137 E0150 F0003 G0003 H0003 J0003 K0003 M0003 N0001 P0024,A01DX#F20.A07QQ
2750,Druiven witte m schil,Grapes white w skin,A0707 A0833 B1329 C0137 E0150 F0003 G0003 H0003 J0003 K0003 M0003 N0001 P0024,A01DX#F20.A07QQ
2751,Appel Elstar m schil,Apple Elstar w skin,A0707 A0833 B1245 C0139 E0150 F0003 G0003 H0003 J0001 K0003 M0001 N0001 P0024 R0355 Z0001,A01DJ#F20.A07QQ
2752,Appel Elstar z schil,Apple Elstar wo skin,A0707 A0833 B1245 C0229 E0150 F0003 G0003 H0003 J0001 K0003 M0001 N0001 P0024 R0355 Z0001,A01DJ#F20.A07QF
2753,Appel Jonagold m schil,Apple Jonagold w skin,A0707 A0833 B1245 C0139 E0150 F0003 G0003 H0003 J0001 K0003 M0001 N0001 P0024 R0355 Z0001,A01DJ#F20.A07QQ
2754,Appel Jonagold z schil,Apple Jonagold wo skin,A0707 A0833 B1245 C0229 E0150 F0003 G0003 H0003 J0001 K0003 M0001 N0001 P0024 R0355 Z0001,A01DJ#F20.A07QF
2755,Sap sinaasappel- vers geperst,Juice orange freshly squeezed,A0708 A0841 B1339 C0140 E0114 F0003 G0003 H0003 J0003 K0003 M0001 N0001 P0024,A03AM#F28.A07HS
2756,Kaas Goudse 48+ jong,Cheese Gouda 48+ age 4-8 weeks,A0720 A0784 B1201 C0245 E0151 F0001 G0003 H0253 H0290 H0317 H0328 J0104 J0131 J0151 K0003 M0001 N0001 P0024 R0315 Z0185,A02SV
2757,Kaas Goudse 48+ jong belegen,Cheese Gouda 48+ age 8 wk-4 mths,A0720 A0784 B1201 C0245 E0151 F0001 G0003 H0253 H0291 H0317 H0328 J0104 J0131 J0151 K0003 M0001 N0001 P0024 R0315 Z0185,A02SV
2758,Kaas Goudse 48+ belegen,Cheese Gouda 48+ age 4-7 mths,A0720 A0784 B1201 C0245 E0151 F0001 G0003 H0253 H0292 H0293 H0317 H0328 J0104 J0131 J0151 K0003 M0001 N0001 P0024 R0315 Z0196,A02SV
2759,Kaas Goudse 48+ oud,Cheese Gouda 48+ age 10-12 mths,A0720 A0784 B1201 C0245 E0151 F0001 G0003 H0253 H0293 H0317 H0328 J0104 J0131 J0151 K0003 M0001 N0001 P0024 R0315 Z0196,A02SV
2760,Melk chocolade- automaat,Hot chocolate from vending machine,A0721 A0781 B1217 C0005 E0123 F0022 G0003 H0136 H0231 H0297 H0306 H0325 J0120 K0003 M0001 N0001 P0024,A03KY#F26.A07XD
2761,Koek gevulde m roomboter,Almond paste filled tarts w butter,A0695 A0821 B1312 C0208 E0140 F0014 G0005 H0158 H0177 H0186 H0221 H0271 J0001 K0003 M0001 N0001 P0024,A00BV#F04.A035P$F26.A07XE
2762,Koek gevulde z roomboter,Almond paste filled tarts wo butter,A0695 A0821 B1312 C0208 E0140 F0014 G0005 H0158 H0177 H0186 H0221 H0272 J0001 K0003 M0001 N0001 P0024,A00BV#F04.A035P$F26.A07XE
2763,Speculaas m roomboter,Biscuit spiced Speculaas w butter,A0695 A0821 B1312 C0208 E0147 F0014 G0005 H0117 H0271 H0361 J0001 K0003 M0001 N0001 P0024,A00AD
2764,Speculaas z roomboter,Biscuit spiced Speculaas wo butter,A0695 A0821 B1312 C0208 E0147 F0014 G0005 H0117 H0272 H0361 J0001 K0003 M0001 N0001 P0024,A00AD
2765,Pangasius bereid in magnetron z toev,Pangasius bereid in magnetron z toev,A0717 A0801 B3684 C0268 E0150 F0014 G0011 H0003 J0001 K0003 M0001 N0001 P0024 P0078 Z0056,A0F8N#F28.A0BA1
2766,Worst rook- varkens gekookt,Sausage smoked pork cooked,A0714 A0798 B1105 C0268 E0147 F0014 G0003 H0172 H0227 H0253 J0120 J0131 K0003 M0001 N0001 P0024 Z0112,A026A#F04.A01RG$F26.A07XE$F28.A07JV
2767,Worst rook- varkens ambachtelijke slagerij gekookt,Sausage smoked pork traditional cooked,A0714 A0798 B1105 C0268 E0147 F0014 G0003 H0172 H0227 H0253 J0120 J0131 K0003 M0001 N0001 P0024,A026A#F04.A01RG$F22.A07TA$F26.A07XE$F28.A07JV
2768,Worst ossen-,Sausage raw beef,A0714 A0798 B1201 C0268 E0117 F0018 G0003 H0118 H0151 J0106 K0011 M0211 M0212 N0056 P0024,A024G#F04.A01QX$F26.A07XE
2769,Ei kippen- scharrel rauw,Egg whole chicken free-range raw,A0718 A0790 B1713 C0225 E0139 F0003 G0003 H0003 J0001 K0003 M0001 N0001 P0024,A031G#F28.A07HS
2770,Ei kippen- scharrel gekookt,Egg whole chicken free-range boiled,A0718 A0790 B1713 C0225 E0150 F0014 G0016 H0003 J0001 K0003 M0001 N0001 P0024,A032B
2771,Ei kippen- biologisch rauw,Egg whole chicken organic raw,A0718 A0790 B1713 C0225 E0150 F0003 G0003 H0003 J0001 K0003 M0001 N0001 P0024,A031G#F21.A07SE$F28.A07HS
2772,Ei kippen- biologisch gekookt,Egg whole chicken organic boiled,A0718 A0790 B1713 C0225 E0150 F0014 G0016 H0003 J0001 K0003 M0001 N0001 P0024 P0128,A032B#F21.A07SE
2773,Ei kippen- mais rauw,Egg whole chicken corn-fed raw,A0718 A0790 B1713 C0225 E0139 F0003 G0003 H0003 J0001 K0003 M0001 N0001 P0024,A031G#F28.A07HS
2774,Ei kippen- mais gekookt,Egg whole chicken corn-fed boiled,A0718 A0790 B1713 C0225 E0150 F0014 G0016 H0003 J0001 K0003 M0001 N0001 P0024,A032B
2775,Biscuit tarwe-/digestive- m chocolade,Biscuit brown/digestive w chocolate,A0695 A0821 B1312 C0135 E0147 F0014 G0005 H0158 H0263 H0319 H0355 J0001 K0003 M0003 N0001 P0024,A00AE#F04.A0EQD$F28.A07HP
2776,Vlaai appelkruimel-,Flan apple and crumble topping,A0695 A0821 B1312 C0208 E0147 F0014 G0005 H0147 H0158 H0185 H0186 H0272 H0297 H0367 H0753 J0001 K0003 M0003 N0003 P0024,A00BZ#F04.A01DJ
2777,Vlaai wener bodem m bakkersroom,Flan hard shell w custard cream,A0695 A0821 B1312 C0208 E0147 F0014 G0005 H0132 H0158 H0185 H0271 H0272 H0296 H0297 H0367 J0001 K0003 M0003 N0003 P0024,A00BX
2778,Vlaai zachte bodem m bakkersroom,Flan sponge w custard cream,A0695 A0821 B1312 C0208 E0147 F0014 G0005 H0132 H0158 H0185 H0272 H0296 H0297 H0367 H0753 J0001 K0003 M0003 N0003 P0024,A00BX
2779,Pasta witte z ei gekookt,Pasta white wo egg boiled,A0694 A0815 B1079 C0208 E0153 F0014 G0015 G0016 H0259 J0001 K0003 M0001 N0001 P0024 R0001 Z0001,A007P#F28.A07GL
2780,Pasta witte m ei gekookt,Pasta white w egg boiled,A0694 A0815 B1079 C0208 E0153 F0014 G0015 G0016 H0186 H0259 J0001 K0003 M0001 N0001 P0024 P0078 R0001 Z0001,A007M#F28.A07GL
2781,Pasta witte vers gekookt,Pasta white fresh boiled,A0694 A0815 B1079 C0132 E0153 F0014 G0015 G0016 H0186 H0259 J0001 K0003 M0001 N0001 P0024 R0001 Z0001,A007J#F28.A07GL
2782,Tarwebrood volkoren grof,Wheat bread wholemeal coarse,A0691 A0818 B1312 C0133 E0147 F0014 G0005 H0152 H0221 H0256 H0259 H0753 J0003 K0003 M0001 N0001 P0024,A005E#F09.A0EXA
2783,Meergranenbrood wit m zaden,Multigrain bread white w seeds,A0691 A0818 B1312 C0208 E0147 F0014 G0005 H0152 H0221 H0256 H0259 H0753 J0003 K0003 M0001 N0001 P0024 R0001 Z0001,A005Q#F04.A015F$F09.A0EXA
2784,Meergranenbrood bruin m zaden,Multigrain bread brown w seeds,A0691 A0818 B1312 C0208 E0147 F0014 G0005 H0152 H0221 H0256 H0259 H0753 J0003 K0003 M0001 N0001 P0024 R0001 Z0001,A005Q#F04.A015F$F09.A0EXA
2785,Tarwemaisbrood wit,Wheat corn bread white,A0691 A0818 B1312 C0208 E0147 F0014 G0005 H0152 H0221 H0256 H0259 H0320 H0753 J0003 K0003 M0001 N0001 P0024 R0001 Z0001,A005Q#F04.A000T$F04.A001M$F09.A0EXA$F10.A07XK
2786,Tarwebrood gem v bruin en volkoren m pompoenpitten,Wheat bread av brown and wholemeal w pumpkin seeds,A0691 A0818 B1312 C0135 E0147 F0014 G0005 H0152 H0221 H0256 H0259 H0333 H0753 J0003 K0003 M0001 N0001 P0024,A005E#F04.A005E$F04.A015X$F09.A0EXA
2787,Tarwebrood gem v bruin en volkoren m zonnebloempitten,Wheat bread av brown and wholemeal w sunflower seeds,A0691 A0818 B1312 C0135 E0147 F0014 G0005 H0152 H0221 H0256 H0259 H0333 H0753 J0003 K0003 M0001 N0001 P0024,A005E#F04.A005E$F04.A015L$F09.A0EXA
2788,Tarwedesembrood volkoren,Wheat sourdough bread wholemeal,A0691 A0818 B1312 C0133 E0147 F0014 G0005 H0152 H0221 H0256 H0259 H0319 H0752 J0003 K0003 M0001 N0001 P0024,A005E#F04.A05QQ$F09.A0EXA
2789,Tarwe ciabatta wit ongevuld,Wheat ciabatta white no filling,A0691 A0818 B1312 C0208 E0147 F0014 G0005 H0152 H0221 H0256 H0259 H0753 J0003 K0003 M0001 N0001 P0024,A004Y#F09.A0EXA
2790,Tarwebrood wit pita,Wheat bread white pita,A0691 A0818 B1312 C0208 E0147 F0014 G0005 H0152 H0221 H0256 H0259 H0753 J0003 K0003 M0001 N0001 P0024,A006S#F09.A0EXA
2791,Stol m spijs z noten,Stollen w almond/imitat paste wo nuts,A0691 A0820 B1312 C0208 E0147 F0014 G0005 H0152 H0177 H0221 H0256 H0259 H0364 H0753 J0003 K0003 M0001 N0001 P0024,A004Y#F04.A004Y$F04.A035N$F09.A0EXA
2792,Stol m spijs m noten,Stollen w almond/imitat paste w nuts,A0691 A0820 B1312 C0208 E0147 F0014 G0005 H0152 H0177 H0221 H0256 H0259 H0364 H0753 J0003 K0003 M0001 N0001 P0024,A004Y#F04.A004Y$F04.A014C$F04.A035N$F09.A0EXA
2793,Tarwestokbrood wit,Wheat baguette white,A0691 A0818 B1312 C0208 E0147 F0014 G0005 H0152 H0221 H0256 H0259 H0753 J0003 K0003 M0001 N0001 P0024,A004Y#F09.A0EXA
2794,Tarwestokbrood bruin,Wheat baguette brown,A0691 A0818 B1312 C0208 E0147 F0014 G0005 H0152 H0221 H0256 H0259 H0753 J0003 K0003 M0001 N0001 P0024,A005E#F09.A0EXA
2795,Tarwebroodje wit hard,Wheat bread roll white hard,A0691 A0818 B1312 C0208 E0147 F0014 G0005 H0152 H0221 H0256 H0259 H0753 J0003 K0003 M0001 N0001 P0024,A004Y#F09.A0EXA
2796,Tarwebroodje bruin hard,Wheat bread roll brown hard,A0691 A0818 B1312 C0208 E0147 F0014 G0005 H0152 H0221 H0256 H0259 H0753 J0003 K0003 M0001 N0001 P0024,A005E#F09.A0EXA
2797,Tarwebroodje bruin zacht,Wheat bread roll brown soft,A0691 A0818 B1312 C0208 E0147 F0014 G0005 H0152 H0221 H0256 H0259 H0753 J0003 K0003 M0001 N0001 P0024,A005E#F09.A0EXA
2798,Tarwebroodje volkoren zacht,Wheat bread roll wholemeal soft,A0691 A0818 B1312 C0133 E0147 F0014 G0005 H0152 H0221 H0256 H0259 H0753 J0003 K0003 M0001 N0001 P0024,A005E#F09.A0EXA
2799,Meergranenbroodje bruin hard,Multigrain roll brown hard,A0691 A0818 B1312 C0208 E0147 F0014 G0005 H0152 H0221 H0256 H0259 H0753 J0003 K0003 M0001 N0001 P0024,A005Q#F04.A015F$F09.A0EXA
2800,Meergranenbroodje bruin zacht,Multigrain roll brown soft,A0691 A0818 B1312 C0208 E0147 F0014 G0005 H0152 H0221 H0256 H0259 H0753 J0003 K0003 M0001 N0001 P0024,A005Q#F04.A015F$F09.A0EXA
2801,Croissant roomboter-,Croissant prepared w butter,A0691 A0821 B1312 C0208 E0105 F0014 G0005 H0136 H0148 H0256 H0271 H0297 H0753 J0001 K0003 M0003 N0001 P0024,A00BM#F04.A039C
2802,Croissant z roomboter,Croissant prepared wo butter,A0691 A0821 B1312 C0208 E0105 F0014 G0005 H0136 H0148 H0256 H0272 H0297 H0753 J0001 K0003 M0003 N0001 P0024,A00BM
2803,Tarwekrentenbol wit,Wheat currant bun white,A0691 A0818 B1312 C0208 E0147 F0014 G0005 H0152 H0221 H0256 H0259 H0364 H0753 J0003 K0003 M0001 N0001 P0024 R0001 Z0001,A004Y#F04.A01ME$F09.A0EXA
2804,Tarwemueslibol bruin/volkoren,Wheat muesli bun brown/wholemeal,A0691 A0818 B1312 C0119 E0147 F0014 G0005 H0152 H0177 H0221 H0256 H0259 H0321 H0364 H0753 J0003 K0003 M0001 N0001 P0024 R0001 Z0001,A005E#F04.A00EK$F09.A0EXA
2805,Maanzaad,Poppy seeds,A0722 A0857 B1515 C0133 E0150 F0003 G0003 H0138 J0141 K0003 M0001 N0001 P0024,A015J
2806,Pompoenpitten,Pumpkin seeds,A0705 A0825 B1456 C0295 E0150 F0003 G0003 H0003 J0001 K0003 M0001 N0001 P0024,A015X
2807,Spijs gem,Almond/imitation paste av,A0703 A0823 B1539 C0155 E0147 F0003 G0003 H0158 H0362 J0001 K0003 M0003 N0003 P0024,A035N#F04.A013H$F04.A014D$F26.A07XE
2809,Muesli m fruit/naturel,Muesli w fruit/plain,A0692 A0816 B1219 C0133 E0147 F0014 G0003 H0138 H0158 H0239 H0319 H0364 J0116 K0003 M0155 N0001 P0024,A00EL#F04.A01MA
2810,Wafel stroop- z roomboter,Waffle syrup wo butter,A0695 A0821 B1312 C0208 E0147 F0022 G0005 H0158 H0221 H0229 H0272 H0280 J0001 K0003 M0001 N0001 P0024,A00CQ#F04.A003X$F04.A02LZ$F04.A032B$F04.A032K$F04.A 034E$F04.A039E$F04.A049A
2811,Tarwebrood volkoren fijn,Wheat bread wholemeal fine,A0691 A0818 B1312 C0133 E0147 F0014 G0005 H0152 H0221 H0256 H0259 H0753 J0003 K0003 M0001 N0001 P0024,A005E#F09.A0EXA
2812,Tarwekrenten/rozijnenbrood wit gem m spijs,Wheat bread currant/raisin white av w almond paste,A0691 A0818 B1312 C0208 E0147 F0014 G0005 H0152 H0177 H0221 H0256 H0259 H0364 H0753 J0003 K0003 M0001 N0001 P0024 R0001 Z0001,A004Y#F04.A004Y$F04.A035N$F09.A0EXA
2813,Tarwekrenten/rozijnenbrood wit gem,Wheat bread currant/raisin white av,A0691 A0818 B1312 C0208 E0147 F0014 G0005 H0152 H0221 H0256 H0259 H0364 H0753 J0003 K0003 M0001 N0001 P0024,A004Y#F04.A004Y$F09.A0EXA
2814,Tarwerozijnenbrood wit m spijs,Wheat raisin bread white w almond paste,A0691 A0818 B1312 C0208 E0147 F0014 G0005 H0152 H0177 H0221 H0256 H0259 H0364 H0753 J0003 K0003 M0001 N0001 P0024,A004Y#F04.A004Y$F04.A035N$F09.A0EXA
2815,Tarwebrood bruin tijger-,Wheat bread brown Tijger,A0691 A0818 B1312 C0135 E0147 F0014 G0005 H0152 H0221 H0256 H0259 H0321 H0753 J0003 K0003 M0001 N0001 P0024,A005E#F04.A003F$F04.A005E$F04.A008T$F09.A0EXA
2816,Tarwebrood wit tijger-,Wheat bread white Tijger,A0691 A0818 B1312 C0208 E0147 F0014 G0005 H0152 H0221 H0256 H0259 H0321 H0753 J0003 K0003 M0001 N0001 P0024,A004Y#F04.A003F$F04.A004Y$F04.A008T$F09.A0EXA
2817,Stol m spijs gem m en z noten,Stollen w almond/imitat paste av w and wo nuts,A0691 A0820 B1312 C0208 E0147 F0014 G0005 H0152 H0177 H0221 H0256 H0259 H0364 H0753 J0003 K0003 M0001 N0001 P0024,A004Y#F04.A004Y$F09.A0EXA
2818,Croissant gem,Croissant av,A0691 A0821 B1312 C0208 E0105 F0014 G0005 H0136 H0148 H0221 H0256 H0297 H0753 J0001 K0003 M0003 N0001 P0024,A00BM#F04.A00BM
2819,Zout z toegevoegd jodium,Salt not fortified w iodine,A0722 A0856 B1655 C0005 E0143 F0003 G0003 H0138 J0116 K0003 M0001 N0001 P0024 R0001 Z0001,A042P#F26.A07XE
2820,Wafel stroop- m roomboter,Waffle syrup w butter,A0695 A0821 B1312 C0208 E0147 F0022 G0005 H0158 H0229 H0271 H0280 J0001 K0003 M0001 N0001 P0024,A00CQ#F04.A034E
2821,Tarwebrood bruin m pompoenpitten,Wheat bread brown w pumpkin seeds,A0691 A0818 B1312 C0208 E0147 F0014 G0005 H0152 H0221 H0256 H0259 H0333 H0753 J0003 K0003 M0001 N0001 P0024,A005E#F04.A005E$F04.A015X$F09.A0EXA
2822,Yoghurt vruchten-/vanille- magere m zoetstof,Yoghurt low fat w fruit/vanilla w sweetener,A0721 A0783 B1201 C0235 E0103 F0018 G0003 H0101 H0108 H0147 H0247 H0306 H0325 J0131 J0135 K0003 M0001 N0001 P0024 R0001 Z0001,A02NH#F04.A04RK$F04.A06VS$F08.A046M$F10.A077H
2823,Yoghurt stracciatella- volle,Yoghurt stracciatella full fat,A0721 A0783 B1201 C0235 E0103 F0018 G0003 H0101 H0158 H0231 H0306 J0131 J0135 K0003 M0001 N0001 P0024 R0001 Z0001,A02NH#F04.A02ML$F04.A02NG$F04.A032J$F04.A034J$F10.A 077A
2826,Kipschnitzel sate gepaneerd rauw,Chicken schnitzel satay breaded raw,A0715 A0795 B1457 C0268 E0150 F0003 G0003 H0117 H0124 H0148 H0188 H0205 H0263 H0319 H0367 J0001 K0003 M0001 N0001 P0024 Z0018,A04DS#F04.A007A$F04.A01SP$F04.A037D$F04.A03DL$F04.A 043V$F28.A07HK
2827,Varkensschnitzel sate gepaneerd rauw,Pork schnitzel satay breaded raw,A0714 A0794 B1136 C0268 E0150 F0003 G0003 H0117 H0124 H0148 H0188 H0205 H0263 H0319 H0367 J0001 K0003 M0001 N0001 P0024 Z0018,A04AC#F04.A007A$F04.A01RG$F04.A037D$F04.A03DL$F04. A043V$F28.A07HK
2828,Likeur m room 15-25 vol% alc,Liqueur w cream 15-25 vol% alcohol,A0713 A0850 B1347 C0001 E0130 F0001 G0003 H0100 H0136 H0232 H0270 H0296 J0001 K0003 M0001 N0001 P0024,A03PA#F04.A02ML$F04.A032J$F04.A03DL$F04.A03NS$F04.A 03PF
2829,Chocoladereep gevuld Kinder,Chocolate bar filled Kinder,A0699 A0839 B1318 C0134 E0147 F0014 G0003 H0158 H0231 H0297 H0355 J0001 K0003 M0001 N0003 P0024 R0001 Z0001,A034Q#F04.A02PL$F04.A032J$F04.A034J$F04.A037N
2830,Croissant kaas-,Croissant cheese,A0691 A0821 B1312 C0208 E0105 F0014 G0005 H0136 H0143 H0148 H0221 H0256 H0297 H0753 J0001 K0003 M0003 N0001 P0024,A00BM#F04.A00BM$F04.A02VA
2831,Siroop vruchtenlimonade- m suiker en zoetstof 10-15 g KH,Fruit drink conc w sugar and sweetener 10-15 g CHO,A0709 A0842 B1012 C0108 E0139 F0001 G0003 H0108 H0148 H0200 H0227 H0362 J0001 K0003 M0194 N0001 P0024 Z0091 Z0164,A03GE#F08.A046M$F10.A077J
2832,Cake chocolade- m roomboter,Cake chocolate made w butter,A0695 A0821 B1312 C0208 E0147 F0022 G0005 H0158 H0186 H0231 H0271 H0319 J0001 K0003 M0003 N0001 P0024,A00BG#F04.A00AP$F04.A032K$F04.A03HG
2834,Aardappelbolletjes/-wafeltjes ed diepvries onbereid,Potato waffles/balls frozen unprepared,A0706 A0829 B1218 C0240 E0147 F0018 G0003 H0173 H0227 H0260 H0263 H0347 J0136 K0003 M0001 N0001 P0024 R0355 Z0001,A0BYX#F04.A00ZT$F04.A032J$F04.A037D$F04.A042P$F28.A0 7HS$F28.A07KQ
2835,IJskoffie,Coffee iced,A0710 A0845 B1305 C0132 E0123 F0014 G0036 H0136 H0148 H0184 H0296 H0391 J0003 K0003 M0001 N0001 P0024 R0001 Z0001,A03KK#F04.A02LY$F04.A02LZ$F04.A032J$F04.A03KC
2836,Worst grill- m kaas,Sausage grill w cheese,A0714 A0798 B1105 C0268 E0151 F0014 G0004 H0143 H0146 H0148 H0173 H0191 H0227 H0253 J0131 K0003 M0001 N0001 P0024,A025N#F04.A025N$F04.A02VA$F26.A07XE$F28.A07HA
2837,Bier m vruchtensmaak,Beer w fruit flavour,A0711 A0847 B1230 C0102 E0123 F0001 G0003 H0227 H0232 H0246 H0253 H0362 J0121 K0003 M0001 N0001 P0024 R0001 Z0167,A03MR#F04.A03AP$F04.A03ME
2840,Kool rode m appeltjes huishoudelijk bereid,Cabbage red w apple pieces home-made,A0705 A0825 B2072 C0151 E0152 F0014 G0015 H0147 H0271 K0003 N0001 P0024,A03XX#F04.A00GA$F04.A01DJ$F04.A032J$F04.A039C$F22.A 07SS$F26.A07XE
2843,Ananas op eigen sap blik/glas,Pineapple in own juice tinned,A0707 A0834 B1484 C0167 E0133 F0001 G0003 H0001 J0120 K0011 M0182 M0210 N0001 P0024 P0105,A01PB#F06.A169N
2844,Noten macadamia- ongezouten,Nuts macadamia unsalted,A0703 A0823 B1451 C0155 E0150 F0001 G0005 H0138 J0116 K0003 M0001 N0001 P0024 P0078,A014M#F10.A0CQE
2846,Vruchtendrank m zuivel Taksi m zoetstof,Fruit drink w dairy Taksi w sweetener,A0709 A0842 B1217 C0005 E0123 F0001 G0003 H0108 H0150 H0215 H0260 H0362 J0001 K0003 M0156 N0001 P0024,A03FV#F26.A07XE
2851,Sap vruchten- mild multifruit m vit C,Juice multifruit mild w vit C,A0708 A0841 B1140 C0229 E0123 F0018 G0003 H0215 H0362 J0131 J0135 K0003 M0001 N0001 P0024,A03AP#F09.A0EXN
2858,Drink soja- light verrijkt m calcium en vitamines Alpro,Drink soya light fortified w calcium and vitamins Alpro,A0709 A0788 B1452 C0158 E0123 F0001 G0003 H0148 H0158 H0162 H0214 H0310 H0315 H0772 J0001 K0003 M0001 N0001 P0024 P0199,A03TJ#F09.A0EXH$F09.A0EXM$F09.A0EXP$F09.A0EXX$F10.A 077M
2859,Pannenkoek kaas- huishoudelijk bereid,Pancake w cheese homemade,A0722 A0852 B1312 C0208 E0140 F0014 G0008 H0143 H0184 H0186 H0272 J0003 K0003 M0003 N0003 P0024 Z0109,A00CL#F04.A00CL$F04.A02VA
2862,Pannenkoek appel-rozijnen- huishoudelijk bereid,Pancake w apple and raisin homemade,A0722 A1297 B1312 C0208 E0140 F0014 G0026 H0147 H0184 H0186 H0272 H0364 J0003 K0003 M0003 N0003 P0024,A00CL#F04.A00CL$F04.A01DJ$F04.A01ME
2863,Taart appel-noten,Pie apple-nuts,A0695 A0821 B1312 C0134 E0147 F0023 G0005 H0147 H0158 H0186 H0272 H0367 H0757 J0003 K0003 M0003 N0003 P0024 Z0109 Z0112,A00BZ#F04.A00BV$F04.A00BZ
2864,Koek stroop- m chocolade,Biscuit syrup w chocolate,A0695 A0821 B1312 C0208 E0147 F0022 G0005 H0158 H0221 H0229 H0280 H0281 J0001 K0003 M0001 N0001 P0024,A00AE#F04.A00CQ$F04.A034J$F28.A07HP
2868,Pannenkoek huishoudelijk bereid m vloeibare margarine,Pancake homemade preprared w liquid margarin,A0722 A0852 B1312 C0208 E0140 F0014 G0008 H0184 H0186 H0272 J0003 K0003 M0003 N0003 P0024 Z0109,A00CL#F04.A02LZ$F04.A032B$F04.A039E$F04.A0CSN$F22.A0 7SS
2869,Beignet appel-,Fritter apple,A0695 A0821 B1245 C0229 E0105 F0014 G0029 H0158 H0184 H0186 H0188 H0207 H0233 H0263 H0319 H0753 J0001 K0003 M0001 N0001 P0024,A00BR#F04.A003X$F04.A01DJ$F04.A02LZ$F04.A032B$F04.A0 32J$F04.A037D$F04.A042P$F04.A049A
2870,Candybar Lion,Candybar Lion,A0695 A0821 B1312 C0208 E0105 F0023 G0005 H0100 H0152 H0158 H0184 H0231 H0263 H0355 H0367 J0001 K0003 M0001 N0001 P0024 R0001 Z0001,A034R#F04.A0EQD$F28.A07HP
2873,Dessertsaus karamel-,Sauce caramel for pudding,A0698 A0863 B1012 C0148 E0139 F0014 G0003 H0280 J0001 K0003 M0003 N0003 P0024,A046J
2875,Fruitsnack Knijpfruit/Slurpfruit,Fruit snack Knijpfruit/Slurpfruit,A0707 A0834 B1245 C0229 E0135 F0014 G0003 H0147 J0123 K0003 M0197 N0051 P0091 P0250 P0256,A01PR#F26.A07XD
2876,Brioche,Brioche,A0691 A0818 B1312 C0208 E0146 F0014 G0005 H0158 H0184 H0186 H0221 H0256 H0753 J0001 K0003 M0001 N0001 P0024,A00BT#F09.A0EXA
2877,Ontbijtproduct Weetabix original,Breakfast cereal Weetabix original,A0692 A0816 B1312 C0133 E0105 F0014 G0003 H0130 H0138 H0158 H0181 H0194 H0309 H0310 H0311 H0367 J0001 K0003 M0155 N0001 P0024 R0001,A00EZ#F02.A06DY$F04.A000L$F33.A0C3Q
2880,Koffie wiener melange oplos poeder,Coffee wiener melange instant powder,A0710 A0845 B1305 C0132 E0106 F0014 G0005 H0138 H0158 H0169 H0231 H0297 H0391 J0144 K0003 M0001 N0001 P0024 R0001 Z0089,A0F2E#F04.A02PK$F04.A032J$F04.A03GQ$F04.A03HG
2881,Koffie wiener melange oplos bereid,Coffee wiener melange instant prepared,A0710 A0845 B1305 C0132 E0106 F0014 G0005 H0138 H0148 H0158 H0169 H0231 H0297 H0391 J0144 K0003 M0001 N0001 P0024 R0001 Z0089,A03KH#F04.A03DL$F04.A0F2E$F26.A07XE$F28.A07MR
2883,Runderrookvlees licht gezouten,Beef smoke-dried lightly salted,A0714 A0797 B1201 C0125 E0131 F0001 G0001 H0253 H0367 J0137 K0003 M0003 N0003 P0024 P0087,A023C#F10.A0B8M
2884,Suiker riet-,Cane sugar,A0697 A0836 B1378 C0156 E0143 F0001 G0003 H0138 H0150 H0224 J0145 K0003 M0001 N0001 P0024,A032P
2885,Cranberrycompote gezoet,Cranberry compote sweetened,A0707 A0837 B4209 C0140 E0134 F0014 G0003 H0136 J0145 K0003 M0194 N0001 P0024 R0001 Z0001,A01PP#F04.A01FH$F04.A032J$F04.A03DL$F10.A077J
2886,Noten cashew- gezouten,Cashew nuts salted,A0703 A0823 B1221 C0155 E0150 F0001 G0005 H0367 J0001 K0003 M0001 N0001 P0024 P0078,A014H#F10.A0CJK
2887,Noten amandelen z vliesje gezouten,Almonds blanched salted,A0703 A0823 B1272 C0134 E0131 F0022 G0005 H0173 J0003 K0003 M0003 N0003 P0024,A014F#F10.A0CJK$F20.A07QR
2888,Plantaardig alternatief voor yoghurt obv soja m suiker verrijkt m calcium en vitamines,Plant-based alternative to yoghurt based on soya sweetened fortified w calcium and vitamins,A0722 A0788 B1452 C0235 E0103 F0022 G0003 H0101 H0136 H0247 H0306 J0131 J0135 K0003 M0001 N0001 P0024 P0199,A03TV#F09.A0EXH$F09.A0EXM$F09.A0EXP$F10.A077J
2890,Cranberry gedroogd gezoet,Cranberries dried sweetened,A0707 A0833 B4209 C0140 E0150 F0003 G0003 H0136 H0138 J0001 K0003 M0001 N0001 P0024 R0001 Z0001,A01MA#F10.A077J$F26.A07XE
2891,Koek jode-,Biscuit Dutch Jodekoek,A0695 A0821 B1312 C0208 E0147 F0014 G0005 H0154 H0158 H0186 H0221 H0751 J0003 K0003 M0003 N0003 P0024 R0001 Z0001,A009X#F04.A003X$F04.A032K$F04.A039E$F04.A042R
2892,Wafel penny-,Waffle penny-,A0695 A0821 B1312 C0208 E0105 F0023 G0005 H0100 H0146 H0158 H0184 H0263 H0355 H0367 J0001 K0003 M0001 N0001 P0024 R0001 Z0001,A0BYR#F04.A00AE$F04.A034J
2893,Cake Indische,Cake Indonesian,A0695 A0821 B1312 C0208 E0147 F0022 G0005 H0158 H0272 H0319 J0001 K0003 M0003 N0001 P0024,A00CR#F04.A003X$F04.A032B$F04.A032J$F04.A039E$F04.A0 3DL
2894,Biscuit digestive-,Biscuit digestive,A0695 A0821 B1312 C0135 E0147 F0022 G0005 H0158 H0263 H0319 H0367 H0751 J0001 K0003 M0003 N0001 P0024 R0001 Z0001,A009X
2895,Halvarineproduct AH omega-3,Low fat spread AH omega-3,A0701 A0807 B1017 C0190 E0119 F0014 G0003 H0174 H0213 H0214 H0217 H0221 H0306 H0309 H0310 H0761 H0771 H0772 J0100 K0003 M0172 N0001 P0024 P0078 Z0202,A039H#F09.A0EVV$F09.A0EXL$F09.A0EXM$F09.A0EXP$F09. A0EXQ$F09.A0EXS$F09.A0EXX$F09.A0EXY$F09.A0EXZ$F10.A 077B$F10.A0F6C
2897,Limonade vruchten- Ocean Spray Cranberry classic,Juice drink Ocean Spray Cranberry classic,A0709 A0843 B1217 E0123 F0001 G0003 H0109 H0136 H0215 H0362 J0001 K0003 M0194 N0001 P0024,A03EA#F04.A01FH$F26.A07XE
2898,Paardenrookvlees,Horse meat smoked,A0714 A0797 B1229 C0125 E0131 F0001 G0001 H0253 H0367 J0137 K0003 M0003 N0003 P0024,A022R#F26.A07XE$F27.A01RN
2899,Balkenbrij,"Scrapple, pork",A0714 A0798 B1136 C0268 E0105 F0014 G0012 H0173 H0227 H0336 J0001 K0003 M0001 N0001 P0024 R0001 Z0001,A16ER#F04.A002G$F04.A01ME$F04.A01QX$F04.A01XJ$F04. A022X$F04.A041L$F04.A042P
2900,Mais blik/glas,Sweetcorn tinned,A0705 A0825 B1380 C0133 E0152 F0014 G0012 H0001 J0110 K0017 M0001 N0001 P0024,A00ZP
2901,Runderbraadworst gebakken,Sausage beef Braadworst prepared,A0714 A0798 B1201 C0268 E0105 F0014 G0025 H0227 H0253 J0001 K0003 M0003 N0003 P0024,A024N#F04.A01QX$F04.A039J$F28.A07GR
2902,Runderborstlappen bereid,Beef breast boneless prepared,A0714 A0794 B1201 C0268 E0150 F0014 G0001 H0003 J0001 K0003 M0001 N0001 P0024 Z0018,A01QX#F04.A039J$F28.A07GR
2903,Vink runder- gebakken,Beef olives prepared,A0714 A0794 B1201 C0268 E0105 F0014 G0025 H0117 H0173 H0191 J0003 K0003 M0003 N0003 P0024,A03VV#F04.A01QX$F26.A07XE
2904,Runder T-bone steak bereid,Beef T-bone steak prepared,A0714 A0794 B1201 C0269 E0150 F0014 G0026 H0003 J0131 K0001 M0001 N0001 P0024 Z0026,A01QX#F04.A039J$F28.A07GR
2905,Runder ribeye steak bereid,Beef ribeye steak prepared,A0714 A0794 B1201 C0268 E0150 F0014 G0001 H0003 J0001 K0003 M0001 N0001 P0024 Z0023,A01QX#F04.A039J$F28.A07GR
2906,Shoarmavlees varkens- bereid,Pork shoarma seasoning prepared,A0714 A0794 B1136 C0270 E0152 F0014 G0026 H0151 H0173 H0396 J0001 K0003 M0001 N0001 P0024 Z0047,A01RG#F04.A039J$F28.A07GR
2907,Spek rook- mager bereid,Bacon lean smoked prepared,A0714 A0794 B1136 C0175 E0131 F0014 G0024 H0003 H0172 H0247 H0253 J0120 K0003 M0001 N0001 P0024,A022X#F04.A039J$F28.A07GR
2908,Spareribs varkens- bereid,Pork sparerib prepared,A0714 A0794 B1136 C0269 E0150 F0014 G0005 G0026 H0227 H0396 J0003 K0003 M0001 N0001 P0024 Z0023,A01RG#F04.A039J$F28.A07GR
2909,Varkenspoulet bereid,Pork stewing meat prepared,A0714 A0794 B1136 C0268 E0125 F0014 G0026 H0003 J0001 K0003 M0003 N0003 P0024,A01RG#F04.A039J$F28.A07GR
2910,Kalfsvleesreepjes gebakken,Veal stewing meat prepared,A0714 A0793 B1349 C0268 E0152 F0014 G0024 H0272 J0001 K0003 M0001 N0001 P0024 Z0018,A01QY#F28.A07GR
2911,Kalfssukadelappen bereid,Veal stewing steak prepared,A0714 A0793 B1349 C0268 E0150 F0014 G0024 H0272 J0001 K0003 M0001 N0001 P0024 Z0018,A01QY#F04.A039J$F28.A07GR
2912,Kalfsbraadworst gebakken,Sausage veal Braadworst prepared,A0714 A0798 B1349 C0268 E0105 F0014 G0025 H0227 H0253 J0001 K0003 M0003 N0003 P0024,A024N#F04.A01QY$F28.A07GR
2913,Kalfsriblappen bereid,Veal rib steak prepared,A0714 A0793 B1349 C0268 E0150 F0014 G0024 H0272 J0001 K0003 M0001 N0001 P0024 Z0023,A01QY#F04.A039J$F28.A07GR
2914,Kalfslappen mager bereid,Veal frying steak prepared,A0714 A0793 B1349 C0268 E0150 F0014 G0024 H0272 J0001 K0003 M0001 N0001 P0024,A01QY#F04.A039J$F28.A07GR
2915,Kalfsoester bereid,Veal tenderloin medaillon prepared,A0714 A0793 B1349 C0268 E0150 F0014 G0024 H0272 J0001 K0003 M0001 N0001 P0024 Z0217,A01QY#F04.A039J$F28.A07GR
2916,Cracker VitaLU verrijkt m calcium,Cracker VitaLU fortified w calcium,A0695 A0817 B1312 C0208 E0140 F0014 G0005 H0152 H0162 H0221 H0259 J0001 K0003 M0001 N0001 P0024,A005Y#F04.A004B$F09.A0EXA$F09.A0EXH
2921,Yoghurtdrank 7-9g KH,Yoghurt drink 7-9g CHO,A0721 A0783 B1201 C0235 E0123 F0022 G0003 H0119 H0136 H0147 H0248 H0306 J0120 J0142 K0003 M0001 N0001 P0020 P0181 R0001 Z0001,A02NQ#F10.A077M
2922,Aardappelen vastkokend z schil gekookt gem,Potatoes waxy av wo skin boiled,A0706 A0829 B1218 C0240 E0150 F0014 G0015 H0003 J0001 K0003 M0001 N0001 P0024 P0037 P0078 R0355 Z0001,A00ZT#F04.A00ZT$F20.A07QF$F28.A07GL
2923,Chips naturel,Crisps potato unflavoured,A0706 A0829 B1218 C0308 E0145 F0014 G0029 H0173 H0221 H0263 J0001 K0003 M0166 N0036 P0024 R0001 Z0001 Z0196,A0BYS
2924,Chips paprika ea smaken,Crisps potato flavoured,A0706 A0829 B1218 C0308 E0145 F0014 G0029 H0151 H0173 H0221 H0263 J0001 K0003 M0166 N0036 P0024 R0001 Z0001 Z0196,A0BYS
2925,Kaas Mascarpone,Mascarpone cheese,A0720 A0784 B1201 C0123 E0119 F0001 G0003 H0107 J0001 K0003 M0001 N0001 P0024 R0355 Z0192,A02QH
2926,Chips light paprika ea smaken,Crisps potato light flavoured,A0706 A0829 B1218 C0308 E0145 F0014 G0029 H0151 H0173 H0221 H0263 J0001 K0003 M0166 N0036 P0024 P0069 R0001 Z0001 Z0185,A0BYS
2927,Fritessticks naturel,Crisps potato straws natural,A0706 A0829 B1218 C0308 E0141 F0014 G0003 H0173 H0221 H0263 J0001 K0003 M0001 N0003 P0024,A011L
2928,Fritessticks paprika,Crisps potato straws flavoured,A0706 A0829 B1218 C0308 E0141 F0014 G0003 H0151 H0173 H0221 H0263 J0001 K0003 M0001 N0003 P0024,A011L#F04.A019L
2929,Chips Lays Sensations diverse smaken,Crisps potato Lays Sensations flavoured,A0706 A0829 B1218 C0308 E0100 F0014 G0029 H0151 H0173 H0221 J0001 K0003 M0166 N0036 P0024 R0001 Z0001 Z0196,A0BYS
2930,Pasta chocolade- wit,Chocolate spread white,A0697 A0835 B1012 C0210 E0119 F0014 G0014 H0184 H0227 H0231 H0263 H0315 H0367 H0555 J0001 K0003 M0134 N0040 P0024,A0C6P
2932,Soep 1-kops bereid,Soup portion prepared,A0722 A0865 B1347 C0174 E0109 F0014 G0014 H0138 H0148 H0191 H0227 H0367 J0001 K0003 M0001 N0001 P0024,A041L#F04.A037N$F04.A0BZ9$F04.A0BZA$F26.A07XD$F28.A 07MR
2933,Koek eier- volkoren/meergranen,Sponge cake wholemeal/multigrain,A0695 A0821 B1312 C0133 E0147 F0014 G0005 H0146 H0158 H0186 J0001 K0003 M0001 N0003 P0024,A00AQ#F04.A002R$F04.A003X$F04.A004B$F04.A032B$F04.A 032J$F04.A042R
2934,Halvarineproduct Becel pro-activ calorie light,Low fat spead Becel pro-activ calorie light,A0701 A0807 B1017 C0190 E0119 F0014 G0003 H0174 H0194 H0213 H0214 H0216 H0217 H0221 H0306 J0100 K0003 M0172 N0001 P0024 Z0185 Z0202,A039H#F09.A0EVQ$F09.A0EXL$F09.A0EXM$F09.A0EXZ$F10. A077B$F10.A0F6C
2935,Yoghurt volle Activia naturel,Yoghurt full fat plain Activia,A0721 A0783 B1201 C0235 E0103 F0018 G0003 H0101 H0306 J0131 J0135 K0003 M0001 N0001 P0024 R0001 Z0001,A02NG#F09.A16FP$F10.A077A
2936,Yoghurtdrank Activia,Yoghurt drink Activia,A0721 A0783 B1201 C0235 E0114 F0018 G0003 H0158 H0227 H0279 H0362 H0400 H0491 J0159 J0172 K0001 M0001 N0001 P0024,A02NR#F10.A077J
2937,Toast Melba naturel,Toast Melba natural,A0691 A0817 B1312 C0208 E0147 F0014 G0005 G0010 H0152 H0221 H0753 J0003 K0003 M0001 N0001 P0024,A004Y#F28.A07HC
2938,Toast Melba overige soorten,Toast Melba other varieties,A0691 A0817 B1312 C0208 E0147 F0014 G0005 G0010 H0152 H0184 H0221 H0256 H0333 H0753 J0003 K0003 M0001 N0001 P0024,A005E#F04.A015K$F28.A07HC
2939,Plantaardig alternatief voor roomijs/yoghurtijs obv kokos,Plant-based alternative to icecream based on coconut,A0703 A0788 B1536 C0214 E0119 F0001 G0001 H0117 H0136 H0148 J0136 K0003 M0001 N0003 P0024 P0199,A02QB#F04.A014N$F04.A01BK$F04.A032J$F04.A03DL$F04.A 03HG$F04.A046J$F26.A07XE
2942,Pizza m kaas en groenten diepvries onbereid,Pizza w cheese and vegetables frozen unprepared,A0691 A0822 B1312 C0208 E0105 F0018 G0005 H0143 H0173 H0212 H0227 H0350 J0136 K0003 M0001 N0001 P0024,A03ZT#F04.A008H$F04.A00FN$F04.A00HC$F04.A00JA$F04.A 00JD$F04.A00JR$F04.A00MJ$F04.A00TQ$F04.A00ZC$F04.A0 2QJ$F04.A02SV$F04.A02YK$F04.A02YM$F04.A030H$F04.A03 2J$F04.A037D$F04.A042P$F04.A044V$F28.A07HS$F28.A07K Q
2943,Pizza m vlees diepvries onbereid,Pizza w meat frozen unprepared,A0691 A0822 B1312 C0208 E0105 F0018 G0005 H0143 H0173 H0212 H0227 H0350 H0759 J0136 K0003 M0001 N0001 P0024,A03ZQ#F04.A008H$F04.A00HC$F04.A00JA$F04.A00TQ$F04.A 00ZC$F04.A01RG$F04.A01SP$F04.A022T$F04.A02QJ$F04.A0 2SV$F04.A032J$F04.A039E$F04.A03XG$F04.A042P$F28.A07 HS$F28.A07KQ
2944,Pizza m vis diepvries onbereid,Pizza w fish frozen unprepared,A0691 A0822 B1312 C0208 E0105 F0018 G0005 H0143 H0153 H0173 H0212 H0227 H0350 J0136 K0003 M0001 N0001 P0024,A03ZR#F04.A008H$F04.A00HC$F04.A00ZC$F04.A00ZF$F04.A 02QJ$F04.A02SV$F04.A032J$F04.A037D$F04.A042P$F04.A0F BT$F28.A07HS$F28.A07KQ
2945,Pizza salami diepvries onbereid,Pizza salami frozen unprepared,A0691 A0822 B1312 C0208 E0105 F0018 G0005 H0143 H0173 H0212 H0227 H0350 H0759 J0136 K0003 M0001 N0001 P0024,A03ZQ#F04.A008H$F04.A00HC$F04.A00JA$F04.A00JR$F04.A 00KP$F04.A00TQ$F04.A00ZC$F04.A024X$F04.A02QJ$F04.A0 2SV$F04.A032J$F04.A037D$F04.A042P$F28.A07HS$F28.A07K Q
2946,Pizza hawaii diepvries onbereid,Pizza w ham and pineapple frozen unprep,A0691 A0822 B1312 C0208 E0105 F0018 G0005 H0143 H0147 H0173 H0212 H0227 H0350 H0759 J0136 K0003 M0001 N0001 P0024,A03ZX#F04.A008H$F04.A00ZC$F04.A01PB$F04.A023K$F04.A 02QJ$F04.A02SV$F04.A037D$F04.A042P$F28.A07HS$F28.A0 7KQ
2947,Rolmops,Herring pickled w gherkin,A0717 A0803 B1414 C0125 E0151 F0018 G0003 H0200 H0212 H0229 J0131 J0137 J0149 K0022 M0001 N0001 P0024,A0F0P#F04.A00ZJ$F04.A0F0P$F27.A02DE
2948,Salade ei- maaltijd,Salad egg w potato,A0722 A0866 B1457 C0225 E0134 F0023 G0015 H0180 H0185 H0200 H0221 H0229 H0367 J0001 K0001 M0001 N0001 P0024,A03VG#F04.A00HC$F04.A00QH$F04.A00ZJ$F04.A00ZT$F04.A 01BC$F04.A032B$F04.A032J$F04.A036V$F04.A044X
2949,Salade zalm- maaltijd,Salad salmon w potato,A0722 A0866 B1222 C0268 E0134 F0023 G0003 H0185 H0200 H0212 H0221 H0229 H0367 J0001 K0001 M0001 N0001 P0024,A03VG#F04.A002R$F04.A00QH$F04.A00ZJ$F04.A00ZT$F04.A 032B$F04.A032J$F04.A036V$F04.A03AH$F04.A03DL$F04.A0 42P$F04.A044G$F04.A044P$F04.A0C75
2950,Salade vlees- maaltijd,Salad meat w potato,A0722 A0866 B1161 C0268 E0134 F0023 G0003 H0147 H0148 H0158 H0180 H0185 H0191 H0212 H0229 H0296 H0344 H0362 H0367 J0001 K0001 M0001 N0001 P0024,A03VG#F04.A002R$F04.A00HC$F04.A00QH$F04.A00ZJ$F04.A 00ZT$F04.A01BC$F04.A01QX$F04.A032B$F04.A032J$F04.A0 36V$F04.A03AH$F04.A03DL$F04.A042P$F04.A044G
2952,Kruidnoten m chocolade gem,Biscuit spiced small Kruidnoten w chocolate av,A0695 A0821 B1312 C0208 E0147 F0014 G0005 H0151 H0221 H0355 H0361 J0003 K0003 M0001 N0001 P0024,A00AD#F04.A00AD$F28.A07HP
2953,Zout zee-,Salt sea,A0722 A0856 B1655 C0005 E0143 F0003 G0003 H0138 J0116 K0003 M0001 N0001 P0024 R0001 Z0001,A042X
2954,Appeltjes gedroogd geweekt,Apple dried soaked in water,A0707 A0834 B1245 C0139 E0133 F0003 G0003 H0138 H0259 J0003 K0003 M0001 N0001 P0024 R0001 Z0001,A01MC#F04.A01MC$F04.A03DL$F28.A07MR
2955,Peren gedroogd geweekt,Pear dried soaked in water,A0707 A0834 B1344 C0229 E0152 F0001 G0003 H0138 H0259 J0003 K0001 M0001 N0001 P0024,A01MH#F04.A01MH$F04.A03DL$F28.A07MR
2956,Pruimen gedroogd geweekt,Prunes soaked in water,A0707 A0834 B1206 C0139 E0150 F0003 G0003 H0138 H0259 J0003 K0003 M0001 N0001 P0024,A01MB#F04.A01MB$F04.A03DL$F28.A07MR
2957,Tuttifrutti gedroogd geweekt,Fruit mixed dried soaked in water,A0707 A0834 B1140 C0213 E0116 F0003 G0003 H0138 H0259 J0003 K0003 M0001 N0001 P0024,A01QF#F04.A01MA$F04.A03DL$F28.A07MR
2983,Dreumesmelk Nutrilon 4 p 100 ml,Toddler formula Nutrilon 4 p 100 ml,A0723 A0873 B1201 C0113 E0123 F0014 G0003 H0138 H0141 H0148 H0159 H0163 H0194 H0301 J0116 K0003 M0001 N0001 P0192,A03QR
2984,Peutermelk Nutrilon 5 p 100 ml,Toddler formula Nutrilon 5 p 100 ml,A0723 A0873 B1201 C0113 E0123 F0014 G0003 H0138 H0141 H0148 H0159 H0163 H0194 H0301 J0116 K0003 M0001 N0001 P0192,A03QR
2995,Kaas smeer- 45+,Cheese spread 45+,A0720 A0787 B1201 C0245 E0119 F0018 G0003 H0130 H0247 H0253 H0328 J0131 J0135 K0003 M0001 N0001 P0024 Z0185,A031C
2996,Worst Chorizo,Sausage Chorizo,A0714 A0798 B1105 C0268 E0105 F0018 G0003 H0138 H0151 H0160 H0172 H0253 H0262 J0116 J0120 K0003 M0001 N0001 P0024 Z0094 Z0099,A025C
2997,Worst grill-,Sausage grill,A0714 A0798 B1105 C0268 E0151 F0014 G0004 H0146 H0148 H0173 H0191 H0227 H0253 J0131 K0003 M0001 N0001 P0024,A025N#F04.A01RG$F26.A07XE$F28.A07HA
3001,Kalkoenfilet (vleeswaar),Turkey (processed meat product),A0715 A0795 B1236 C0268 E0150 F0014 G0026 H0173 H0227 J0001 K0003 M0001 N0001 P0024 Z0003,A023T
3002,Spek katen-,Bacon smoked Katenspek,A0714 A0794 B1136 C0175 E0131 F0014 G0013 H0003 H0172 H0253 J0120 K0003 M0001 N0001 P0024,A023H
3003,Worst knak- runder blik/glas,Sausage beef frankfurter type tinned,A0714 A0798 B1201 C0268 E0147 F0001 G0003 H0227 H0253 J0131 K0017 M0182 M0210 N0001 P0024,A026B#F04.A01QX$F28.A0BYP
3007,Tarwebrood bruin koolhydraatverlaagd,Wheat bread brown carbohydrate reduced,A0691 A0818 B1347 C0174 E0146 F0014 G0005 H0173 H0225 H0266 H0751 J0001 K0003 M0001 N0001 P0024 R0001 Z0001,A0BY0#F09.A0EXA$F26.A07XE
3009,Shandy,Shandy,A0713 A0851 B1217 C0005 E0123 F0001 G0003 H0136 H0175 H0200 H0227 H0232 H0362 J0001 K0003 M0001 N0001 P0024,A03MQ#F04.A03EX$F04.A03ME
3016,Kalfsschnitzel ongepaneerd rauw,Veal schnitzel not breaded raw,A0714 A0793 B1349 C0268 E0150 F0003 G0003 J0001 K0003 M0001 N0001 P0024 Z0018,A01QY
3017,Gehakt kalfs- rauw,Minced veal raw,A0714 A0793 B1349 C0268 E0136 F0003 G0003 H0003 J0001 K0003 M0001 N0001 P0024 Z0018,A01QY#F28.A07KY
3018,Kalfsoester rauw,Veal tenderloin medaillon raw,A0714 A0793 B1349 C0268 E0150 F0003 G0003 H0003 J0001 K0003 M0001 N0001 P0024 Z0018 Z0217,A01QY
3019,Kalfslappen mager rauw,Veal frying steak raw,A0714 A0793 B1349 C0268 E0150 F0003 G0003 H0003 J0001 K0003 M0001 N0001 P0024 Z0018,A01QY
3020,Kalfsriblappen rauw,Veal rib steak raw,A0714 A0793 B1349 C0268 E0150 F0003 G0003 H0003 J0001 K0003 M0001 N0001 P0024 Z0018 Z0023,A01QY
3021,Kalfsbraadworst rauw,Sausage veal Braadworst raw,A0714 A0798 B1349 C0268 E0105 F0003 G0003 H0227 H0253 J0001 K0003 M0003 N0003 P0024,A024N#F04.A01QY
3022,Kalfssukadelappen rauw,Veal stewing steak raw,A0714 A0793 B1349 C0268 E0150 F0003 G0003 J0001 K0003 M0001 N0001 P0024 Z0018,A01QY
3023,Kalfsvleesreepjes rauw,Veal stewing meat raw,A0714 A0793 B1349 C0268 E0152 F0003 G0003 H0003 J0001 K0003 M0001 N0001 P0024 Z0018,A01QY
3024,Varkenspoulet rauw,Pork stewing meat raw,A0714 A0794 B1136 C0268 E0125 F0003 G0003 H0003 J0001 K0003 M0003 N0003 P0024,A01RG
3025,Spek rook- mager rauw,Bacon lean smoked raw,A0714 A0794 B1136 C0175 E0131 F0018 G0003 H0003 H0172 H0247 H0253 J0120 K0003 M0001 N0001 P0024,A022X
3026,Speklap bereid in eigen vet,Bacon rasher prepared in own fat,A0714 A0794 B1136 C0175 E0131 F0014 G0026 H0003 J0003 K0003 M0001 N0001 P0024,A01RG#F28.A07GR
3027,Shoarmavlees varkens- rauw,Pork shoarma seasoning raw,A0714 A0794 B1136 C0270 E0152 F0003 G0003 H0151 H0173 H0396 J0001 K0003 M0001 N0001 P0024 Z0047,A01RG
3028,Runderborstlappen rauw,Beef breast boneless raw,A0714 A0794 B1201 C0268 E0150 F0003 G0003 H0003 J0001 K0003 M0001 N0001 P0024 Z0018,A01QX
3029,Gehakt kalfs- rul gebakken,Minced veal shallow fried,A0714 A0793 B1349 C0268 E0136 F0022 G0028 H0001 J0001 K0003 M0001 N0001 P0024,A01QY#F28.A07GR$F28.A07KY
3030,Runderbraadworst rauw,Sausage beef Braadworst raw,A0714 A0798 B1201 C0268 E0105 F0003 G0003 H0227 H0253 J0001 K0003 M0003 N0003 P0024,A024N#F04.A01QX
3031,Spareribs varkens- rauw,Pork sparerib raw,A0714 A0794 B1136 C0269 E0150 F0003 G0003 H0227 H0396 J0003 K0003 M0001 N0001 P0024 Z0023,A01RG
3032,Runder ribeye steak rauw,Beef ribeye steak raw,A0714 A0794 B1201 C0268 E0150 F0003 G0003 H0003 J0001 K0003 M0001 N0001 P0024 Z0023,A01QX
3033,Runder T-bone steak rauw,Beef T-bone steak raw,A0714 A0794 B1201 C0269 E0150 F0003 G0003 H0003 J0131 K0001 M0001 N0001 P0024 Z0026,A01QX
3034,Gehakt mager runder- rauw,Minced beef lean raw,A0714 A0793 B1201 C0268 E0136 F0003 G0003 H0003 J0001 K0003 M0001 N0001 P0024 Z0018,A049S
3035,Gehakt mager runder- rul gebakken,Minced beef lean shallow fried,A0714 A0793 B1201 C0268 E0136 F0022 G0028 H0001 J0001 K0003 M0001 N0001 P0024,A049S#F28.A07GR
3036,Jus 75% vet gebonden bereid m juspoeder,Gravy 75% fat thickend prep w gravy instant powder,A0722 A0862 B0001 C0001 E0109 F0014 G0001 H0148 H0173 H0221 H0227 H0319 J0003 K0003 M0003 N0003 P0024 Z0201,A043Z#F04.A002R$F04.A039J$F04.A03DL$F04.A043T$F07.A0 75V
3037,Jus 75% vet ongebonden bereid m juspoeder,Gravy 75% fat clear prep w gravy instant powder,A0722 A0862 B0001 C0001 E0109 F0014 G0001 H0148 H0173 H0221 H0227 J0003 K0003 M0003 N0003 P0024 Z0201,A043Z#F04.A039J$F04.A03DL$F04.A043T$F07.A075V
3038,Jus 5% vet ongebonden bereid m juspoeder,Gravy 5% fat clear prep w gravy instant powder,A0722 A0862 B0001 C0001 E0109 F0014 G0001 H0148 H0173 H0221 H0227 J0003 K0003 M0003 N0003 P0024 Z0183,A043Z#F04.A039J$F04.A03DL$F04.A043T$F07.A070P
3039,Kalfsschnitzel ongepaneerd bereid,Veal schnitzel not breaded prepared,A0714 A0793 B1349 C0268 E0150 F0014 G0024 H0272 J0001 K0003 M0001 N0001 P0024 Z0018,A01QY#F04.A039J$F28.A07GR
3040,Schnitzel vegetarisch obv melk gevuld m kaas onbereid verrijkt m ijzer,Schnitzel vegetarian based on milk filled w cheese unprepared fortified w iron,A0722 A0800 B1201 C0245 E0147 F0001 G0001 H0143 H0154 H0162 H0173 H0181 H0205 H0216 H0218 H0227 H0257 H0263 H0297 H0319 H0322 H0385 H0638 H0693 H0753 J0001 K0003 M0001 N0001 P0024 P0199,A03TE#F04.A02ST$F09.A0EXD$F26.A07XE$F27.A02LV$F28.A0 7HK
3041,Schnitzel vegetarisch obv melk gevuld diverse smaken onbereid verrijkt m ijzer,Schnitzel vegetarian based on milk filled several flavours unprepared fortified w iron,A0722 A0800 B1201 C0245 E0147 F0001 G0001 H0124 H0143 H0150 H0154 H0162 H0173 H0181 H0205 H0212 H0216 H0218 H0227 H0257 H0263 H0319 H0322 H0385 H0638 H0693 H0753 J0001 K0003 M0001 N0001 P0024 P0199,A03TE#F04.A02ST$F09.A0EXD$F26.A07XE$F27.A02LV$F28.A0 7HK
3042,Pizza Turkse z toevoegingen,Pizza Turkish wo extras,A0691 A0822 B1312 C0208 E0105 F0018 G0005 H0173 J0001 K0001 M0001 N0001 P0024 R0001 Z0001,A03ZX
3043,Yoghurt Turkse 4% vet,Yoghurt Turkish 4% fat,A0721 A0783 B1201 C0235 E0103 F0018 G0003 H0101 H0306 J0131 J0135 K0003 M0001 N0001 P0024 R0001 Z0183,A16GH#F07.A070D
3044,Kaas Turkse 60+ obv koemelk blik,Cheese Turkish 60+ cow's milk canned,A0720 A0784 B1201 C0245 E0134 F0022 G0003 H0101 H0184 J0102 J0104 K0003 M0204 N0001 P0024 R0001 Z0001 Z0193,A02RB#F06.A06XT
3045,Kaas schapen-/geiten- Turkse 50+ blik,Cheese sheep/goat Turkish 50+ canned,A0720 A0784 B1183 C0245 E0134 F0022 G0003 H0101 H0184 J0102 J0104 K0003 M0204 N0001 P0024 R0001 Z0001 Z0193,A02RC#F06.A06XT
3046,Tarwebrood bruin Turks,Wheat bread brown Turkish,A0691 A0818 B1312 C0208 E0147 F0014 G0005 H0152 H0221 H0256 H0259 H0753 J0003 K0003 M0001 N0001 P0024 R0403,A005E#F09.A0EXA
3047,Yoghurt Turkse 10% vet,Yoghurt Turkish 10% fat,A0721 A0783 B1201 C0235 E0103 F0018 G0003 H0101 H0306 J0131 J0135 K0003 M0001 N0001 P0024 R0001 Z0186,A16GH#F07.A072X
3048,Paprika oranje rauw,Sweet pepper orange raw,A0705 A0825 B2630 C0139 E0150 F0003 G0003 H0003 J0001 K0003 M0001 N0001 P0024,A00JA
3049,Bonen witte blik/glas,Beans white canned,A0704 A0831 B1999 C0133 E0150 F0014 G0003 H0138 H0259 J0116 J0123 K0017 M0194 N0001 P0024 R0001 Z0283,A01BB
3050,Pap havermout- bereid m halfvolle melk ongezoet,Porridge oatmeal prepared w semi-skimmed milk unsweetened,A0721 A0778 B1201 C0235 E0135 F0018 G0001 H0322 J0131 J0135 K0003 M0001 N0001 P0024,A0F0T#F04.A00DJ$F04.A02LZ$F10.A077G$F10.A077K
3051,Olie lijnzaad-,Oil linseed,A0700 A0806 B1700 C0190 E0123 F0003 G0003 H0001 J0001 K0003 M0001 N0001 P0024,A037G
3052,Boterproduct melange ongezouten,Butter product melange unsalted,A0702 A0808 B1201 C0179 E0119 F0018 G0003 H0001 J0135 K0003 M0001 N0001 P0024 R0001 Z0200,A039F#F04.A02MV$F04.A036V$F04.A039C$F10.A0CQE
3056,Tarwebrood bruin natriumarm,Wheat bread brown low sodium,A0691 A0818 B1312 C0208 E0147 F0014 G0005 H0152 H0221 H0256 H0259 H0753 J0003 K0003 M0001 N0001 P0024 P0087 P0154,A005E#F10.A0CQE
3058,Zemelen haver-,Oat bran,A0696 A0814 B1219 C0288 E0151 F0003 G0003 H0138 J0116 K0003 M0001 N0001 P0024 R0001 Z0001,A003B
3060,Appelflap m bladerdeeg m roomboter,Apple turnover w puff pastry w butter,A0695 A0821 B1312 C0208 E0105 F0014 G0005 H0136 H0147 H0207 H0227 H0256 H0271 H0319 H0354 H0753 J0003 K0003 M0003 N0001 P0024 R0001 Z0001,A00CF#F04.A002R$F04.A00CC$F04.A01DJ$F04.A01ME$F04.A 032J$F26.A07XE
3063,Siroop ahorn-,Syrup maple,A0709 A0843 B1167 C0108 E0139 F0014 G0003 H0138 J0145 K0003 M0194 N0001 P0024 R0001 Z0091,A033Z#F26.A07XE$F27.A034A
3064,Stroop appel- verrijkt m ijzer,Syrup apple fortified w iron,A0698 A0836 B1370 C0271 E0139 F0014 G0003 H0181 H0362 J0146 K0003 M0001 N0001 P0024 R0359 Z0001,A033Z#F09.A0EXD$F27.A01DJ
3066,Room spuitbus minder vet m suiker,Cream whipped low fat w sugar canned,A0721 A0778 B1201 C0195 E0119 F0022 G0003 H0158 H0178 J0120 K0015 M0151 N0001 P0024 Z0185,A02MN#F04.A032J$F07.A073F
3067,Snoepje room- hard,Sweets cream hard,A0698 A0838 B1012 C0108 E0105 H0117 H0158 H0221 H0296 K0003 N0001 P0024,A034X#F04.A02ML$F04.A032J$F04.A039C$F26.A07XE
3069,Groente soep- gekookt,Vegetables for soup cooked,A0705 A0825 B1579 C0150 E0152 F0014 G0015 H0003 J0003 K0003 M0001 N0001 P0024 R0315 Z0109,A03YE#F04.A00HC$F04.A00QH$F04.A00QJ$F04.A00SB
3070,Tonijn bereid z vet,Tuna prepared wo fat,A0717 A0801 B1269 C0268 E0150 F0003 G0004 H0003 J0001 K0003 M0001 N0001 P0024,A02DX#F28.A0BA1
3071,Tilapia bereid z vet,Tilapia prepared wo fat,A0717 A0801 B2434 C0268 E0150 F0003 G0004 H0003 J0001 K0003 M0001 N0001 P0024,A028A#F26.A07XD$F28.A0BA1
3072,Gefrituurde peulvruchtensnack Bara Surinaams,Deep fried legumes Bara Surinam,A0695 A0821 B1312 C0208 E0105 F0014 G0029 H0212 H0229 H0347 H0349 H0351 J0001 K0003 M0001 N0003 P0024,A040C#F04.A003Y$F04.A00GZ$F04.A00HC$F04.A013D$F04.A 037D$F04.A0DMM$F26.A07XE$F28.A07GV
3073,Bonen mung- gekookt,Beans mung boiled,A0704 A0831 B1395 C0133 E0150 F0003 G0014 H0138 J0116 K0003 M0001 N0001 P0024 R0001 Z0280,A013D#F28.A07GL
3074,Yoghurt volle Activia m vruchten/vanille,Yoghurt full fat w fruit/vanilla Activia,A0721 A0783 B1201 C0235 E0103 F0018 G0003 H0101 H0117 H0147 H0150 H0158 H0306 J0135 K0003 M0001 N0001 P0024 R0001 Z0001,A02NH#F04.A04RK$F04.A06VS$F09.A16FP$F10.A077A
3075,Kaassouffle bereid m vlb frituurvet,Pastry puff cheese filled deep-fried in liquid fat,A0695 A0868 B1201 C0235 E0147 F0001 G0029 H0184 H0186 H0272 H0319 H0367 J0001 K0003 M0003 N0003 P0024,A040L#F04.A039J$F04.A040L$F28.A07GV
3076,"Bladerdeeg m roomboter, bereid",Puff pastry w butter baked,A0695 A0821 B1312 C0134 E0147 F0014 G0005 H0271 H0367 J0120 J0145 K0003 M0003 N0001 P0024 R0001 Z0001,A00CC#F04.A003X$F04.A039C$F04.A03DL$F04.A042P$F26.A 07XE
3080,Knackebrod glutenvrij Fette Croccanti Schar,Crispbread gluten free Fette Croccanti Schar,A0695 A0817 B1322 C0208 E0147 F0022 G0005 H0750 J0001 K0003 M0001 N0001 P0024 P0174,A0CHT#F10.A0B8L
3084,Vleeswaren 10-20 g vet excl leverprod gem,Processed meat prod 10-20 g fat excl liver av,A0714 A0797 B1105 C0268 E0153 F0001 G0001 H0001 J0001 K0003 M0003 N0003 P0024 Z0266,A04ND#F04.A022X$F04.A024D$F04.A024X$F04.A025N$F04. A025Y$F04.A026B$F04.A0B9G$F10.A077B$F26.A07XD
3085,Amsoi gekookt,Mustard leaves boiled,A0705 A0825 B1566 C0200 E0150 F0003 G0014 H0003 J0001 K0003 M0001 N0001 P0024 R0001 Z0001,A00GH#F28.A07GL
3086,Paksoi gekookt,Cabbage pak-choi cooked,A0705 A0826 B2077 C0151 E0150 F0003 G0014 H0003 J0001 K0003 M0001 N0001 P0024,A00GJ#F28.A07GL
3115,Peutermelk Hero Baby 4 p 100 ml,Toddler formula Hero Baby 4 p 100 ml,A0723 A0873 B1201 C0113 E0123 F0014 G0003 H0138 H0141 H0148 H0159 H0163 H0194 H0301 J0116 K0003 M0001 N0001 P0192,A03QR
3117,Peutermelk Hero Baby 5 p 100 ml,Toddler formula Hero Baby 5 p 100 ml,A0723 A0873 B1201 C0113 E0123 F0014 G0003 H0138 H0141 H0148 H0159 H0163 H0194 H0301 J0116 K0003 M0001 N0001 P0192,A03QR
3127,Pastinaak rauw,Parsnip raw,A0705 A0826 B1483 C0240 E0150 F0003 G0003 H0003 J0003 K0003 M0001 N0001 P0024 R0001 Z0001,A00QR
3128,Pastinaak gekookt,Parsnip boiled,A0705 A0826 B1483 C0240 E0150 F0003 G0014 H0003 J0003 K0003 M0001 N0001 P0024 R0001 Z0001,A00QR#F28.A07GL
3129,Dreumesmelk Nestle groeimelk 1+ p 100 ml,Toddler formula Nestle groeimelk 1+ p 100 ml,A0723 A0873 B1201 C0113 E0123 F0014 G0003 H0141 H0148 H0159 H0163 H0194 H0301 J0120 K0003 M0001 N0001 P0192,A03QR
3130,Dreumesmelk Nestle groeimelk 2+ p 100 ml,Toddler formula Nestle groeimelk 2+ p 100 ml,A0723 A0873 B1201 C0113 E0123 F0014 G0003 H0141 H0148 H0159 H0163 H0194 H0301 J0120 K0003 M0001 N0001 P0192,A03QR
3134,Sopropo gekookt,Bitter gourd pods boiled,A0705 A0826 B1719 C0140 E0150 F0003 G0014 H0003 J0001 K0003 M0001 N0001 P0024 R0001 Z0001,A00JY#F28.A07GL
3135,Okra gekookt,Okra boiled,A0705 A0826 B1241 C0169 E0150 F0003 G0014 H0003 J0001 K0003 M0001 N0001 P0024 R0001 Z0001,A00JF#F28.A07GL
3137,Bakkeljauw (gedroogde gezouten kabeljauw) geweekt gekookt,"Cod dried, salted, soaked, boiled",A0717 A0801 B1423 C0125 E0150 F0014 G0014 H0138 H0173 H0259 J0001 K0003 M0001 N0001 P0024 R0001 Z0001,A02JS#F10.A0CJK$F28.A07GL$F28.A07MS
3138,Saus ketjap-,Soy sauce based on Ketjap,A0722 A0858 B1452 C0155 E0123 F0014 G0003 H0102 H0227 H0367 J0001 K0003 M0001 N0001 P0024 R0001 Z0001,A044R#F04.A032J$F04.A036X$F04.A03DL$F04.A042P$F04.A0 44R
3139,Gehakt kippen- rauw,Mince chicken raw,A0714 A0793 B1457 C0268 E0136 F0003 G0003 H0003 J0001 K0003 M0001 N0001 P0024 Z0018,A04DS
3152,Margarineproduct 60% vet >17g verz vetz gezouten,Margarine product 60% fat >17 g sat fa salted,A0701 A0807 B1017 C0190 E0119 F0014 G0003 H0173 H0174 H0194 H0213 H0214 H0221 H0306 J0100 K0003 M0172 N0001 P0024 R0001 Z0201,A039E#F07.A075D$F09.A0EXM$F09.A0EXZ$F10.A0CJK
3153,Quinoa rauw,Quinoa raw,A0696 A0814 B2027 C0155 E0150 F0003 G0003 H0138 J0116 K0003 M0001 N0001 P0024 R0001 Z0001,A000R#F28.A07HS
3154,Quinoa gekookt,Quinoa cooked,A0696 A0814 B2027 C0155 E0150 F0014 G0015 H0003 J0003 K0003 M0001 N0001 P0024 R0001 Z0001,A000R#F28.A07GL
3155,Kaas 30+ jong,Cheese 30+ age 4-8 weeks,A0720 A0784 B1201 C0245 E0151 F0001 G0003 H0150 H0247 H0253 H0290 H0328 J0104 J0131 J0151 K0003 M0001 N0001 P0024 R0315 Z0185,A02SV
3156,Zuigelingenvoeding Kruidvat Standaard 1 p 100 ml,Infant formula Kruidvat Standaard 1 p 100 ml,A0723 A0873 B1201 C0113 E0123 F0014 G0003 H0138 H0141 H0148 H0159 H0163 H0194 H0301 J0116 K0003 M0001 N0001 P0263,A03QF
3157,Opvolgmelk Kruidvat Standaard 2 p 100 ml,Toddler formula Kruidvat Standaard 2 p 100 ml,A0723 A0873 B1201 C0113 E0123 F0014 G0003 H0138 H0141 H0148 H0159 H0163 H0194 H0301 J0116 K0003 M0001 N0001 P0191,A03QR
3158,Opvolgmelk Kruidvat Standaard 3 p 100 ml,Toddler formula Kruidvat Standaard 3 p 100 ml,A0723 A0873 B1201 C0113 E0123 F0014 G0003 H0138 H0141 H0148 H0159 H0163 H0194 H0301 J0116 K0003 M0001 N0001 P0191,A03QR
3163,Kaas 30+ jong belegen,Cheese 30+ age 8 wk-4 mths,A0720 A0784 B1201 C0245 E0151 F0001 G0003 H0150 H0247 H0253 H0291 H0328 H0367 J0104 J0131 J0151 K0003 M0001 N0001 P0024 R0315 Z0185,A02SV
3164,Kaas 30+ belegen,Cheese 30+ age 4-7 mths,A0720 A0784 B1201 C0245 E0151 F0001 G0003 H0150 H0247 H0253 H0292 H0328 H0367 J0104 J0131 J0151 K0003 M0001 N0001 P0024 R0315 Z0185,A02SV
3165,Kaas 30+ oud,Cheese 30+ age 10-12 mths,A0720 A0784 B1201 C0245 E0151 F0001 G0003 H0150 H0247 H0253 H0293 H0328 H0367 J0104 J0131 J0151 K0003 M0001 N0001 P0024 R0315 Z0185,A02SV
3166,Kaasproduct m plantaardige vetten Kees jong belegen,Cheeseproduct w veg fat Kees jong belegen,A0720 A0787 B1201 C0245 E0151 F0001 G0003 H0150 H0208 H0253 H0263 H0328 H0690 J0104 J0131 K0003 M0001 N0001 P0024 R0315 Z0196,A02SV#F10.A077A
3167,Kaasproduct m plantaardige vetten Kees oud,Cheeseprod w veg fat Kees oud,A0720 A0787 B1201 C0245 E0151 F0001 G0003 H0150 H0208 H0253 H0263 H0328 H0690 J0104 J0131 J0151 K0003 M0001 N0001 P0024 R0315 Z0196,A02SV#F10.A077A
3174,Spread sandwich- overige smaken,Sandwich spread other flavours,A0722 A0859 B1347 C0307 E0134 F0001 G0003 H0148 H0158 H0212 H0227 J0131 K0003 M0210 N0040 P0024 R0001 Z0001,A042D#F04.A044X$F04.A16GB
3175,Salade coleslaw,Salad coleslaw,A0722 A0866 B1406 C0151 E0134 F0003 G0003 H0117 H0200 H0212 H0227 H0263 J0001 K0003 M0001 N0001 P0024 R0001 Z0001,A042D#F04.A00GC$F04.A00HC$F04.A00QH$F04.A042P$F04. A045K
3176,Plantaardig alternatief voor room obv soja Alpro Cuisine Light,Plant-based alternative to cream based on soya Alpro Cuisine Light,A0721 A0788 B1452 C0262 E0123 F0001 G0001 H0161 J0001 K0003 M0001 N0001 P0024 P0199,A03TR#F04.A0DBM$F10.A077M$F26.A07XE
3180,Drink soja- z suiker verrijkt m calcium en vitamines,Drink soya wo sugar fortified w calcium and vitamins,A0709 A0788 B1452 C0158 E0123 F0001 G0003 H0148 H0214 H0310 H0772 J0001 K0003 M0001 N0001 P0024 P0090 P0199,A03TJ#F09.A0EXH$F09.A0EXM$F09.A0EXP$F09.A0EXX$F10.A 077K
3184,Bonen kidney- rode blik/glas,Beans kidney red canned,A0704 A0831 B1659 C0133 E0150 F0014 G0015 H0138 H0259 J0116 J0123 K0017 M0194 N0001 P0024 R0001 Z0284,A01BB#F27.A0BAL
3185,Erwten kikker- blik/glas,Peas chick canned,A0704 A0831 B1172 C0133 E0150 F0014 G0003 H0138 H0259 J0116 K0003 M0194 N0001 P0024 R0001 Z0001,A01BE
3190,Tarwebrood volkoren verrijkt m vit D en vezel Vollerkoren,Wheat bread wholemeal fortified w vit D and fibre Vollerkoren,A0691 A0818 B1312 C0133 E0147 F0014 G0005 H0152 H0221 H0256 H0259 H0753 J0003 K0003 M0001 N0001 P0024 P0075 R0001 Z0001,A005E#F09.A0EVR$F09.A0EXA$F09.A0EXM
3191,Pasta verrijkt m vezel rauw,Pasta fortified w fibre raw,A0694 A0815 B1312 C0208 E0140 F0003 G0003 H0138 J0116 K0003 M0001 N0001 P0024 P0075 R0001 Z0001,A007P#F09.A0EVR$F28.A07HS
3192,Bouillon 1-kops bereid,Stock portion prepared,A0722 A0856 B1347 C0170 E0147 F0014 G0014 H0117 H0138 H0173 H0259 J0001 K0003 M0001 N0001 P0024 R0001 Z0001,A041L#F26.A07XD$F28.A07MR
3194,Meergranenbrood bruin m zaden verrijkt m ijzer en vitamines Vikorn Vitaminebrood,Multigrain bread brown w seeds fortified w iron and vitamins Vikorn Vitaminebrood,A0691 A0818 B1312 C0208 E0147 F0014 G0005 H0152 H0181 H0221 H0256 H0259 H0309 H0310 H0753 H0772 J0003 K0003 M0001 N0001 P0024 R0001 Z0001,A005Q#F04.A015F$F09.A0EXA$F09.A0EXD$F09.A0EXM$F09. A0EXP$F09.A0EXX$F09.A0EXY
3195,Meergranenbrood bruin m zaden verrijkt m ijzer en vitamines Vikorn Volvezel,Multigrain bread brown w seeds fortified w iron and vitamins Vikorn Volvezel,A0691 A0818 B1312 C0208 E0147 F0014 G0005 H0152 H0181 H0221 H0256 H0259 H0309 H0310 H0753 H0772 J0003 K0003 M0001 N0001 P0024 P0075 P0205 R0001 Z0001,A005Q#F04.A015F$F09.A0EXA$F09.A0EXD$F09.A0EXM$F09. A0EXP$F09.A0EXX$F09.A0EXY
3198,Mispel,Medlar,A0707 A0833 B2014 C0229 E0150 F0003 G0003 H0003 J0001 K0003 M0001 N0001 P0024,A01DM
3199,Ansjovis rauw,Anchovy raw,A0717 A0802 B1854 C0268 E0150 F0003 G0003 H0003 J0142 K0003 M0003 N0001 P0024,A02DD
3200,Tarwe gebroken bulgur gekookt,Bulgur wheat cooked,A0696 A0814 B1312 C0133 E0100 F0014 G0014 H0138 H0259 J0116 K0003 M0001 N0001 P0024 R0001 Z0001,A004G#F28.A07GL
3201,Yoghurtdrank Ayran Turks,Yogurt drink Ayran Turkish,A0721 A0783 B1201 C0235 E0103 F0018 G0003 H0101 H0148 H0306 H0367 J0131 J0135 K0003 M0001 N0001 P0024 R0001 Z0001 Z0180,A02NQ#F04.A02NG$F04.A03DL$F04.A042P$F10.A077G
3202,Manti gevulde pasta gekookt Turks,Manti stuffed pasta cooked Turkish,A0694 A0815 B1312 C0208 E0105 F0014 G0016 H0349 H0764 K0003 M0001 N0001 P0024,A040V#F04.A007E$F04.A00HC$F04.A01RK
3203,Rundvlees gezouten gedroogd gekruid Pastirma Turks,Beef salted dried seasoned Pastirma Turkish,A0714 A0794 B1201 C0266 E0152 F0003 G0003 H0138 H0229 H0367 J0103 J0141 K0003 M0001 N0001 P0024 Z0047,A023B
3204,Gehakt runder- ambachtelijke slagerij rauw,Minced beef from butcher raw,A0714 A0793 B1201 C0268 E0136 F0003 G0003 H0003 J0001 K0003 M0001 N0001 P0024 R0001 Z0001 Z0018,A049S#F22.A07TA
3206,Mihoen gekookt,Noodles boiled,A0696 A0814 B1322 C0134 E0153 F0003 G0016 H0138 H0239 J0116 K0003 M0001 N0001 P0026 R0001,A008F#F28.A07GL
3207,Hummus naturel,Hummus natural,A0152 A0862 B1172 C0133 E0144 F0014 G0001 H0151 H0200 H0263 H0333 H0367 J0001 K0003 M0001 N0001 P0024 R0001 Z0001,A03VN#F04.A01BE$F04.A01BM$F04.A037A$F04.A03DL$F04. A042P$F04.A06HL
3208,Zeekraal rauw,Glasswort raw,A0705 A0826 B2993 C0148 E0150 F0003 G0003 H0003 J0003 K0003 M0001 N0001 P0024,A00MS
3209,Tarwebrood volkoren fijn m zaden,Wheat bread wholemeal fine w seeds,A0691 A0818 B1312 C0133 E0147 F0014 G0005 H0152 H0221 H0256 H0259 H0333 H0753 J0003 K0003 M0001 N0001 P0024,A005E#F04.A005E$F04.A015G$F04.A015L$F04.A015X$F09.A 0EXA
3210,Tarwebrood volkoren fijn m zonnebloempitten,Wheat bread wholemeal fine w sunflower seeds,A0691 A0818 B1312 C0133 E0147 F0014 G0005 H0152 H0221 H0256 H0259 H0333 H0753 J0003 K0003 M0001 N0001 P0024,A005E#F04.A005E$F04.A015L$F09.A0EXA
3211,Tarwebrood volkoren grof m zaden,Wheat bread wholemeal coarse w seeds,A0691 A0818 B1312 C0133 E0147 F0014 G0005 H0152 H0221 H0256 H0259 H0333 H0753 J0003 K0003 M0001 N0001 P0024,A005E#F04.A005E$F04.A015G$F04.A015L$F04.A015X$F09.A 0EXA
3212,Tarwebrood volkoren grof m zonnebloempitten,Wheat bread wholemeal coarse w sunflower seeds,A0691 A0818 B1312 C0133 E0147 F0014 G0005 H0152 H0221 H0256 H0259 H0333 H0753 J0003 K0003 M0001 N0001 P0024,A005E#F04.A005E$F04.A015L$F09.A0EXA
3213,Tarwebrood volkoren grof m pompoenpitten,Wheat bread wholemeal coarse w pumpkin seeds,A0691 A0818 B1312 C0133 E0147 F0014 G0005 H0152 H0221 H0256 H0259 H0753 J0003 K0003 M0001 N0001 P0024,A005E#F04.A005E$F04.A015X$F09.A0EXA
3214,Bier wit,Beer white,A0711 A0847 B1230 C0102 E0123 F0001 G0003 H0227 H0232 H0246 H0253 J0121 K0003 M0001 N0001 P0024 R0001 Z0112 Z0167,A03MM
3215,Wodka,Vodka,A0713 A0850 B1016 C0203 E0123 F0003 G0003 H0117 H0232 H0270 J0104 K0003 M0130 M0214 N0040 P0024 Z0170,A03PH
3216,Erwten split- groene gekookt,Peas split green boiled,A0704 A0831 B1338 C0134 E0150 F0014 G0016 H0138 H0259 J0116 K0003 M0001 N0001 P0024 Z0271 Z0280,A013J#F28.A07GL
3218,Vruchtendrank appelnectar,Fruit juice drink apple nectar,A0708 A0841 B1245 C0229 E0123 F0018 G0003 H0148 H0158 H0234 J0131 J0135 K0003 M0001 N0001 P0024 P0091,A03BD#F04.A032J$F04.A039M$F04.A03DL
3219,Kiwi gele,Kiwi fruit yellow,A0707 A0833 B1664 C0138 E0150 F0003 G0003 H0003 J0001 K0003 M0001 N0001 P0024 Z0273 Z0288,A0DRE
3220,Asperge groene rauw,Asparagus green raw,A0705 A0825 B1604 C0186 E0151 F0003 G0003 H0003 J0001 K0003 M0001 N0001 P0024 R0001 Z0001,A00RT
3221,Olijven zwart in water blik/glas,Olives ripe in brine tinned/glass,A0707 A0833 B1170 C0137 E0150 F0014 G0003 H0001 J0120 K0011 M0130 M0151 N0003 P0024 Z0052 Z0219,A01BQ#F06.A06XT
3222,Pesto rode,Pesto red,A0722 A0852 B1276 C0167 E0119 F0001 G0003 H0143 H0229 H0333 H0341 H0348 H0367 J0001 K0003 M0001 N0001 P0024,A044V#F04.A00GZ$F04.A00VV$F04.A00ZD$F04.A00ZF$F04.A 00ZG$F04.A014H$F04.A01BV$F04.A02SV$F04.A036P$F04.A0 37D$F04.A042P
3223,Worst grill- kip,Sausage grill chicken,A0715 A0795 B1457 C0268 E0151 F0014 G0004 H0146 H0148 H0173 H0227 J0131 K0003 M0001 N0001 P0024,A025N#F04.A01SP$F26.A07XE$F28.A07HA
3224,Groente roerbakmix Hollandse gekookt,Vegetables for stir-frying Dutch cooked,A0705 A0825 B1579 C0150 E0152 F0014 G0015 H0003 J0003 K0003 M0001 N0001 P0024 R0315 Z0109,A03YE#F04.A00FN$F04.A00FR$F04.A00HC$F04.A00JA$F04.A 00JR$F04.A00PG$F04.A00QH$F04.A00RY$F04.A00SB
3225,Groente roerbakmix Italiaanse gekookt,Vegetables for stir-frying Italian cooked,A0705 A0825 B1579 C0150 E0152 F0014 G0015 H0003 J0003 K0003 M0001 N0001 P0024 R0315 Z0109,A03YE#F04.A00FN$F04.A00HC$F04.A00JA$F04.A00JR$F04.A0 0QH$F04.A00SB
3226,Groente roerbakmix oosterse gekookt,Vegetables for stir-frying oriental cooked,A0705 A0825 B1579 C0150 E0152 F0014 G0015 H0003 J0003 K0003 M0001 N0001 P0024 R0315 Z0109,A03YE#F04.A00FZ$F04.A00GC$F04.A00HC$F04.A00JA$F04.A 00PG$F04.A00QH$F04.A00SB$F04.A00SR$F04.A0DMM
3227,Zeewier nori gedroogd,Seaweed nori dried,A0705 A0827 B2640 C0247 E0150 F0003 G0003 H0001 J0001 K0003 M0001 N0001 P0024 R0001 Z0001,A00ZQ#F26.A07XE$F27.A00VH
3228,Noodles instant bereid,Noodles instant prepared,A0694 A0815 B1312 C0134 E0104 F0014 G0018 H0117 H0138 H0151 H0158 H0173 H0263 J0116 K0003 M0001 N0036 P0024,A007R#F04.A007E$F04.A036N$F04.A042P$F04.A042Z$F28.A 07GL
3229,Salade kip-sate- lunch/borrel,Salad chicken satay,A0722 A0866 B1457 C0268 E0134 F0023 G0003 H0124 H0136 H0148 H0185 H0212 H0221 H0229 H0367 J0001 K0001 M0001 N0001 P0024,A042L#F04.A00GC$F04.A011F$F04.A015H$F04.A01SP$F04.A 032J$F04.A036N$F04.A03DL$F04.A042P$F04.A043V$F04.A04 4L
3230,Salade zalm- lunch/borrel,Salad salmon,A0722 A0866 B3807 C0268 E0134 F0023 G0003 H0136 H0148 H0185 H0186 H0200 H0221 H0229 H0367 J0001 K0001 M0001 N0001 P0024,A042M#F04.A00ZF$F04.A011F$F04.A02KF$F04.A032B$F04.A 032J$F04.A036N$F04.A03DL$F04.A042P$F04.A0C75
3231,Salade tonijn- lunch/borrel,Salad tuna,A0722 A0866 B1269 C0268 E0134 F0023 G0003 H0136 H0148 H0185 H0186 H0200 H0221 H0229 H0367 J0001 K0001 M0001 N0001 P0024,A042M#F04.A00ZF$F04.A00ZJ$F04.A011F$F04.A02DX$F04.A 032B$F04.A032J$F04.A036V$F04.A03DL$F04.A042P
3232,Salade krab- lunch/borrel,Salad crab,A0722 A0866 B1335 C0268 E0134 F0023 G0003 H0136 H0148 H0185 H0200 H0221 H0229 H0367 J0001 K0001 M0001 N0001 P0024,A042M#F04.A002R$F04.A00ZF$F04.A02CE$F04.A02KE$F04.A 032B$F04.A032J$F04.A036V$F04.A03DL$F04.A042P$F04.A0B Z5
3233,Salade garnalen- lunch/borrel,Salad shrimp,A0722 A0866 B1237 C0268 E0134 F0023 G0003 H0136 H0148 H0185 H0200 H0221 H0229 H0367 J0001 K0001 M0001 N0001 P0024,A042M#F04.A002R$F04.A02GB$F04.A02KE$F04.A02NC$F04. A032B$F04.A032J$F04.A036V$F04.A03AH$F04.A03DL$F04.A 042P$F04.A044L
3235,Popcorn zoute gepoft z olie,Popcorn salted popped wo oil,A0696 A0814 B1232 C0133 E0131 F0014 G0009 H0138 H0173 J0116 K0003 M0001 N0001 P0024,A00DC#F04.A00DC$F04.A042P
3236,Tarwestokbrood wit m kruidenboter kant-en-klaar,Wheat baguette white w herb butter ready-to-eat,A0691 A0818 B1312 C0208 E0147 F0014 G0005 H0151 H0152 H0221 H0256 H0259 H0271 H0367 H0753 J0003 K0003 M0001 N0001 P0024,A004Y#F04.A004Y$F04.A039C$F09.A0EXA
3237,Oliebol ongevuld,Doughnut Dutch style plain,A0695 A0821 B1312 C0208 E0105 F0014 G0029 H0184 H0186 H0347 H0367 H0753 J0001 K0003 M0001 N0003 P0024,A00BR#F04.A003X$F04.A02LZ$F04.A032B$F04.A037D$F04.A 042P$F04.A049A
3238,Brownie ongevuld,Brownie wo filling,A0695 A0821 B1012 C0210 E0147 F0014 G0005 H0221 H0231 H0319 J0001 K0003 M0001 N0001 P0024,A00BG#F04.A003X$F04.A032B$F04.A032J$F04.A034J$F04.A0 39E$F04.A042R
3239,Taai-taai,Biscuit Dutch Taai-taai,A0695 A0821 B1313 C0208 E0140 F0014 G0005 H0136 H0149 H0151 H0186 H0319 H0367 H0751 J0001 K0003 M0001 N0001 P0024 R0315,A00CS
3240,Melk halfvolle lactosevrij,Milk semi-skimmed lactose free,A0719 A0780 B1201 C0235 E0123 F0022 G0003 H0295 H0306 H0325 J0120 K0003 M0001 N0001 P0024,A02LZ#F10.A0CQD
3241,Boter kruiden-,Herb butter,A0702 A0809 B1201 C0179 E0119 F0018 G0003 H0148 H0151 H0367 J0131 J0135 K0003 M0173 N0001 P0024 R0001 Z0001 Z0200,A039C#F04.A04MA
3242,Stroop schenk-,Golden syrup pourable,A0698 A0836 B1012 C0271 E0139 F0014 G0003 H0001 J0001 K0003 M0001 N0001 P0024,A034E
3243,Olie kokos-,Oil coconut,A0700 A0806 B1536 C0190 E0139 F0001 G0003 H0001 J0003 K0003 M0001 N0001 P0024,A037M
3244,Fudge/karamel zachte,Fudge/caramel soft,A0698 A0835 B1012 C0108 E0147 F0014 G0001 H0136 H0227 H0263 H0367 J0146 K0003 M0001 N0001 P0024,A035C
3245,Muisjes gestampte/roze&witte/blauwe&witte,Aniseed comfits crushed/pink&white/blue&white,A0697 A0836 B1370 C0157 E0153 F0001 G0001 H0136 H0146 H0150 H0333 H0486 J0001 K0001 M0001 N0003 P0024,A032Q#F04.A017Y$F04.A032J
3246,Vlokken chocolade- mix wit en puur,Chocolate flakes mix white and dark,A0699 A0839 B1318 C0134 E0111 F0014 G0003 H0158 H0231 J0001 K0003 M0001 N0003 P0024,A0EQS#F04.A0EQS$F26.A07XE
3247,Siroop vruchtenlimonade- m suiker en zoetstof 20-25 g KH,Fruit drink conc w sugar and sweetener 20-25 g CHO,A0709 A0843 B1012 C0108 E0139 F0014 G0003 H0108 H0148 H0200 H0227 H0362 J0100 J0146 K0003 M0194 N0001 P0024 P0062 P0207 Z0091,A03GE#F08.A046M$F10.A077J
3248,Siroop vruchtenlimonade- m 45-50 mg vit C,Fruit drink conc w 45-50 mg vit C,A0709 A0843 B1012 C0108 E0139 F0014 G0003 H0148 H0200 H0215 H0227 H0362 J0146 K0003 M0194 N0001 P0024 P0207 Z0091,A03GE#F09.A0EXN
3249,Mentos,Mentos cheewy dragee,A0698 A0838 B1370 C0108 E0105 F0014 G0003 H0117 H0146 H0150 H0263 H0315 H0375 J0003 K0003 M0001 N0001 P0024 R0001 Z0001,A035F
3250,Pasta glutenvrij gekookt,Pasta gluten free cooked,A0694 A0815 B1324 C0208 E0147 F0014 G0015 G0016 H0138 H0146 H0148 H0750 J0116 K0003 M0154 N0039 P0024 P0174 R0001 Z0001,A008B#F04.A008B$F04.A03DL$F28.A07GL
3251,Pasta verrijkt m vezel gekookt,Pasta fortified w fibre boiled,A0694 A0815 B1079 C0133 E0140 F0014 G0015 G0016 H0138 J0116 K0003 M0001 N0001 P0024 P0075 R0001 Z0001,A007P#F04.A007P$F04.A03DL$F09.A0EVR$F28.A07GL
3252,Surimi,Surimi,A0717 A0803 B1222 C0268 E0147,A02KE
3253,Chips tortilla overige smaken,Crisps tortilla several flavours,A0696 A0814 B1232 C0155 E0145 F0014 G0029 H0173 H0221 H0227 H0263 J0001 K0003 M0166 N0036 P0024 R0001 Z0001 Z0185,A00FD
3254,Groente roerbakmix champignon gekookt,Vegetables for stir-frying mushroom cooked,A0705 A0825 B1579 C0150 E0152 F0014 G0015 H0166 J0003 K0003 M0001 N0001 P0024 R0315 Z0109,A03YE#F04.A00HC$F04.A00JA$F04.A00JR$F04.A00QH$F04.A 00RY$F04.A00SB$F04.A00TQ$F04.A00YE
3256,Sardines gegrild,Sardines grilled,A0717 A0802 B1558 C0173 E0150 F0014 G0006 H0003 J0001 K0003 M0001 N0001 P0024,A02DA#F28.A07HA
3257,Vis vet >5 g vet gem bereid in magnetron z toev,Fish fatty >5 g fat prepared in microwave oven no ingredients added,A0717 A0801 B1222 C0268 E0150 F0003 G0003 H0003 J0001 K0003 M0001 N0001 P0024,A026V#F04.A028K$F04.A029N$F04.A029R$F04.A02AL$F04.A 02CT$F04.A0C75$F28.A0BA1
3258,Filodeeg onbereid,Filo pastry unprepared,A0695 A0821 B1421 C0208 E0153 F0003 G0003 H0263 J0131 K0003 M0001 N0001 P0024 R0001 Z0112,A16FH#F28.A07HS
3259,Melkdrank Yakult Plus,Milkbased drink Yakult Plus,A0721 A0783 B1201 C0235 E0123 F0018 G0003 H0101 H0108 H0136 H0215 H0306 J0104 J0131 J0135 K0003 M0001 N0001 P0024 P0049 Z0181,A02NR#F09.A0EVR$F09.A0EXN
3267,Bier Radler,Beer w fruitjuice Radler,A0711 A0847 B1230 C0102 E0123 F0001 G0003 H0227 H0232 H0246 H0253 H0362 J0121 K0003 M0001 N0001 P0024 R0001 Z0168,A03MR#F04.A032J$F04.A03AH$F04.A03AM$F04.A03DL$F04. A03ME
3268,Bier bok-,Beer bock,A0711 A0847 B1230 C0102 E0123 F0001 G0003 H0227 H0232 H0246 H0253 J0121 K0003 M0001 N0001 P0024 R0001 Z0166,A03MD
3282,Yoghurt halfvolle lactosevrij,Yoghurt semi-skimmed lactose free,A0721 A0783 B1201 C0235 E0103 F0018 G0003 H0101 H0247 H0295 H0306 H0325 J0131 J0135 K0003 M0001 N0001 P0024 R0001 Z0001,A02NG#F10.A077G$F10.A0CQD
3316,Yoghurtdrank Actimel vruchten,Yoghurt drink Actimel fruit,A0721 A0781 B1297 C0235 E0123 F0022 G0003 H0119 H0147 H0214 H0215 H0771 J0159 K0003 M0156 N0001 P0024 P0062 P0069 R0001 Z0001 Z0188,A02NR#F04.A04RK$F09.A0EXM$F09.A0EXS$F10.A077J
3318,Koolvis (Alaska) rauw,Pollock (Alaska) raw,A0717 A0801 B1843 C0268 E0150 F0003 G0003 H0003 J0001 K0003 M0001 N0001 P0024,A0FAP
3319,Koolvis (Alaska) gestoomd,Pollock (Alaska) steamed,A0717 A0801 B1843 C0268 E0150 F0014 G0021 H0003 J0001 K0003 M0001 N0001 P0024,A0FAP#F28.A07GP
3320,Garnalen roze gekookt,Prawns cooked,A0717 A0802 B1237 C0173 E0150 F0014 G0015 H0001 J0001 K0003 M0001 N0001 P0024,A02GB#F28.A07GL
3321,Tongschar rauw,Lemon sole raw,A0717 A0802 B2647 C0268 E0150 F0003 G0003 H0003 J0003 K0003 M0001 N0001 P0024,A02AS
3322,Pangasius rauw,Pangasius raw,A0717 A0801 B3684 C0268 E0150 F0003 G0003 H0003 J0001 K0003 M0001 N0001 P0024 P0078 Z0056,A0F8N
3323,Rostirondjes diepvries onbereid,Rosti rounds frozen unprepared,A0706 A0830 B1218 C0240 E0147 F0001 G0003 H0001 J0136 K0003 M0001 N0001 P0024,A011M#F28.A07HS$F28.A07KQ
3324,Vleeswaren natriumarm,Processed meat products low sodium,A0714 A0797 B1105 C0268 E0153 F0001 G0001 H0236 J0001 K0003 M0003 N0003 P0024,A04ND#F04.A023H$F04.A023K$F04.A023T$F04.A023X$F04.A 025N$F10.A0CQE$F26.A07XD
3325,Wafel rijst- naturel z zout,Rice cake puffed plain wo salt,A0695 A0821 B1322 C0208 E0140 F0014 G0009 H0138 J0116 K0003 M0166 N0036 P0024 P0078,A006K#F10.A0CQE
3326,Tarwebrood volkoren fijn m pompoenpitten,Wheat bread wholemeal fine w pumpkin seeds,A0691 A0818 B1312 C0133 E0147 F0014 G0005 H0152 H0221 H0256 H0259 H0333 H0753 J0003 K0003 M0001 N0001 P0024,A005E#F04.A005E$F04.A015X$F09.A0EXA
3327,Tarwebrood gem v bruin en volkoren,Wheat bread av brown and wholemeal,A0691 A0818 B1312 C0135 E0147 F0014 G0005 H0152 H0221 H0256 H0259 H0753 J0003 K0003 M0001 N0001 P0024,A005E#F04.A005E$F09.A0EXA
3328,Tarwebrood gem v bruin en volkoren m zaden,Wheat bread av brown and wholemeal w seeds,A0691 A0818 B1312 C0135 E0147 F0014 G0005 H0152 H0221 H0256 H0259 H0333 H0753 J0003 K0003 M0001 N0001 P0024,A005E#F04.A005E$F04.A015G$F04.A015L$F04.A015X$F09.A 0EXA
3330,Halvarineproduct Vita d'Or Goed begin,Low fat margarine product Vita d'Or Goed begin,A0701 A0807 B1017 C0190 E0119 F0014 G0003 H0162 H0174 H0213 H0214 H0217 H0221 H0306 H0309 H0310 H0367 H0771 H0772 J0100 K0003 M0172 N0001 P0024 Z0202,A039E#F09.A0EXH$F09.A0EXM$F09.A0EXP$F09.A0EXQ$F09. A0EXS$F09.A0EXX$F09.A0EXY$F09.A0EXZ$F10.A077B
3331,Artisjokharten blik/glas,Artichoke hearts canned,A0705 A0826 B1466 C0237 E0150 F0014 G0012 H0367 J0123 K0017 M0151 M0210 N0001 P0024 P0077,A0ETQ#F26.A07XE$F27.A00RS
3332,Sla romaine rauw,Lettuce romaine raw,A0705 A0825 B2089 C0151 E0150 F0003 G0003 H0003 J0001 K0003 M0001 N0001 P0024,A00LC
3333,Aardappel(product) naturel voorgekookt koelvers,Potato product natural precooked chilled,A0706 A0829 B1218 C0240 E0122 F0018 G0015 H0003 J0131 K0003 M0001 N0001 P0024 R0355 Z0001,A00ZT#F28.A07GL$F28.A07KP
3334,Olie rijst-,Oil rice bran,A0700 A0806 B1322 C0190 E0139 F0001 G0003 H0001 J0003 K0003 M0001 N0001 P0024,A037L#F27.A001D
3335,Olie frituur-,Frying oil,A0700 A0806 B1017 C0190 E0139 F0001 G0003 H0001 J0003 K0003 M0001 N0001 P0024,A039J#F03.A06JL
3336,Olijven gem in water blik/glas,Olives av in brine tinned/glass,A0707 A0833 B1299 C0137 E0150 F0014 G0003 H0001 J0120 K0011 M0130 M0151 N0003 P0024 Z0205 Z0219,A01BQ#F04.A01BQ$F06.A06XT
3340,Halvarine 40% vet <17 g verz vetz verrijkt m vit E gezouten,Low fat margarine 40% fat <17g sat fa fortified w vit E salted,A0701 A0807 B1017 C0190 E0119 F0014 G0003 H0174 H0213 H0214 H0217 H0221 H0306 H0367 J0100 K0003 M0172 N0001 P0024 Z0203,A039E#F07.A074F$F09.A0EXL$F09.A0EXM$F09.A0EXZ$F10.A 0CJK
3341,Meloen cantaloupe,Melon cantaloupe,A0707 A0833 B1471 C0229 E0150 F0003 G0003 H0003 J0001 K0003 M0001 N0001 P0024 R0001 Z0052,A00KF
3342,Bak- en braadvet Vita d'Or Vlees&jus vloeibaar,Cooking fat liq Vita d'Or vlees&jus,A0701 A0807 B1017 C0190 E0102 F0014 G0003 H0173 H0174 H0194 H0213 H0214 H0217 H0221 H0306 J0100 K0003 M0172 N0001 P0024 R0001 Z0198,A039J#F03.A06JL$F09.A0EXM$F09.A0EXZ
3343,Saus chili-,Sauce chilli,A0722 A0862 B1643 C0167 E0138 F0014 G0003 H0148 H0151 H0158 H0200 H0212 H0367 J0001 K0003 M0194 N0001 P0024 R0001 Z0112,A0EZD#F04.A002R$F04.A00GZ$F04.A00HC$F04.A00JA$F04.A 032J$F04.A03DL$F04.A042P$F04.A0DMM$F26.A07XE
3344,Saus knoflook- 30-<40% olie,Sauce garlic 30-<40% oil,A0722 A0859 B1017 C0155 E0135 F0001 G0003 H0148 H0151 H0158 H0200 H0279 H0367 J0109 K0003 M0001 N0001 P0024 Z0196,A045A
3345,Runderrosbief (vleeswaar),Roastbeef,A0714 A0794 B1201 C0268 E0150 F0018 G0026 H0003 J0001 K0003 M0001 N0001 P0024 Z0018,A023P
3346,Ontbijtproduct Special flakes m chocolade,Breakfast cereal Special flakes w chocolate,A0692 A0816 B1312 C0155 E0153 F0014 G0003 H0138 H0158 H0173 H0231 H0274 H0321 H0555 H0754 J0116 K0003 M0155 P0024,A00EF#F02.A068E$F27.A001M$F28.A07LG
3349,Saus bolognese- kant-en-klaar glas,Sauce bolognese ready-to-eat jar,A0722 A0862 B1276 C0167 E0103 F0014 G0003 H0191 H0341 J0001 K0003 M0130 N0040 P0024,A044C#F04.A002R$F04.A00GZ$F04.A00HC$F04.A00QH$F04. A00QJ$F04.A00ZF$F04.A032J$F04.A036N$F04.A03DL$F04.A0 42P$F04.A049S$F04.A04AC$F04.A0DMX
3350,Hagelslag chocolade- extra puur,Chocolate sprinkles extra dark,A0699 A0839 B1318 C0133 E0152 F0014 G0001 H0100 H0158 H0263 H0555 J0001 K0003 P0024 R0001 Z0001,A0EQS#F26.A07XE
3351,Marmelade,Marmalade,A0698 A0837 B1140 C0167 E0134 F0014 G0003 H0136 J0120 J0145 K0003 M0001 N0001 P0024,A01NK
3352,Soeppoeder,Soup instant powder,A0722 A0865 B1347 C0174 E0136 F0014 G0003 H0138 H0191 H0212 H0227 H0279 J0116 K0003 M0118 P0024 Z0090,A0B9J#F26.A07XD
3353,Zoutje luchtig mais- Organix Goodies,Cocktail snacks based on corn Organix Goodies,A0722 A0868 B1232 C0155 E0147 F0014 G0003 H0212 H0216 H0227 H0263 J0001 K0003 M0001 N0001 P0191 P0192,A00FE#F09.A0EXY
3355,Vlokken chocolade- wit,Chocolate flakes white,A0699 A0806 B1318 C0134 E0147 F0014 G0003 H0158 H0184 H0231 J0001 K0003 M0001 N0003 P0024,A0EQS#F26.A07XE
3356,Kaas Heks'n-,Cheesespread Heks'n kaas,A0722 A0862 B1017 C0307 E0119 F0001 G0003 H0108 H0143 H0148 H0173 H0212 J0131 K0003 M0172 N0036 P0024,A02QZ#F04.A00GZ$F04.A00YE$F04.A02QZ$F04.A031S$F04.A 032J$F04.A036V$F04.A03DL$F04.A044G$F04.A044L$F04.A16 GB
3357,Siroop gember-,Syrup ginger,A0709 A0843 B1012 C0108 E0139 F0014 G0003 H0148 H0227 J0100 J0145 K0003 M0194 N0001 P0024 R0001 Z0091,A033Z#F26.A07XE$F27.A01AB
3358,Schuimpje,Solid foamed candy Dutch Schuimpje,A0698 A0838 B1370 C0157 E0147 F0014 G0003 H0117 H0150 H0165 J0001 K0003 M0001 N0003 P0024,A035H
3359,Kokoswater naturel,Coconut water plain,A0708 A0824 B1536 E0123 F0001 G0003 H0001 J0001 K0003 M0001 N0001 P0024,A0F4S
3360,Stroop appel- peren,Syrup apple-pear,A0698 A0836 B1370 C0271 E0139 F0014 G0003 H0362 J0146 K0003 M0001 N0001 P0024 R0359 Z0001,A033Z#F26.A07XE$F27.A01DJ$F27.A01DP
3362,Kaas Feta,Cheese Feta,A0720 A0785 B2101 C0245 E0151 F0001 G0003 H0253 J0104 J0137 K0018 M0001 N0001 P0024 R0236,A02RC
3363,Nasischijf diepvries onbereid,Rice ball spiced frozen unprepared,A0696 A0868 B1322 C0208 E0105 F0018 G0003 H0100 H0146 H0151 H0188 H0212 H0263 H0349 H0367 J0136 K0003 M0001 N0051 P0024,A040C#F04.A041C$F26.A07XE$F28.A07HK$F28.A07HS
3364,Yoghurtdrank verrijkt m calcium,Yoghurt drink fortified w calcium,A0721 A0783 B1201 C0235 E0130 F0022 G0003 H0101 H0117 H0150 H0158 H0162 H0297 H0306 H0325 H0362 J0131 J0135 K0003 M0001 N0001 P0024 R0001 Z0001,A02NQ#F09.A0EXH
3366,Vruchtendrank m zuivel m suiker en zoetstof,Fruit drink w dairy w sugar and sweetener,A0709 A0842 B1217 C0005 E0123 F0001 G0003 H0150 H0158 H0215 H0260 H0362 J0001 K0003 M0156 N0001 P0024,A03EV#F08.A046M$F09.A0EXN$F10.A077J$F26.A07XE
3367,Kroket oven- vlees diepvries onbereid,Croquette oven meat frozen unprepared,A0714 A0793 B1201 C0103 E0151 F0018 G0003 H0152 H0188 H0263 H0367 J0136 K0003 M0001 N0001 P0024,A040C#F04.A01QV$F04.A0F1N$F26.A07XE$F28.A07HK$F28. A07HS$F28.A07KQ
3368,Kaas room- m kruiden 25-30 g vet,Cheese cream w herbs 25-30 g fat,A0720 A0784 B1201 C0245 E0119 F0018 G0003 H0101 H0229 J0104 J0131 J0151 K0003 M0001 N0001 P0024 R0355 Z0185,A02QZ#F10.A077A
3369,IJs sorbet-,Sorbet,A0722 A0852 B1217 C0005 E0119 F0003 G0003 H0136 H0227 H0241 J0136 K0003 M0001 N0001 P0024,A036K
3370,Kaas witte 45+,Cheese white 45+ feta-like from cow's milk,A0720 A0784 B1201 C0245 E0151 F0001 G0003 H0253 H0328 J0104 J0131 J0151 K0017 M0001 N0001 P0024 Z0185,A02RB#F06.A06XT$F26.A07XE$F27.A02LV
3371,Bitterbal oven- diepvries onbereid,Croquette Dutch Bitterbal oven frozen unprepared,A0714 A0868 B1201 C0103 E0151 F0018 G0003 H0152 H0188 H0367 J0136 K0003 M0001 N0001 P0024,A040C#F04.A01QV$F04.A0F1N$F28.A07HK$F28.A07HS$F28. A07KQ
3372,Halvarineproduct Vita d'Or Bewust light,Low fat margarine product Vita d'Or Bewust light,A0701 A0807 B1017 C0190 E0119 F0014 G0003 H0174 H0213 H0214 H0217 H0221 H0306 H0771 J0100 K0003 M0172 N0001 P0024 P0078 Z0202,A039E#F09.A0EXL$F09.A0EXM$F09.A0EXQ$F09.A0EXS$F09.A 0EXZ$F10.A077B
3373,Broodje frikandel- bladerdeegbasis,Snack roll puff pastry w Dutch sausage Frikandel,A0695 A0821 B1312 C0134 E0147 F0014 G0005 H0117 H0191 H0272 H0367 J0001 K0003 M0001 N0001 P0024,A040D#F04.A00CC$F04.A026A$F04.A044P
3374,Focaccia,Focaccia,A0691 A0818 B1421 C0208 E0147 F0014 G0005 H0227 H0256 H0263 H0367 H0753 J0001 K0003 M0001 N0001 P0024 R0001,A005K#F26.A07XD
3375,Zoutje bladerdeeg-,Salty puff pastry cocktail snacks,A0695 A0821 B1312 C0134 E0147 F0014 G0005 H0158 H0184 H0271 H0367 J0120 J0145 K0003 M0003 N0001 P0024 R0001 Z0001,A00FG
3376,Olie sesam-,Oil sesame,A0700 A0806 B1226 C0190 E0139 F0001 G0003 H0197 H0206 J0001 K0003 M0001 N0001 P0024,A037C
3377,Kaas Ricotta,Cheese Ricotta,A0720 A0786 B1201 C0244 E0119 F0001 G0003 H0101 J0131 K0003 M0001 N0001 P0024 Z0186,A02QL
3378,Pinda's omhuld m melkchocolade,Peanuts milkchocolate coated,A0703 A0823 B1337 C0134 E0150 F0001 G0001 H0355 J0001 K0003 M0001 N0003 P0024,A015H#F04.A015H$F04.A034J$F28.A07HP
3382,Dreumesmelk Kruidvat 4 p 100 ml,Toddler formula Kruidvat 4 p 100 ml,A0723 A0873 B1201 C0113 E0123 F0014 G0003 H0138 H0141 H0148 H0159 H0163 H0194 H0301 J0116 K0003 M0001 N0001 P0192,A03QR
3383,Peutermelk Kruidvat 5 p 100 ml,Toddler formula Kruidvat 5 p 100 ml,A0723 A0873 B1201 C0113 E0123 F0014 G0003 H0138 H0141 H0148 H0159 H0163 H0194 H0301 J0116 K0003 M0001 N0001 P0192,A03QR
3442,Ontbijtproduct Tresor Kellogg's,Breakfast cereal Tresor Kellogg's,A0692 A0816 B1324 C0135 E0153 F0014 G0003 H0100 H0138 H0150 H0158 H0181 H0184 H0231 H0274 H0309 H0310 H0311 H0319 H0320 H0367 H0411 H0431 H0491 H0555 H0761 H0771 H0772 J0116 K0003 M0155 N0001 P0024,A00EM#F04.A0EQD$F28.A07MA
3444,Ontbijtproduct Honey pops Kellogg's,Breakfast cereal Honey pops Kellogg's,A0692 A0816 B1232,A04LL#F04.A032H$F04.A033J$F09.A0EXD$F09.A0EXM$F09.A 0EXP$F09.A0EXQ$F09.A0EXS$F09.A0EXV$F09.A0EXX$F09.A0 EXY$F26.A07XE$F27.A000T
3445,Bessen goji- gedroogd,Goji berries dried,A0707 A0833 B4197 C0140 E0150 F0003 G0003 H0138 J0001 K0003 M0001 N0001 P0024 R0001 Z0001,A00ZQ
3446,Hennepzaad,Hemp seed,A0703 A0824 B2323 C0155 E0150 F0001 G0003 H0138 J0116 K0003 M0001 N0001 P0024,A016B
3447,Chiazaad gedroogd,Chia seeds dried,A0703 A0824 B1723 C0155 E0150 F0001 G0003 H0138 J0116 K0003 M0001 N0001 P0024,A16FZ#F28.A07KG
3448,Bessen moerbei- rauw,Mulberries raw,A0707 A0833 B1501 C0140 E0150 F0003 G0003 H0003 J0001 K0003 M0001 N0001 P0024,A01FS
3449,Olie koolzaad-/raapzaad-,Oil rapeseed,A0700 A0806 B1248 C0190 E0139 F0001 G0003 H0001 J0003 K0003 M0001 N0001 P0024,A036V
3450,Munt vers,Mint fresh,A0722 A0857 B1267 C0200 E0150 F0003 G0003 H0003 J0001 K0003 M0001 N0001 P0024,A00XZ
3451,Olie palm-,Oil palm,A0700 A0806 B3330 C0190 E0139 F0001 G0003 H0001 J0003 K0003 M0001 N0001 P0024,A037N
5039,Koffie latte macchiato vers bereid,Coffee latte macchiato freshly made,A0710 A0845 B1305 C0132 E0123 F0014 G0036 H0148 H0184 H0391 J0003 K0003 M0001 N0001 P0024 R0001 Z0001,A03KH#F04.A02LY$F04.A03KC$F26.A07XE
5040,Tarwebrood volkoren tijger-,Wheat bread wholemeal Tijger,A0691 A0818 B1312 C0133 E0147 F0014 G0005 H0152 H0221 H0256 H0259 H0321 H0753 J0003 K0003 M0001 N0001 P0024,A005E#F04.A003F$F04.A005E$F04.A008T$F09.A0EXA
5041,Olie plantaardig gem,Oil vegetable av,A0700 A0806 B1017 C0190 E0139 F0001 G0003 H0001 J0003 K0003 M0001 N0001 P0024,A036N#F04.A036P$F04.A036V$F04.A037D$F04.A037M$F04. A037N$F26.A07XD
5042,Drop m schuim,Liquorice Dutch type sweet w foam,A0698 A0838 B2048 C0174 E0147 F0014 G0003 H0117 H0150 H0158 H0221 H0367 H0380 J0003 K0003 M0001 N0001 P0024,A0EQP#F04.A035J$F04.A0EQP
5043,Tarwemaisbrood wit m zaden,Wheat corn bread white w seeds,A0691 A0818 B1312 C0208 E0147 F0014 G0005 H0152 H0221 H0256 H0259 H0320 H0333 H0753 J0003 K0003 M0001 N0001 P0024 R0001 Z0001,A005Q#F04.A005Q$F04.A015G$F04.A015L$F04.A015X$F09.A 0EXA$F10.A07XK
5044,Tarwebrood wit gem v melk- en waterwit m zaden,Wheat bread white av milk/water based w seeds,A0691 A0818 B1312 C0208 E0147 F0014 G0005 H0152 H0221 H0256 H0259 H0333 H0753 J0003 K0003 M0001 N0001 P0024,A004Y#F04.A004Y$F04.A015G$F04.A015L$F04.A015X$F09.A 0EXA
5048,Aardappel(product) gekruid voorgekookt koelvers,Potato product seasoned precooked chilled,A0706 A0829 B1218 C0240 E0122 F0018 G0015 H0227 H0263 H0367 J0131 K0003 M0001 N0001 P0024 R0355 Z0001,A00ZT#F04.A042Y$F28.A07GL$F28.A07KP
5049,Noten amandelen m vliesje ongezouten,Almonds w skin unsalted,A0703 A0823 B1272 C0133 E0131 F0022 G0005 H0001 J0003 K0003 M0003 N0003 P0024 P0078,A014F#F10.A0CQE$F20.A07QQ
5050,Noten para- gezouten,Brazil nuts salted,A0703 A0823 B1463 C0155 E0150 F0001 G0003 H0138 H0367 J0116 K0003 M0001 N0001 P0024,A014G#F10.A0CJK
5051,Biscuit melk- AH/Jumbo,Biscuit milkbiscuit AH/Jumbo,A0695 A0821 B1312 C0208 E0140 F0014 G0005 H0146 H0158 H0159 H0163 H0186 H0280 H0297 J0001 K0003 M0001 N0001 P0024,A00AE#F04.A02LV$F09.A0EVR$F09.A0EXD$F09.A0EXH$F09.A 0EXS
5054,Thee automaat- m suiker,Tea vending machine w sugar,A0710 A0845 B1623 C0200 E0123 F0014 G0036 H0148 H0158 J0116 K0003 M0001 N0001 P0024,A03LC#F04.A032J$F04.A03LC
5059,Koffie automaat- m suiker,Coffee from vending machine w sugar,A0710 A0845 B1305 C0132 E0123 F0014 G0036 H0136 H0148 H0391 J0003 K0003 M0001 N0001 P0024,A03KC#F04.A032J$F04.A03KC
5062,Soep tomaten- m vermicelli,Soup tomato w noodles,A0722 A0865 B1276 C0140 E0149 F0014 G0018 H0212 H0227 H0237 H0319 H0367 J0001 K0003 M0001 N0001 P0024 Z0109,A041N#F04.A007P$F04.A00YE$F04.A03DL$F04.A042P$F04.A 043F$F04.A0DMX
5063,Biscuit ontbijt- Liga Belvita,Biscuit Liga Belvita ontbijtbiscuits,A0695 A0821 B1312 C0135 E0147 F0022 G0005 H0117 H0152 H0158 H0159 H0263 J0001 K0003 M0001 N0001 P0024,A00AE#F09.A0EXD$F09.A0EXF$F09.A0EXH$F26.A07XD
5064,Kikkers/muizen fondant m chocolade,Frogs/mice fondant w chocolate,A0698 A0836 B1012 C0157 E0147 F0022 G0003 H0184 H0231 J0001 K0003 M0003 N0003 P0024 R0001 Z0001,A035X#F04.A032J$F04.A034J$F04.A03DL$F26.A07XE$F28.A0 7HP
5065,Sap vruchten- Healthy People Cranberry,Juice fruit Healthy People Cranberry,A0708 A0841 B1140 C0229 E0123 F0018 G0003 H0217 H0362 J0131 J0135 K0003 M0001 N0001 P0024,A03AN#F09.A0EXL$F09.A0EXN$F09.A0EXV$F27.A01DJ$F27.A 01FH
5068,Bier Radler alcoholvrij,Beer w fruit juice Radler alcohol free,A0709 A0842 B1230 C0102 E0123 F0001 G0003 H0227 H0232 H0246 H0253 H0286 H0362 J0121 K0003 M0001 N0001 P0024 P0176 R0001 Z0169,A03MR#F04.A032J$F04.A03AH$F04.A03AM$F04.A03DL$F04. A03MG$F10.A0C0V
5072,"Rijst noten- rauw m geconfijt fruit, noten en zaden","Rice white raw w candied fruit, nuts and seeds",A0696 A0814 B1322 C0134 E0150 F0003 G0003 H0136 H0138 H0333 H0364 H0757 J0116 K0003 M0001 N0001 P0024,A003D#F04.A003D$F04.A014F$F04.A015L$F04.A015X$F04.A 01MA$F28.A07HS
5074,Salade kaas- lunch/borrel,Salad cheese,A0722 A0866 B1201 C0235 E0134 F0023 G0003 H0136 H0143 H0148 H0185 H0200 H0221 H0229 H0367 J0001 K0001 M0001 N0001 P0024,A042B#F04.A02SV$F04.A036V$F04.A044G$F04.A045K
5079,Perzik m schil,Peach w skin,A0707 A0833 B1350 C0139 E0150 F0003 G0003 H0003 J0003 K0003 M0001 N0001 P0024,A01GL#F20.A07QQ
5082,Vruchtendrank sap m water,Fruit juice drink juice and water,A0708 A0841 B1140 C0229 E0123 F0018 G0003 H0148 H0234 J0131 J0135 K0003 M0001 N0001 P0024 P0091,A03BL#F04.A039M$F04.A03AK$F04.A03AM$F04.A03AP$F04. A03DL$F10.A077K
5083,Koek ontbijt- m chocolade,Cake Dutch spiced ontbijtkoek w chocolate,A0695 A0821 B1313 C0208 E0140 F0014 G0005 H0136 H0151 H0231 H0751 J0001 K0003 M0001 N0001 P0024,A00CS#F04.A00CS$F04.A034J
5084,Pap Nestle Pyjamapapje kant-en-klaar,Porridge Nestle Pyjamapapje ready-to-eat,A0721 A0778 B1201 C0235 E0130 F0014 G0003 H0117 H0136 H0162 H0181 H0189 H0213 H0214 H0215 H0217 H0263 H0273 H0309 H0310 H0311 H0315 H0319 H0761 H0769 H0771 H0772 J0001 K0003 M0001 N0051 P0020 R0001,A03RH#F04.A003Y$F04.A02MA$F09.A0EXA$F09.A0EXD$F09. A0EXE$F09.A0EXH$F09.A0EXK$F09.A0EXL$F09.A0EXM$F09.A 0EXN$F09.A0EXP$F09.A0EXQ$F09.A0EXS$F09.A0EXV$F09.A0 EXX$F09.A0EXY$F09.A0EXZ
5088,Gehakt rul vegetarisch obv soja onbereid verrijkt m ijzer en vit B12 De Vegetarische Slager,Minced meat vegetarian based on soya unprepared fortified w iron and vitamin B12 De Vegetarische Slager,A0722 A0800 B1452 C0208 E0147 F0001 G0003 H0136 H0148 H0181 H0229 H0754 H0772 J0120 K0003 M0001 N0003 P0024 P0199 Z0112,A03TF#F09.A0EXD$F09.A0EXP
5089,Suiker poeder-,Sugar powdered,A0697 A0836 B1370 C0157 E0106 F0001 G0001 H0001 J0001 K0001 M0001 N0003 P0024,A032R
5091,Chocolade gevuld m karamel Rolo,Chocolate filled w caramel Rolo,A0699 A0839 B1318 C0134 E0147 F0014 G0003 H0158 H0184 H0231 H0280 H0749 J0001 K0003 M0001 N0003 P0024,A034Q#F04.A034J$F04.A034X
5094,Varkensrollade (vleeswaar),Pork rolled (processed meat product),A0714 A0797 B1136 C0268 E0150 F0014 G0026 H0173 H0227 J0001 K0003 M0001 N0001 P0024,A023H#F26.A07XE
5095,Cracker mini- naturel,Cracker mini unflavoured,A0695 A0817 B1312 C0208 E0140 F0014 G0005 H0221 H0259 H0753 J0001 K0001 M0197 N0051 P0024,A005Y
5098,Cracker mini- m smaakje,Cracker mini flavoured,A0695 A0817 B1312 C0208 E0140 F0014 G0005 H0173 H0221 H0227 H0259 H0753 J0001 K0001 M0197 N0051 P0024,A005Y#F04.A04MA
5099,Aardappelschijfjes/-partjes ed gekruid diepvries onbereid,Potatoes slices/parts frozen w spices unprepared,A0706 A0829 B1218 C0240 E0107 F0018 G0012 H0227 H0367 J0001 K0003 M0001 N0001 P0024 R0355 Z0001,A011Q#F04.A00ZX$F04.A037D$F28.A07HS$F28.A07KQ
5100,Tapenade v tomaten,Tapenade tomato,A0722 A0827 B1276 C0137 E0134 F0001 G0003 H0151 H0173 H0212 H0263 J0001 K0003 M0001 N0001 P0024 R0001,A045E#F04.A00GZ$F04.A00HR$F04.A00ZG$F04.A032J$F04.A 037D$F04.A03CJ$F04.A03DL$F04.A042P$F26.A07XE
5101,Drink rijst- z suiker,Rice drink wo sugar,A0709 A0788 B1322 C0155 E0123 F0001 G0003 H0148 H0173 H0227 H0263 J0001 K0003 M0001 N0001 P0024 P0199,A03TM#F10.A077K
5102,Aioli,Aioli,A0722 A0862 B1017 C0165 E0144 F0001 G0001 H0151 H0173 H0185 J0001 K0001 M0001 N0003 P0024,A045A
5104,Knackebrod Oerknack Bolletje,Crispbread Oerknack Bolletje,A0695 A0817 B1312 C0208 E0147 F0022 G0005 H0152 H0173 H0333 H0753 J0003 K0003 M0120 N0001 P0024,A0CHT#F04.A015F
5106,Beschuit boeren-,Crispbakes Dutch farmers type,A0691 A0818 B1312 C0133 E0147 F0014 G0010 H0136 H0152 H0256 H0259 H0263 H0318 H0333 H0337 H0753 J0003 K0003 M0001 N0001 P0024,A006P#F04.A006P$F04.A015G$F04.A015K$F04.A015L
5110,Noten wal- gezouten,Walnuts salted,A0703 A0823 B1290 C0155 E0150 F0001 G0005 H0367 J0001 K0003 M0001 N0001 P0024,A014R#F10.A0CJK
5111,Noten macadamia gezouten,Nuts macadamia salted,A0703 A0823 B1451 C0155 E0150 F0001 G0005 H0138 H0367 J0116 K0003 M0001 N0001 P0024,A014M#F10.A0CJK
5112,Noten pistache ongezouten,Pistachio nuts unsalted,A0703 A0823 B1416 C0155 E0150 F0001 G0005 H0001 J0001 K0003 M0001 N0001 P0024 P0078,A014Q#F10.A0CQE
5113,Noten amandelen m vliesje gezouten,Almonds w skin salted,A0703 A0823 B1272 C0133 E0131 F0022 G0005 H0173 J0003 K0003 M0003 N0003 P0024,A014F#F10.A0CJK$F20.A07QQ
5116,Drink amandel- m suiker verrijkt m calcium en vitamines,Drink almond w sugar fortified w calcium and vitamins,A0709 A0788 B1272 C0155 E0123 F0001 G0003 H0148 H0214 H0217 H0227 H0263 H0310 H0367 H0772 J0001 K0003 M0001 N0001 P0024 P0199,A03TK#F09.A0EXH$F09.A0EXL$F09.A0EXM$F09.A0EXP$F09.A 0EXX$F10.A077J
5119,Drink amandel- z suiker verrijkt m calcium en vitamines,Drink almond unsweetened fortified w calcium and vitamins,A0709 A0788 B1272 C0155 E0123 F0001 G0003 H0148 H0214 H0217 H0227 H0263 H0310 H0367 H0772 J0001 K0003 M0001 N0001 P0024 P0199,A03TK#F09.A0EXH$F09.A0EXL$F09.A0EXM$F09.A0EXP$F09.A 0EXX$F10.A077K
5120,Kiwi gem,Kiwi fruit av,A0707 A0833 B1664 C0138 E0150 F0003 G0003 H0003 J0001 K0003 M0001 N0001 P0024 Z0271 Z0273 Z0288,A01JT#F04.A0DRE$F04.A0DRF
5121,Guacamole,Guacamole,A0705 A0827 B1470 C0229 E0144 F0018 G0001 H0151 H0173 H0200 H0349 H0350 J0001 K0003 M0001 N0001 P0024,A045E#F04.A00GZ$F04.A00HC$F04.A00HR$F04.A01LB$F04.A 02NC$F04.A03AH$F04.A042P$F04.A0DMM
5122,Glazuur suiker-,Icing (sugar),A0697 A0836 B1370 C0157 E0119 F0001 G0001 H0148 J0001 K0001 M0001 N0003 P0024 R0001 Z0162,A035X#F04.A032R$F04.A03DL
5126,Ontbijtproduct Cornflakes Plus/1 de Beste,Breakfast cereal cornflakes Plus/1 de Beste,A0692 A0816 B1379 C0155 E0153 F0014 G0003 H0138 H0158 H0181 H0216 H0217 H0274 H0309 H0310 H0311 H0367 H0754 H0761 H0770 H0771 H0772 J0116 K0003 M0155 N0001 P0024,A00DD#F09.A0EXD$F09.A0EXP$F09.A0EXQ$F09.A0EXS$F09.A 0EXV$F09.A0EXX$F09.A0EXY
5127,Boterproduct melange gezouten,Butter product melange salted,A0701 A0807 B1017 C0190 E0119 F0014 G0003 H0173 H0174 H0194 H0213 H0214 H0221 H0271 H0306 J0100 K0003 M0172 N0001 P0024,A039F#F04.A02MV$F04.A036V$F04.A039C$F10.A0CJK
5133,Ontbijtproduct Honey hoops Crownfield,Breakfast cereal Honey hoops Crownfield,A0692 A0816 B1324 C0208 E0153 F0014 G0003 H0149 H0158 H0319 H0367 J0001 K0003 M0148 N0036 P0024,A0F4Q#F04.A000P$F04.A002Y$F04.A003F$F04.A003X$F04.A 004B$F04.A032J$F04.A033J$F04.A042P$F04.A0C0Z
5134,Ontbijtproduct Chocoschelpjes G'woon,Breakfast cereal Chocoschelpjes G'woon,A0692 A0816 B1312 C0135 E0153 F0014 G0003 H0138 H0158 H0173 H0181 H0231 H0274 H0309 H0310 H0311 H0347 H0761 H0770 H0771 H0772 H0773 J0116 K0003 M0155 N0001 P0024,A0F4Q#F04.A003X$F04.A004P$F04.A037D$F04.A03HH$F04. A042P$F27.A001N
5139,Siroop vruchtenlimonade- m zoetstof Karvan Cevitam,Fruit drink concentrate w sweetener Karvan Cevitam,A0709 A0841 B1140 C0167 E0139 F0014 G0003 H0108 H0148 H0200 H0215 H0217 H0227 H0311 H0362 H0771 J0100 J0146 K0003 M0194 N0001 P0024 P0062 P0091 P0207 R0001 Z0091,A03GE#F08.A046M$F09.A0EXL$F09.A0EXN$F09.A0EXS$F09.A 0EXV
5140,Wafel rijst- m vruchtensmaak Organix,Rice cakes puffed w fruit flavour Organix,A0695 A0821 B1322 C0208 E0140 F0014 G0009 H0100 H0138 H0309 J0116 K0003 M0166 N0036 P0024,A006K#F04.A03BN$F09.A0EXY
5141,Tzatziki,Tzatziki,A0722 A0862 B1201 C0235 E0134 F0001 G0001 H0151 H0173 H0200 H0212 H0263 J0131 K0001 M0001 N0003 P0024,A0FDF#F04.A002R$F04.A00GZ$F04.A00JM$F04.A037D$F04.A 042P$F04.A16GH
5143,Cake madeleine cakereepjes Lotus,Cake madeleine cake bars Lotus,A0695 A0821 B1312 C0208 E0147 F0022 G0005 H0158 H0186 H0194 H0227 H0263 H0297 H0351 J0001 K0001 M0166 N0036 P0250 P0256,A00AP#F09.A0EVR$F10.A0F6C
5146,Kruidnoten,Biscuit spiced small Kruidnoten,A0695 A0821 B1312 C0208 E0147 F0014 G0005 H0151 H0158 H0221 H0361 J0003 K0003 M0001 N0001 P0024 Z0001,A00AD
5147,Chocolade extra puur,Chocolate extra dark,A0699 A0839 B1318 C0133 E0140 F0014 G0001 H0100 H0158 H0263 H0555 J0001 K0003 P0024 Z0001,A034G
5149,Bakmix voor pannenkoeken meergranen-,Bakery mix for pancakes multigrain,A0693 A0813 B1312 C0208 E0106 F0003 G0003 H0146 H0152 H0173 H0318 H0751 J0001 K0003 M0148 N0039 P0024,A0CSN#F04.A002G$F04.A002Y$F04.A003J$F04.A003X$F04.A 004B$F04.A004L$F04.A00CY$F04.A042P$F04.A0C0Z
5152,IJs room- m karamel en noten,Ice cream dairy w caramel and nuts,A0721 A0789 B1201 C0195 E0119 F0018 G0003 H0100 H0178 H0306 H0360 H0368 H0757 J0135 J0136 K0003 M0001 N0001 P0024,A02QA#F04.A014C$F04.A02QA$F04.A046J
5153,Saus oester-,Sauce oyster,A0722 A0862 B1012 C0108 E0139 F0014 G0003 H0146 H0148 H0150 H0153 H0367 J0001 K0003 M0194 N0001 P0024 R0001 Z0112,A044S
5156,Anijszaad,Anise seed,A0703 A0823 B1296 C0167 E0150 F0003 G0003 H0138 J0117 K0003 M0001 N0001 P0024,A017Y
5158,Noten pecan- gebrand m olie gezouten,Pecannuts oil roasted salted,A0703 A0824 B1320 C0155 E0150 F0014 G0005 G0025 H0138 H0233 H0367 J0116 K0003 M0001 N0001 P0024 Z0001,A014N#F10.A0CJK$F28.A07GR
5160,"Rijst noten- gekookt m geconfijt fruit, noten en zaden","Rice white boiled w candied fruit, nuts and seeds",A0696 A0814 B1322 C0134 E0150 F0014 G0015 H0136 H0138 H0333 H0364 H0757 J0116 K0003 M0001 N0001 P0024,A003D#F04.A003D$F04.A014F$F04.A015L$F04.A015X$F04.A 01MA$F28.A07GL
5163,Gehaktbal varkens- m ei en paneermeel rauw,Minced meat ball pork raw w egg and breadcrumbs,A0714 A0793 B1136 C0268 E0136 F0003 G0003 H0186 H0188 J0001 K0003 M0001 N0001 P0024,A03XG#F04.A007A$F04.A032B$F04.A04AC$F28.A07HS
5164,Ontbijtproduct Honingringetjes 1 de Beste,Breakfast cereal honey loops 1 de Beste,A0692 A0816 B1324 C0155 E0153 F0014 G0003 H0149 H0158 H0162 H0181 H0309 H0310 H0311 H0319 H0322 H0367 H0440 H0761 H0770 H0771 H0772 H0773 J0001 K0003 M0148 N0036 P0024,A0F4Q#F04.A003L$F04.A003X$F04.A004P$F04.A00CY$F04.A 00DJ$F04.A032J$F04.A033J$F04.A037D$F04.A042P
5165,Worst met-,Sausage dried metworst,A0714 A0798 B1105 C0268 E0151 F0014 G0003 H0138 H0172 H0227 H0253 J0116 K0003 M0001 N0001 P0024 Z0018,A024X#F26.A07XE
5167,Bonen black eyed blik/glas,Beans black eyed canned,A0704 A0831 B1200 C0133 E0150 F0014 G0014 H0138 H0259 J0116 J0123 K0017 M0194 N0001 P0024 R0001 Z0001 Z0052,A01BB
5168,Bonen bruine gekookt,Beans brown boiled,A0704 A0831 B1999 C0133 E0150 F0014 G0015 H0138 H0259 J0116 K0003 M0001 N0001 P0024 P0078 R0001 Z0288,A012T#F28.A07GL
5169,Linzen bruine blik/glas,Lentils brown canned,A0704 A0831 B1268 C0133 E0150 F0014 G0014 H0138 H0259 J0116 J0123 K0017 M0194 N0001 P0024 R0001 Z0288,A01BD
5170,Bonen cannellini blik/glas,Beans cannellini canned,A0704 A0831 B1555 C0133 E0150 F0014 G0015 H0138 H0259 J0116 J0123 K0017 M0194 N0001 P0024 R0001 Z0001,A01BB
5171,Bonen chili- blik/glas,Beans chilli canned,A0704 A0831 B1567 C0133 E0150 F0014 G0015 H0138 H0259 J0116 J0123 K0017 M0194 N0001 P0024 R0001 Z0001,A01BB
5172,Kapucijners jonge blik/glas,Peas marrowfat young canned,A0704 A0831 B1338 C0136 E0150 F0014 G0014 J0123 K0017 M0194 N0001 P0024 Z0051,A01BC#F27.A0BAR
5173,Bonen kidney- rode gekookt,Beans kidney red boiled,A0705 A0831 B1659 C0133 E0150 F0014 G0013 G0015 H0138 H0259 J0116 K0001 M0001 N0001 P0024 P0078 Z0284,A012V#F28.A07GL
5174,Linzen rode gekookt,Lentils red boiled,A0704 A0831 B1268 C0133 E0150 F0014 G0014 G0015 H0138 H0259 J0116 K0003 M0001 N0001 P0024 P0078 Z0284,A013Q#F28.A07GL
5175,Bonen witte gekookt,Beans white boiled,A0704 A0831 B1999 C0133 E0150 F0014 G0015 H0138 H0259 J0116 K0003 M0001 N0001 P0024 P0078 R0001 Z0283,A012T#F28.A07GL
5176,Bonen zwarte blik/glas,Beans black canned,A0704 A0831 B1061 C0133 E0150 F0014 G0015 H0138 H0259 J0116 J0123 K0017 M0194 N0001 P0024 R0001 Z0287,A01BB
5177,Soep erwten- m vlees,Soup split pea w meat,A0722 A0865 B1338 C0119 E0110 F0022 G0018 H0191 H0212 H0227 H0367 M0001 N0001 P0024 R0001 Z0109,A041Q#F04.A00QH$F04.A00QJ$F04.A00SB$F04.A013J$F04.A 01RG$F04.A022X$F04.A026A$F04.A03DL$F04.A042P
5182,Berenklauw bereid m vloeibaar frituurvet,Meatball Berenklauw deep-fried in liquid fat,A0722 A0868 B1105 C0268 E0115 F0022 G0029 H0186 H0263 H0319 H0349 H0367 J0001 K0003 M0001 N0001 P0024,A03XG#F04.A007A$F04.A00HC$F04.A032B$F04.A039J$F04.A 042P$F04.A04GP$F28.A07GV
5183,Kipkorn bereid m vloeibaar vet,Chicken sticks breaded deep-fried in liquid fat,A0715 A0795 B1457 C0268 E0117 F0014 G0029 H0148 H0171 H0173 H0188 H0227 H0263 H0319 H0320 J0136 K0003 M0001 N0001 P0024,A040J#F04.A00DD$F04.A01SP$F04.A037A$F04.A039J$F04.A0 3DL$F28.A07GV$F28.A07HK
5195,Vet kippen-,Fat chicken,A0702 A0810 B1457 C0190 E0119 F0001 G0003 H0003 J0003 K0003 M0001 N0001 P0024,A038F
5196,Olie palmpit-,Oil palmkernel,A0700 A0806 B1286 C0190 E0139 F0001 G0003 H0001 J0001 K0003 M0001 N0001 P0024,A037P
5197,Peuterplusmelk Nutrilon 6 p 100 ml,Toddler formula Nutrilon 6 p 100 ml,A0723 A0873 B1201 C0113 E0123 F0014 G0003 H0138 H0141 H0148 H0159 H0163 H0194 H0301 J0116 K0003 M0001 N0001 P0192,A03QR
5198,Zuigelingenvoeding Hero Baby Nutrasense Standaard 1 p 100 ml,Infant formula Hero Baby Nutrasense Standaard 1 p 100 ml,A0723 A0873 B1201 C0113 E0123 F0014 G0003 H0138 H0141 H0148 H0159 H0163 H0194 H0301 J0116 K0003 M0001 N0001 P0263,A03QF
5199,Opvolgmelk Hero Baby Nutrasense Standaard 2 p 100 ml,Toddler formula Hero Baby Nutrasense Standaard 2 p 100 ml,A0723 A0873 B1201 C0113 E0123 F0014 G0003 H0138 H0141 H0148 H0159 H0163 H0194 H0301 J0116 K0003 M0001 N0001 P0191,A03QR
5200,Peutermelk Hero Baby Nutrasense 3 p 100 ml,Toddler formula Hero Baby Nutrasense 3 p 100 ml,A0723 A0873 B1201 C0113 E0123 F0014 G0003 H0138 H0141 H0148 H0159 H0163 H0194 H0301 J0116 K0003 M0001 N0001 P0192,A03QR
5201,Peutermelk Hero Baby Nutrasense 4 p 100 ml,Toddler formula Hero Baby Nutrasense 4 p 100 ml,A0723 A0873 B1201 C0113 E0123 F0014 G0003 H0138 H0141 H0148 H0159 H0163 H0194 H0301 J0116 K0003 M0001 N0001 P0192,A03QR
5202,Zuigelingenvoeding Hipp Biologisch Combiotik 1 p 100 ml,Infant formula Hipp Biologisch Combiotik 1 p 100 ml,A0723 A0873 B1201 C0113 E0123 F0014 G0003 H0138 H0141 H0148 H0159 H0163 H0194 H0301 J0116 K0003 M0001 N0001 P0263,A03QF
5203,Opvolgmelk Hipp Biologisch Combiotik 2 p 100 ml,Toddler formula Hipp Biologisch Combiotik 2 p 100 ml,A0723 A0873 B1201 C0113 E0123 F0014 G0003 H0138 H0141 H0148 H0159 H0163 H0194 H0301 J0116 K0003 M0001 N0001 P0191,A03QR
5204,Opvolgmelk Hipp Biologisch Combiotik 3 p 100 ml,Toddler formula Hipp Biologisch Combiotik 3 p 100 ml,A0723 A0873 B1201 C0113 E0123 F0014 G0003 H0138 H0141 H0148 H0159 H0163 H0194 H0301 J0116 K0003 M0001 N0001 P0192,A03QR
5205,Zuigelingenvoeding Jumbo Standaard 1 p 100 ml,Infant formula Jumbo Standaard 1 p 100 ml,A0723 A0873 B1201 C0113 E0123 F0014 G0003 H0138 H0141 H0148 H0159 H0163 H0194 H0301 J0116 K0003 M0001 N0001 P0263,A03QF
5206,Opvolgmelk Jumbo Standaard 2 p 100 ml,Toddler formula Jumbo Standaard 2 p 100 ml,A0723 A0873 B1201 C0113 E0123 F0014 G0003 H0138 H0141 H0148 H0159 H0163 H0194 H0301 J0116 K0003 M0001 N0001 P0191,A03QR
5207,Opvolgmelk Jumbo Standaard 3 p 100 ml,Toddler formula Jumbo Standaard 3 p 100 ml,A0723 A0873 B1201 C0113 E0123 F0014 G0003 H0138 H0141 H0148 H0159 H0163 H0194 H0301 J0116 K0003 M0001 N0001 P0191,A03QR
5208,Dreumesmelk Jumbo Standaard 4 p 100 ml,Toddler formula Jumbo Standaard 4 p 100 ml,A0723 A0873 B1201 C0113 E0123 F0014 G0003 H0138 H0141 H0148 H0159 H0163 H0194 H0301 J0116 K0003 M0001 N0001 P0192,A03QR
5209,Peutermelk Jumbo Standaard 5 p 100 ml,Toddler formula Jumbo Standaard 5 p 100 ml,A0723 A0873 B1201 C0113 E0123 F0014 G0003 H0138 H0141 H0148 H0159 H0163 H0194 H0301 J0116 K0003 M0001 N0001 P0192,A03QR
5210,Zuigelingenvoeding Albert Heijn Standaard 1 p 100 ml,Infant formula Albert Heijn Standaard 1 p 100 ml,A0723 A0873 B1201 C0113 E0123 F0014 G0003 H0138 H0141 H0148 H0159 H0163 H0194 H0301 J0116 K0003 M0001 N0001 P0263,A03QF
5211,Opvolgmelk Albert Heijn Standaard 2 p 100 ml,Toddler formula Albert Heijn Standaard 2 p 100 ml,A0723 A0873 B1201 C0113 E0123 F0014 G0003 H0138 H0141 H0148 H0159 H0163 H0194 H0301 J0116 K0003 M0001 N0001 P0191,A03QR
5212,Opvolgmelk Albert Heijn Standaard 3 p 100 ml,Toddler formula Albert Heijn Standaard 3 p 100 ml,A0723 A0873 B1201 C0113 E0123 F0014 G0003 H0138 H0141 H0148 H0159 H0163 H0194 H0301 J0116 K0003 M0001 N0001 P0191,A03QR
5213,Dreumesmelk Albert Heijn Standaard 4 p 100 ml,Toddler formula Albert Heijn Standaard 4 p 100 ml,A0723 A0873 B1201 C0113 E0123 F0014 G0003 H0138 H0141 H0148 H0159 H0163 H0194 H0301 J0116 K0003 M0001 N0001 P0192,A03QR
5214,Zuigelingenvoeding Albert Heijn Biologisch Standaard 1 p 100 ml,Infant formula Albert Heijn Biologisch Standaard 1 p 100 ml,A0723 A0873 B1201 C0113 E0123 F0014 G0003 H0138 H0141 H0148 H0159 H0163 H0194 H0301 J0116 K0003 M0001 N0001 P0263,A03QF
5215,Opvolgmelk Albert Heijn Biologisch Standaard 2 p 100 ml,Toddler formula Albert Heijn Biologisch Standaard 2 p 100 ml,A0723 A0873 B1201 C0113 E0123 F0014 G0003 H0138 H0141 H0148 H0159 H0163 H0194 H0301 J0116 K0003 M0001 N0001 P0191,A03QR
5216,Opvolgmelk Albert Heijn Biologisch Standaard 3 p 100 ml,Toddler formula Albert Heijn Biologisch Standaard 3 p 100 ml,A0723 A0873 B1201 C0113 E0123 F0014 G0003 H0138 H0141 H0148 H0159 H0163 H0194 H0301 J0116 K0003 M0001 N0001 P0191,A03QR
5217,Zuigelingenvoeding Bonbebe Standaard 1 p 100 ml,Infant formula Bonbebe Standaard 1 p 100 ml,A0723 A0873 B1201 C0113 E0123 F0014 G0003 H0138 H0141 H0148 H0159 H0163 H0194 H0301 J0116 K0003 M0001 N0001 P0263,A03QF
5218,Opvolgmelk Bonbebe Standaard 2 p 100 ml,Toddler formula Bonbebe Standaard 2 p 100 ml,A0723 A0873 B1201 C0113 E0123 F0014 G0003 H0138 H0141 H0148 H0159 H0163 H0194 H0301 J0116 K0003 M0001 N0001 P0191,A03QR
5219,Opvolgmelk Bonbebe Standaard 3 p 100 ml,Toddler formula Bonbebe Standaard 3 p 100 ml,A0723 A0873 B1201 C0113 E0123 F0014 G0003 H0138 H0141 H0148 H0159 H0163 H0194 H0301 J0116 K0003 M0001 N0001 P0191,A03QR
5220,Dreumesmelk Bonbebe Standaard 4 p 100 ml,Toddler formula Bonbebe Standaard 4 p 100 ml,A0723 A0873 B1201 C0113 E0123 F0014 G0003 H0138 H0141 H0148 H0159 H0163 H0194 H0301 J0116 K0003 M0001 N0001 P0192,A03QR
5224,Zuigelingenvoeding Etos Standaard 1 p 100 ml,Infant formula Etos Standaard 1 p 100 ml,A0723 A0873 B1201 C0113 E0123 F0014 G0003 H0138 H0141 H0148 H0159 H0163 H0194 H0301 J0116 K0003 M0001 N0001 P0263,A03QF
5225,Opvolgmelk Etos Standaard 2 p 100 ml,Toddler formula Etos Standaard 2 p 100 ml,A0723 A0873 B1201 C0113 E0123 F0014 G0003 H0138 H0141 H0148 H0159 H0163 H0194 H0301 J0116 K0003 M0001 N0001 P0191,A03QR
5226,Opvolgmelk Etos Standaard 3 p 100 ml,Toddler formula Etos Standaard 3 p 100 ml,A0723 A0873 B1201 C0113 E0123 F0014 G0003 H0138 H0141 H0148 H0159 H0163 H0194 H0301 J0116 K0003 M0001 N0001 P0191,A03QR
5227,Dreumesmelk Etos Standaard 4 p 100 ml,Toddler formula Etos Standaard 4 p 100 ml,A0723 A0873 B1201 C0113 E0123 F0014 G0003 H0138 H0141 H0148 H0159 H0163 H0194 H0301 J0116 K0003 M0001 N0001 P0192,A03QR
5228,Zuigelingenvoeding Etos Biologisch Standaard 1 p 100 ml,Infant formula Etos Biologisch Standaard 1 p 100 ml,A0723 A0873 B1201 C0113 E0123 F0014 G0003 H0138 H0141 H0148 H0159 H0163 H0194 H0301 J0116 K0003 M0001 N0001 P0263,A03QF
5229,Opvolgmelk Etos Biologisch Standaard 2 p 100 ml,Toddler formula Etos Biologisch Standaard 2 p 100 ml,A0723 A0873 B1201 C0113 E0123 F0014 G0003 H0138 H0141 H0148 H0159 H0163 H0194 H0301 J0116 K0003 M0001 N0001 P0191,A03QR
5230,Opvolgmelk Etos Biologisch Standaard 3 p 100 ml,Toddler formula Etos Biologisch Standaard 3 p 100 ml,A0723 A0873 B1201 C0113 E0123 F0014 G0003 H0138 H0141 H0148 H0159 H0163 H0194 H0301 J0116 K0003 M0001 N0001 P0191,A03QR
5234,Kaas Danish Blue,Cheese Danish Blue,A0720 A0785 B1201 C0245 E0151 F0001 G0003 H0253 J0104 J0145 K0003 M0001 N0001 P0024,A030B#F26.A07XE
5235,Melk halfvolle verrijkt m calcium en vit D,Milk semi-skimmed fortified w calcium and vit D,A0719 A0780 B1201 C0235 E0123 F0022 G0003 H0162 H0214 H0247 H0306 J0120 K0003 M0001 N0001 P0024,A02LZ#F09.A0EXH$F09.A0EXM
5236,Taart appel- zandtaardeeg gem,Apple pie Dutch w shortbread average,A0695 A0821 B1312 C0134 E0147 F0023 G0005 H0147 H0158 H0186 H0272 H0367 J0003 K0003 M0001 N0001 P0024,A00BZ#F04.A00BZ
5237,Cake naturel gem,Cake plain av,A0695 A0821 B1312 C0208 E0147 F0022 G0005 H0158 H0186 H0221 H0256 H0319 J0001 K0003 M0001 N0001 P0024,A00AP#F04.A00AP$F26.A07XD
5238,Bladerdeeg gem bereid,Puff pastry av baked,A0695 A0821 B1312 C0134 E0147 F0014 G0005 H0271 H0272 H0367 J0120 J0145 K0003 M0003 N0001 P0024,A00CC#F04.A00CC$F26.A07XE
5239,Cake appel- gem,Cake apple av,A0695 A0821 B1312 C0208 E0147 F0022 G0005 H0147 H0158 H0186 H0221 H0319 J0001 K0003 M0001 N0001 P0024,A00BA#F04.A00BA$F26.A07XD
5240,Appelflap gem,Apple turnover av,A0695 A0821 B1312 C0208 E0105 F0014 G0005 H0136 H0147 H0207 H0221 H0227 H0256 H0319 H0354 H0753 J0003 K0003 M0001 N0001 P0024,A00CF#F04.A00CF$F26.A07XE
5241,Irish coffee,Irish coffee,A0710 A0845 B1305 C0132 E0123 F0014 G0036 H0148 H0296 H0332 H0361 H0391 J0003 K0003 M0001 N0001 P0024,A03PQ#F04.A02ML$F04.A032N$F04.A03KC$F04.A03PF$F26. A07XE
5242,Cake chocolade- gem,Cake chocolate av,A0695 A0821 B1312 C0208 E0147 F0022 G0005 H0158 H0186 H0221 H0231 H0319 J0001 K0003 M0001 N0001 P0024,A00BG#F04.A00BG$F26.A07XD
5244,Kaasfondue huishoudelijk bereid,Cheese fondue homemade,A0722 A0861 B1201 C0245 E0139 F0014 G0020 H0151 H0160 H0320 J0003 K0003 M0001 N0001 P0024,A02YP#F04.A002R$F04.A00GZ$F04.A02YM$F04.A02YP$F04.A 03AH$F04.A03MV$F04.A03PE$F22.A07SS$F26.A07XE
5245,Melk chocolade- halfvolle m zoetstof,Milk chocolate-flavoured semi-skimmed w sweetner,A0721 A0781 B1201 C0235 E0123 F0022 G0003 H0108 H0231 H0306 H0325 J0120 K0003 M0001 N0001 P0024,A02MP#F04.A0EQS$F08.A046M$F10.A077G
5246,Wijn alcoholvrij,Wine alcohol free,A0709 A0849 B1329 C0140 E0123 F0003 G0003 H0232 H0286 J0001 K0003 M0130 N0040 P0024,A03MT#F10.A0C0V
5247,Plantaardig alternatief voor yoghurt obv soja z suiker verrijkt m calcium en vitamines,Plant-based alternative to yoghurt based on soya unsweetened fortified with calcium and vitamins,A0722 A0788 B1452 C0235 E0103 F0018 G0003 H0101 H0247 H0306 J0131 J0135 K0003 M0001 N0001 P0024 P0199,A03TV#F09.A0EXH$F09.A0EXM$F09.A0EXP$F10.A077K
5248,Cheesecake,Cheesecake,A0695 A0821 B1312 C0135 E0147 F0023 G0005 H0143 H0147 H0158 H0271 J0003 K0003 M0003 N0003 P0024,A00AR#F04.A009X$F04.A02QZ$F04.A032B$F04.A032K$F04.A 039C$F04.A03AH$F04.A04RK
5249,Popcorn zoute kant-en-klaar (gepoft m olie),Popcorn salted popped w oil,A0696 A0814 B1232 C0133 E0131 F0014 G0009 H0138 H0173 H0263 J0116 K0003 M0001 N0001 P0024,A00DC#F04.A00DC$F04.A036N$F04.A042P$F10.A0CJK
5251,Popcorn zoete kant-en-klaar (gepoft m olie),Popcorn sweet popped w oil,A0696 A0814 B1232 C0133 E0131 F0014 G0009 H0138 H0263 H0749 J0116 K0003 M0001 N0001 P0024 R0001 Z0001,A00DC#F04.A00DC$F04.A032J$F04.A036N$F10.A077J
5253,Azijn balsamico,Vinegar Balsamic,A0722 A0852 B1347 C0174 E0123 F0001 G0003 H0123 J0104 K0003 M0001 N0001 P0024 R0001 Z0001,A04JG
5254,Carrotcake,Carrot cake,A0695 A0821 B1312 C0208 E0147 F0022 G0005 H0107 H0117 H0143 H0158 H0186 H0212 H0263 H0271 H0319 H0367 H0757 J0001 K0003 M0001 N0001 P0024,A00AP#F04.A003Y$F04.A00QH$F04.A014R$F04.A02QZ$F04. A032B$F04.A032K$F04.A032R$F04.A036N$F04.A037D$F04.A 039C$F04.A042P$F28.A07HM
5255,Bananenbrood,Banana bread,A0695 A0821 B1312 C0208 E0147 F0022 G0005 H0147 H0151 H0158 H0186 H0263 H0271 H0319 H0364 H0367 H0757 J0001 K0003 M0001 N0001 P0024,A00BA#F04.A003Y$F04.A014C$F04.A019V$F04.A01LC$F04.A 01ME$F04.A032B$F04.A032J$F04.A039C$F04.A039E$F04.A0 42P
5256,Paneermeel kruiden-,Bread crumbs w herbs,A0696 A0820 B1324 C0114 E0117 F0014 G0005 H0138 H0151 J0116 K0001 M0003 N0001 P0024,A007A#F04.A016T
5257,Peper zoete gevuld m roomkaas,Sweet pepper stuffed w cream cheese,A0722 A0868 B2628 C0139 E0150 F0014 G0003 H0143 H0207 H0263 J0123 K0021 M0001 N0001 P0024,A040C#F04.A00ZJ$F04.A02QZ$F04.A037D$F06.A06YC
5258,Hagelslag chocolade- mix wit en melk,Chocolate sprinkles mix white and milk,A0699 A0839 B1318 C0134 E0152 F0014 G0003 H0158 H0184 J0001 K0003 M0001 N0001 P0024,A0EQS#F04.A032J$F04.A0EQS$F26.A07XE
5260,Vlokken chocolade- mix wit en melk,Chocolate flakes mix white and milk,A0699 A0839 B1318 C0134 E0111 F0014 G0003 H0158 H0184 J0001 K0003 M0001 N0001 P0024,A0EQS#F04.A0EQS$F26.A07XE
5261,Skyr m vruchten magere,Skyr skimmed w fruit,A0721 A0783 B1201 C0235 E0103 F0018 G0003 H0101 H0117 H0147 H0158 H0247 H0306 J0131 J0135 K0003 M0001 N0001 P0024 R0001,A02QM#F04.A01NN$F04.A02QM$F04.A032J$F10.A077H$F10 .A077J
5262,Bakmix voor cake naturel,Bakery mix for cake plain,A0693 A0813 B1312 C0208 E0106 F0003 G0003 H0146 H0152 H0173 H0751 J0001 K0003 M0148 N0039 P0024,A0CSM#F04.A003X$F04.A032J$F04.A042P
5263,Bamigroenten rauw,Bami vegetables raw,A0705 A0825 B1057 C0144 E0152 F0003 G0003 H0003 J0003 K0003 M0001 N0001 P0024,A16GB#F04.A00GC$F04.A00HR$F04.A00SB$F04.A00SR
5264,Cracker luchtige naturel,Crispbread light plain,A0695 A0817 B1312 C0208 E0140 F0014 G0005 H0152 H0173 H0221 H0259 J0001 K0003 M0001 N0001 P0024,A005Y#F10.A07XK
5265,Tonijn m groente en tomatensaus in blik,Tuna w vegetables and tomato sauce canned,A0717 A0803 B1269 C0268 E0125 F0014 G0001 H0173 H0212 H0263 H0349 H0350 J0123 K0037 M0151 N0001 P0024,A0FBT#F04.A00HC$F04.A00KP$F04.A00ZF$F04.A01BC$F04.A 032J$F04.A037D$F04.A03DL$F04.A042P$F04.A0FBT$F06.A06 XR
5266,Zeevruchten bereid,Seafood cooked,A0717 A0803 B1021 C0103 E0151 F0014 G0001 H0001 J0001 K0003 M0001 N0001 P0024 R0001 Z0001,A026T#F04.A02GB$F04.A02HZ$F04.A02KE$F04.A042P$F04.A 0FCY$F28.A0BA1
5267,Groente roerbakmix champignon rauw,Vegetables for stir-frying mushroom raw,A0705 A0825 B1579 C0150 E0152 F0003 G0003 H0166 J0001 K0003 M0001 N0001 P0024,A16GB#F04.A00HC$F04.A00JA$F04.A00JR$F04.A00QH$F04.A 00RY$F04.A00SB$F04.A00TQ$F04.A00YE
5268,Groente roerbakmix Hollandse rauw,Vegetables for stir-frying Dutch raw,A0705 A0825 B1579 C0150 E0152 F0003 G0003 H0003 J0001 K0003 M0001 N0001 P0024,A16GB#F04.A00FN$F04.A00FR$F04.A00HC$F04.A00JA$F04.A 00JR$F04.A00PG$F04.A00QH$F04.A00RY$F04.A00SB
5269,Groente roerbakmix Italiaanse rauw,Vegetables for stir-frying Italian raw,A0705 A0825 B1579 C0150 E0152 F0003 G0003 H0003 J0001 K0003 M0001 N0001 P0024,A16GB#F04.A00FN$F04.A00HC$F04.A00JA$F04.A00JR$F04.A 00QH$F04.A00SB
5270,Groente roerbakmix oosterse rauw,Vegetables for stir-frying Oriental raw,A0705 A0825 B1579 C0150 E0152 F0003 G0003 H0003 J0001 K0003 M0001 N0001 P0024,A16GB#F04.A00FZ$F04.A00GC$F04.A00HC$F04.A00JA$F04.A 00PG$F04.A00QH$F04.A00SB$F04.A00SR$F04.A0DMM
5271,Yoghurt Griekse magere,Yogurt Greek skimmed,A0721 A0783 B1201 C0235 E0103 F0018 G0003 H0101 H0247 H0306 H0325 J0131 J0135 K0003 M0001 N0001 P0024 R0001,A16GH#F10.A077H
5272,Koek ontbijt- z suiker,Cake Dutch spiced Ontbijtkoek wo sugar,A0695 A0821 B1313 C0208 E0140 F0014 G0005 H0108 H0151 H0194 H0751 J0001 K0003 M0001 N0001 P0024,A00CS#F09.A0EVR$F10.A077K
5273,Fruitreep m noten,Fruitbar w nuts,A0707 A0834 B1140 C0167 E0147 F0001 G0003 H0138 H0177 J0116 K0003 M0001 N0001 P0024,A01MA#F04.A014C$F04.A01ME$F04.A01MF
5275,Pindakaas 100% pinda's ongezouten,Peanut butter 100% peanuts wo salt,A0703 A0824 B1337 C0136 E0144 F0014 G0003 J0001 K0003 M0130 N0001 P0024,A01BN#F10.A0CQE
5277,Vet dierlijk gem,Fat animal av,A0702 A0810 B1297 C0190 E0119 F0001 G0003 H0003 J0003 K0003 M0001 N0001 P0024,A04PJ#F04.A037V$F04.A037X$F04.A038F
5279,Vruchten bos- gem,Fruit forest av,A0707 A0833 B1231 C0140 E0150 F0003 G0003 H0003 J0001 K0003 M0001 N0001 P0024,A01DT#F04.A01EA$F04.A01EE$F04.A01EP$F04.A01EY$F04.A 01FE$F04.A01FN$F04.A01FP
5280,Kalfsvlees gem rauw,Veal av raw,A0714 A0793 B1349 C0270 E0104 F0003 G0003 H0003 J0001 K0003 M0001 N0001 P0024 Z0047,A01QY#F04.A01QY$F04.A03VV
5286,Zout bakkers- m toegevoegd jodium,Salt bakers w added iodin,A0722 A0856 B1655 C0005 E0143 F0003 G0003 H0138 H0189 J0116 K0003 M0001 N0001 P0024 R0001 Z0001,A042R#F09.A0EXA
5290,Cacaopoeder magere,Cocoa powder low fat,A0710 A0845 B1318 C0155 E0106 F0001 G0003 H0138 H0325 J0116 K0003 M0001 N0001 P0024 Z0089,A03HG#F10.A077B
5292,Pasta noten- 100% noten ongezouten,Nut paste mixed nuts unsalted,A0703 A0824 B1062 C0136 E0144 F0014 G0003 J0001 K0003 M0130 N0001 P0024,A0F0M#F04.A014F$F04.A014H$F04.A014L$F10.A0CQE$F26.A 07XE
5294,IJs yoghurt- m vruchten,Ice cream yoghurt based w fruit,A0721 A0789 B1201 C0195 E0119 F0018 G0003 H0100 H0178 H0306 H0368 J0135 J0136 K0003 M0001 N0001 P0024,A02QC#F04.A04RK
5295,Skyr naturel magere,Skyr skimmed plain,A0721 A0783 B1201 C0235 E0103 F0018 G0003 H0247 H0306 H0325 J0131 J0135 K0003 M0001 N0001 P0024 R0001,A02QM#F10.A077H
5299,Bakmix voor appeltaart,Bakery mix for apple pie,A0693 A0813 B1312 C0208 E0106 F0003 G0003 H0146 H0152 H0173 H0751 J0001 K0003 M0148 N0039 P0024,A0CSK#F26.A07XE
5300,Bakmix voor kwarktaart,Bakery mix for cheesecake,A0693 A0813 B1312 C0208 E0106 F0003 G0003 H0146 H0152 H0173 H0751 J0001 K0003 M0148 N0039 P0024,A0CSM#F02.A0ERD$F04.A003X$F04.A032J$F04.A036N$F04.A 042P$F04.A0F5E$F28.A07KG$F33.A0C3Q
5304,Frites groente- voorgebakken diepvries onbereid,Chips vegetable pre-fried frozen unprepared,A0705 A0826 B1018 C0238 E0115 F0022 G0035 H0233 H0241 J0001 K0003 M0001 N0001 P0024,A011N#F04.A003F$F04.A00QG$F04.A00QH$F04.A00QJ$F04. A00QR$F04.A01BE$F04.A037D$F28.A07KQ
5305,Soeppoeder 1-kops soep,Soup instant powder 1 cup soup,A0722 A0865 B1347 C0174 E0136 F0014 G0003 H0138 H0191 H0212 H0227 H0279 J0116 K0003 M0118 P0024 Z0090,A0B9J#F26.A07XD
5306,Melk volle lactosevrij,Milk whole lactose free,A0719 A0780 B1201 C0235 E0123 F0022 G0003 H0295 H0306 H0324 J0120 K0003 M0001 N0001 P0024,A02LY#F10.A0CQD
5315,Zoetstof intensief obv koolhydraten als vulmiddel,Sweetener intensive based on carbohydrates,A0697 A0836 B2972 C0005 E0153 F0014 G0003 H0154 H0157 H0315 J0001 K0003 M0001 N0001 P0024 P0066,A0F7R
5317,Witlof m ham en kaas uit de oven,Baked chicory w cheese and ham,A0705 A0825 B1552 C0200 E0133 F0014 G0005 H0143 H0765 J0003 K0003 M0001 N0001 P0024,A03XX#F04.A00NE$F04.A023K$F04.A02SV$F26.A07XE
5318,Ratatouille bereid z vlees,Ratatouille prepared wo meat,A0705 A0828 B1006 C0137 E0152 F0014 G0027 H0212 H0341 H0349 H0350 J0003 K0003 M0001 N0001 P0024,A03YH#F04.A00HC$F04.A00HR$F04.A00JA$F04.A00JD$F04.A 00JR$F04.A00TQ$F04.A036P
5319,Bonenschotel m groente in tomatensaus blik/glas/zak,Legumes dish w vegetables in tomato sauce canned,A0722 A0832 B1061 C0133 E0110 F0014 G0003 H0138 H0173 H0212 H0227 H0259 H0349 H0350 J0116 J0123 K0037 M0001 N0001 P0024,A03VS#F04.A00HC$F04.A00JA$F04.A00KP$F04.A012J$F04.A0 12T$F04.A012V$F04.A042P$F04.A044C$F04.A0DMX$F28.A0 BYP
5320,Stoofperen bereid m gezoet kookvocht,Stewing pears cooked w sweetened liquid,A0707 A0834 B1344 C0229 E0104 F0014 G0020 H0146 H0148 H0158 J0003 K0003 M0001 N0001 P0024,A01DP#F04.A011F$F04.A01DP$F04.A032J$F04.A03DL$F10.A 077J$F28.A07GM
5321,Omelet/roerei,Omelette/scrambled eggs,A0722 A0792 B1713 C0225 E0140 F0014 G0026 H0184 H0221 J0001 K0003 M0001 N0001 P0024,A03YN#F04.A02LZ$F04.A032B$F04.A036N
5322,Omelet ham-kaas,Omelette w ham and cheese,A0722 A0792 B1713 C0225 E0140 F0014 G0026 H0143 H0184 H0221 H0765 J0001 K0003 M0001 N0001 P0024,A03YK#F04.A023K$F04.A02LZ$F04.A02SV$F04.A032B$F04.A0 36N
5323,Omelet m aardappel Spaanse tortilla,Omelette w potatoes Spanish tortilla,A0722 A0792 B1713 C0225 E0105 F0014 G0026 H0184 H0212 H0221 J0001 K0003 M0001 N0001 P0024,A03YQ#F04.A00GZ$F04.A00HC$F04.A00ZT$F04.A032B$F04.A 036P
5324,"Omelet m aardappel, groente en spek Spaanse tortilla","Omelette w potatoes, vegetables and bacon Spanish tortilla",A0722 A0792 B1713 C0225 E0105 F0014 G0026 H0184 H0212 H0221 H0759 J0001 K0003 M0001 N0001 P0024,A03YQ#F04.A00ZT$F04.A022X$F04.A02LZ$F04.A032B$F04.A 036P$F04.A16GB
5325,Bobotie z rijst,Bobotie wo rice,A0722 A0799 B1201 C0268 E0136 F0022 G0005 G0028 H0147 H0148 H0212 H0227 H0296 H0367 J0001 K0003 M0001 N0001 P0024,A03VV#F04.A00PG$F04.A01DJ$F04.A02NC$F04.A049S$F04.A 0F1N$F04.A16GK$F26.A07XE
5326,Mosselen rauw,Mussels raw,A0717 A0802 B1223 C0173 E0150 F0003 G0003 H0003 J0001 K0003 M0001 N0001 P0024,A0FCY
5328,Saus carbonara- huishoudelijk bereid,Sauce carbonara homemade,A0722 A0862 B1201 C0195 E0139 F0014 G0014 H0138 H0143 H0186 H0759 J0001 K0003 M0001 N0001 P0024,A044A#F04.A022X$F04.A02ML$F04.A02ZH$F04.A032B$F22. A07SS
5329,Hachee,Meat-onion stew,A0722 A0799 B1201 C0268 E0110 F0014 G0020 H0148 H0263 H0349 J0001 K0003 M0001 N0001 P0024,A03VY#F04.A003X$F04.A00HC$F04.A01QX$F04.A036N$F04. A03DL$F04.A044L
5330,Knoflook bereid z vet,Garlic cooked wo fat,A0705 A0857 B1233 C0290 E0001 F0014 G0001 H0003 J0001 K0003 M0001 N0001 P0024,A00GZ#F28.A0BA1
5337,Paprika gevuld m gehakt,Sweet pepper stuffed w minced meat,A0722 A0861 B2628 C0139 E0151 F0014 G0005 H0152 H0207 H0227 H0263 H0349 H0763 H0768 J0003 K0003 M0001 N0001 P0024,A03XX#F04.A004Y$F04.A007A$F04.A00HC$F04.A00JA$F04.A 036P$F04.A044P$F04.A04GP$F26.A07XE
5339,Yoghurt geiten- volle,Yoghurt goatmilk full fat,A0721 A0783 B1328 C0235 E0103 F0018 G0003 H0101 H0306 J0131 J0135 M0001 N0001 P0024,A02NN#F10.A077A
5340,IJs room- chocolade,Ice cream chocolate,A0721 A0789 B1201 C0195 E0119 F0018 G0003 H0136 H0178 H0231 H0306 H0368 J0135 J0136 K0003 M0001 N0001 P0024,A02QA#F04.A0EQD
5341,Shaslick spies varkensvlees m groente bereid,Shashlik skewer pork w vegetables prepared,A0722 A0799 B1136 C0268 E0125 F0014 G0006 H0212 H0349 H0350 J0001 K0003 M0001 N0001 P0024 Z0018,A03VV#F04.A00HC$F04.A00HR$F04.A00JA$F04.A01RG$F26. A07XE
5342,Viscuisine koolvis m paneermeel-kruidenkorst bereid,Fish cuisine pollock w breadcrumbs and herbs prepared,A0722 A0804 B1843 C0268 E0125 G0005 H0148 H0173 H0242 H0263 H0319 H0349 H0356 J0001 K0003 M0001 N0001 P0024,A02CE#F04.A007A$F04.A00HC$F04.A02QK$F04.A036N$F04. A03DL$F04.A042P$F04.A0FAP$F26.A07XD$F28.A07HK$F28.A 0BA1
5345,IJs room- vanille,Ice cream dairy vanilla flavoured,A0721 A0789 B1201 C0195 E0119 F0018 G0003 H0100 H0136 H0178 H0306 H0368 J0135 J0136 K0003 M0001 N0001 P0024,A02QA
5346,IJs vanille-,Ice cream dairy w vegetal fat vanilla flavoured,A0721 A0789 B1201 C0235 E0119 F0018 G0003 H0100 H0136 H0178 H0247 H0296 H0306 H0345 H0368 J0136 K0003 M0001 N0001 P0024,A02QA
5347,IJs room- m vruchten,Ice cream dairy w fruit,A0721 A0789 B1201 C0195 E0119 F0018 G0003 H0100 H0136 H0147 H0178 H0306 H0368 J0135 J0136 K0003 M0001 N0001 P0024,A02QA#F04.A04RK
5348,IJs room/vanille- cornet m vruchten,Ice cream dairy/non-dairy cornet w fruit,A0721 A0789 B1201 C0195 E0119 F0018 G0003 H0100 H0136 H0147 H0178 H0306 H0319 H0355 H0368 J0135 K0003 M0001 N0001 P0024,A02QA#F04.A009X$F04.A046G$F04.A04RK$F04.A0EQD
5349,Bakmix voor pannenkoeken volkoren-,Bakery mix for pancakes wholemeal,A0693 A0813 B1312 C0133 E0106 F0003 G0003 H0152 H0173 H0751 J0001 K0003 M0148 N0039 P0024,A0CSN#F04.A002G$F04.A002Y$F04.A004B$F04.A042P$F10.A 06HR
5352,Broodje gezond v witbrood,"Roll white hard w cheese, ham, egg and vegetables",A0722 A1203 B1312 C0208 E0147 F0014 G0005 H0143 H0152 H0186 H0212 H0221 H0256 H0259 H0350 H0753 H0765 J0001 K0003 M0001 N0001 P0024,A03ZB#F04.A004Y$F04.A00HR$F04.A00JM$F04.A00KZ$F04.A 023K$F04.A02SV$F04.A032B
5353,Mousse chocolade- kant-en-klaar,Mousse chocolate ready-to-eat,A0722 A0864 B1201 C0195 E0139 F0018 G0001 H0154 H0158 H0165 H0231 H0279 H0297 H0365 J0131 J0135 K0003 M0001 N0001 P0024,A02PV#F04.A02ML$F04.A0EQD$F22.A07SH$F26.A07XE
5354,Tosti ham-kaas v witbrood,Toasted ham-cheese sandwich w white bread,A0722 A1203 B1312 C0208 E0147 F0014 G0010 H0143 H0152 H0221 H0256 H0259 H0753 H0765 J0001 K0003 M0001 N0001 P0024,A03ZB#F04.A004Y$F04.A023K$F04.A02VA$F04.A039E
5355,Broodje hamburger huishoudelijk bereid,Hamburger (with roll) vegetables and sauce homemade,A0722 A1203 B1312 C0208 E0147 F0014 G0005 H0212 H0221 H0349 H0350 H0763 J0001 K0003 M0001 N0001 P0024,A03ZL#F04.A004Y$F04.A00HC$F04.A00HR$F04.A00JM$F04.A 00KZ$F04.A00ZJ$F04.A03XF$F04.A044P$F04.A044X$F22.A07 SS
5356,Frikandel speciaal,Sausage Dutch Frikandel w sauce and onion,A0715 A0795 B1457 C0103 E0105 F0014 G0029 H0117 H0152 H0191 H0263 H0349 J0136 K0003 M0001 N0001 P0024,A03VV#F04.A00HC$F04.A026A$F04.A044P$F04.A045K$F26.A 07XE
5358,Salade Griekse z dressing,Greek salad wo dressing,A0722 A0866 B1276 C0140 E0133 F0003 G0003 H0143 H0212 J0001 K0003 M0001 N0001 P0024,A042F#F04.A00HC$F04.A00JA$F04.A00JM$F04.A00KZ$F04.A 01BQ$F04.A02RB$F04.A0DMX
5359,Risotto bereid,Risotto prepared,A0722 A0822 B1322 C0208 E0104 F0014 G0015 H0143 H0227 H0259 H0341 H0349 J0003 K0003 M0001 N0001 P0024,A041F#F04.A003D$F04.A00HC$F04.A02ZH$F04.A036P$F04.A 043F
5360,Sushi m zalm en komkommer,Sushi stuffed w salmon and cucumber,A0696 A0822 B1322 C0208 E0150 F0014 G0014 H0138 H0153 H0158 H0200 H0212 J0001 K0003 M0001 P0024,A16GF#F04.A003D$F04.A00JM$F04.A00ZQ$F04.A032J$F04.A 044L$F04.A0C75
5363,Wrap m kip,Wrap w chicken,A0722 A1203 B1312 C0208 E0140 F0014 G0008 H0117 H0212 H0227 H0263 H0296 H0349 H0367 H0766 J0001 K0003 M0001 N0001 P0024,A18PS#F04.A006V$F04.A00HC$F04.A00JA$F04.A01SP$F04.A 02NB$F04.A036N$F04.A03DL$F04.A042Y
5364,Aardpeer rauw,Jerusalem artichoke raw,A0705 A0829 B1038 C0239 E0150 F0003 G0003 H0003 J0003 K0003 M0001 N0001 P0024,A00QQ#F28.A07HS
5369,Meloen gem,Melon av,A0707 A0833 B1283 C0229 E0150 F0003 G0003 H0003 J0001 K0003 M0001 N0001 P0024 R0001,A00KF#F04.A00KF$F04.A00KJ
5370,Candybar gem,Candybar av,A0699 A0839 B1012 C0108 E0147 F0014 G0003 H0100 H0152 H0158 H0177 H0221 H0231 H0297 H0340 H0355 H0367 H0612 J0001 K0003 M0001 N0003 P0024 Z0112,A034R#F04.A034R$F26.A07XD$F28.A07HP
5371,Pindarotsjes,Chocolate filled w peanuts,A0699 A0839 B1318 C0134 E0147 F0014 G0003 H0124 H0158 H0184 H0231 J0001 K0003 M0001 N0003 P0024,A034Q#F04.A015H$F04.A034J
5372,Snoepmix,Candy mix,A0698 A0838 B1012 C0271 E0147 F0014 G0003 H0117 H0150 H0165 J0003 K0003 M0001 N0001 P0024,A0EQP#F04.A035J$F04.A035L$F04.A0EQP$F26.A07XD
5376,Siroop vruchtenlimonade- m suiker en zoetstof 30-35 g KH,Fruit drink conc w sugar and sweetener 30-35 g CHO,A0709 A0843 B1012 C0108 E0139 F0014 G0003 H0108 H0148 H0200 H0227 H0362 J0100 J0146 K0003 M0194 N0001 P0024 P0062 P0207 Z0091,A03GE#F08.A046M$F10.A077J
5378,Wentelteefje v wit tarwebrood,French toast made w white wheat bread,A0722 A0821 B1312 C0208 E0147 F0014 G0026 H0152 H0184 H0186 H0221 H0256 H0259 H0753 J0003 K0003 M0001 N0001 P0024,A16FF#F04.A004Y$F04.A02LZ$F04.A032B$F04.A032J$F04.A0 39E
5382,Pannenkoek spek- koelvers,Pancake bacon chilled,A0695 A1297 B1312 C0208 E0147 F0014 G0026 H0184 H0186 H0263 H0759 J0131 K0003 M0172 N0036 P0024,A00CL#F04.A003L$F04.A003X$F04.A023H$F04.A02MA$F04.A 032B$F04.A036N$F04.A03DL$F04.A042P
5386,Salade nicoise m dressing,Salad nicoise w fish and dressing,A0722 A0866 B1276 C0137 E0125 F0003 G0003 H0147 H0153 H0186 H0212 H0349 J0001 K0003 M0001 N0001 P0024,A042M#F04.A00HC$F04.A00HS$F04.A00JA$F04.A00JM$F04. A00QV$F04.A00SB$F04.A01BQ$F04.A032B$F04.A045K$F04. A0FBT$F04.A0FBZ
5393,Pastagerecht carbonara huishoudelijk bereid,Pasta dish carbonara homemade,A0722 A1204 B1079 C0208 E0105 F0014 G0016 H0143 H0186 H0296 H0759 J0001 K0003 M0001 N0001 P0024,A040S#F04.A007E$F04.A044A$F22.A07SS
5394,Frites speciaal,French fries w sauce and onion,A0722 A0830 B1218 C0238 E0115 F0014 G0029 H0241 H0334 H0349 J0001 K0003 M0001 N0001 P0024,A011N#F04.A00HC$F04.A044P$F04.A045K$F04.A0BYV
5395,Frites m sauzen en uitjes,French fries w sauces and onions,A0722 A0830 B1218 C0238 E0115 F0014 G0029 H0241 H0334 H0349 J0001 K0003 M0001 N0001 P0024,A011N#F04.A00HC$F04.A043V$F04.A044P$F04.A045K$F04.A 0BYV
5396,Frites kapsalon,"French fries w shoarma, cheese and sauce",A0722 A0830 B1218 C0238 E0115 F0014 G0029 H0143 H0212 H0241 H0334 H0768 J0001 K0003 M0001 N0001 P0024,A011N#F04.A00HR$F04.A00JM$F04.A00KY$F04.A01RG$F04. A02SV$F04.A036N$F04.A045A$F04.A0BYV$F04.A0EZD
5397,Noodles instant onbereid,Noodles instant onbereid,A0694 A0815 B1312 C0134 E0104 F0014 G0003 H0117 H0138 H0151 H0158 H0173 H0263 J0116 K0003 M0001 N0036 P0024,A007R#F02.A06CZ$F04.A036N$F04.A042P$F04.A042Z$F28.A 07HS$F33.A0C3Z
5398,Quiche Lorraine,Quiche Lorraine,A0695 A0821 B1312 C0134 E0147 F0014 G0005 H0143 H0148 H0184 H0186 H0221 H0296 H0349 H0367 H0753 H0759 J0003 K0003 M0003 N0003 P0024,A03YM#F04.A00CC$F04.A00HC$F04.A022X$F04.A02LZ$F04.A 02NC$F04.A02SV$F04.A032B
5401,Stamppot boerenkool m rookworst en spekjes,"Kale curly w marhed potatoes, smoked sausage and bacon",A0722 A0861 B1218 C0240 E0136 F0014 G0015 H0148 H0212 H0272 H0759 J0003 K0003 M0003 N0003 P0024,A03VK#F04.A022X$F04.A026A$F04.A03VH
5402,Stamppot rauwe andijvie m gehaktbal en spekjes,"Endive raw w mashed potatoes, minced meat ball and bacon",A0722 A0861 B1218 C0240 E0136 F0023 G0015 H0184 H0212 H0759 J0003 K0003 M0003 N0003 P0024,A03VK#F04.A022X$F04.A03VH$F04.A03XG
5404,Zaden en pitten gem,Seeds and kernels av,A0703 A0823 B1607 C0132 E0150 F0001 G0003 H0001 J0003 K0003 M0001 N0001 P0024 R0001 Z0001,A015F#F04.A015G$F04.A015K$F04.A015L$F04.A015X$F04.A 016B$F04.A01BV$F04.A16FZ
5407,Spread fruit-,Fruit spread,A0707 A0837 B1140 C0167 E0119 F0014 G0003 H0145 H0158 J0135 K0003 M0001 N0001 P0024 P0131 Z0162,A01MN#F10.A077M
5408,Vruchtendrank Dubbeldrank,Fruit juice drink Dubbeldrank,A0709 A0841 B1140 C0167 E0123 F0022 G0003 H0136 H0148 H0214 H0215 J0120 K0003 M0001 N0001 P0024,A03BL#F09.A0EXM$F09.A0EXN
5409,Margarineproduct 60% vet <17g verz vetz gezouten,Margarine product 60% fat <17g sat fa salted,A0701 A0807 B1017 C0190 E0119 F0014 G0003 H0173 H0174 H0194 H0213 H0214 H0221 H0306 J0100 K0003 M0172 N0001 P0024 R0001 Z0200,A039E#F07.A075D$F09.A0EXM$F09.A0EXZ$F10.A0CJK
5410,Halvarine Blue Band,Low fat margarine Blue Band,A0701 A0807 B1017 C0190 E0119 F0014 G0003 H0173 H0174 H0194 H0213 H0214 H0221 H0306 H0309 H0310 H0761 H0771 H0772 J0100 K0003 M0172 N0001 P0024 R0001 Z0203,A039E#F09.A0EXM$F09.A0EXP$F09.A0EXQ$F09.A0EXS$F09.A 0EXX$F09.A0EXY$F09.A0EXZ$F10.A077B
5411,Glutenvrij brood donker,Gluten free bread dark,A0691 A0818 B1324 C0208 E0147 F0014 G0005 H0120 H0221 H0259 H0753 J0001 M0001 N0001 P0024 P0174,A005T#F04.A011J$F04.A036V$F04.A037D$F04.A03DL$F04.A 042R$F04.A049A$F04.A18SV$F09.A0EVR$F09.A0EXA
5412,Glutenvrij brood licht,Gluten free bread light,A0691 A0818 B1324 C0208 E0147 F0014 G0005 H0120 H0221 H0259 H0753 J0001 M0001 N0001 P0024 P0174,A005S#F04.A011J$F04.A036V$F04.A037D$F04.A03DL$F04.A0 42R$F04.A049A$F04.A18SV$F09.A0EVR$F09.A0EXA
5413,Glutenvrij brood meerzaden,Gluten free bread multiseeds,A0691 A0818 B1324 C0208 E0147 F0014 G0005 H0120 H0221 H0259 H0333 H0753 J0001 M0001 N0001 P0024 P0174,A005R#F04.A011J$F04.A015F$F04.A036V$F04.A037D$F04.A0 3DL$F04.A042R$F04.A049A$F09.A0EVR$F09.A0EXA
5414,Glutenvrij brood zuurdesem,Gluten free bread sourdough,A0691 A0818 B1324 C0208 E0147 F0014 G0005 H0120 H0221 H0259 H0752 H0753 J0001 M0001 N0001 P0024 P0174,A005R#F04.A002R$F04.A015F$F04.A037D$F04.A03DL$F04.A 042R$F04.A049A$F04.A18SV$F09.A0EVR$F09.A0EXA
5415,Kruiden tuin- vers gem,Herbs green fresh av,A0705 A0857 B1179 C0144 E0150 F0003 G0003 H0151 J0003 K0003 M0001 N0001 P0024,A04MA#F04.A00VV$F04.A00XA$F04.A00XB$F04.A00XD$F04. A00XZ$F04.A00YE$F26.A07XD
5416,Margarineproduct 45% vet <17 g verz vetz ongezouten,Margarine product 45% fat <17g sat fa unsalted,A0701 A0807 B1017 C0190 E0119 F0014 G0003 H0174 H0194 H0213 H0214 H0221 H0306 J0100 K0003 M0172 N0001 P0024 P0078 R0001 Z0203,A039E#F07.A074L$F09.A0EXM$F09.A0EXZ$F10.A0CQE
5417,Gnocchi gekookt,Gnocchi cooked,A0706 A0830 C0240 E0105 F0014 G0015 H0138 H0146 H0259 H0319 J0001 K0003 M0001 N0001 P0024,A008D#F28.A07GL
5418,Gnocchi onbereid,Gnocchi unprepared,A0706 A0830 C0240 E0105 F0014 G0003 H0138 H0146 H0259 H0319 J0001 K0003 M0001 N0001 P0024,A008D#F04.A003X$F04.A00ZX$F04.A042P$F28.A07HS
5420,Limonade vruchten- m suiker en zoetstof 7-9 g KH,Juice drink w sugar and sweetener 7-9 g CHO,A0709 A0843 B1217 C0005 E0123 F0001 G0003 H0108 H0136 H0227 H0362 J0001 K0003 M0194 N0001 P0024,A03EA#F08.A046M$F10.A077J
5421,Halvarineproduct Albert Heijn light,Low fat margarine Albert Heijn light,A0701 A0807 B1017 C0190 E0119 F0014 G0003 H0174 H0194 H0213 H0214 H0217 H0221 H0306 H0309 H0310 H0761 H0771 H0772 J0100 K0003 M0172 N0001 P0024 Z0202,A039E#F09.A0EXL$F09.A0EXM$F09.A0EXP$F09.A0EXQ$F09.A 0EXS$F09.A0EXX$F09.A0EXY$F09.A0EXZ$F10.A077B
5422,Halvarineproduct Albert Heijn Goed Begin,Low fat margarine Albert Heijn Goed Begin,A0701 A0807 B1017 C0190 E0119 F0014 G0003 H0162 H0173 H0174 H0194 H0213 H0214 H0217 H0221 H0306 H0309 H0310 H0771 H0772 J0100 K0003 M0172 N0001 P0024 Z0202,A039E#F09.A0EXH$F09.A0EXL$F09.A0EXM$F09.A0EXP$F09.A 0EXS$F09.A0EXX$F09.A0EXY$F09.A0EXZ$F10.A077B
5423,Halvarineproduct Jumbo Goed Begin,Low fat margarine Jumbo Goed Begin,A0701 A0807 B1017 C0190 E0119 F0014 G0003 H0162 H0173 H0174 H0194 H0213 H0214 H0221 H0306 H0309 H0310 H0761 H0771 H0772 J0100 K0003 M0172 N0001 P0024 Z0202,A039E#F09.A0EXH$F09.A0EXL$F09.A0EXM$F09.A0EXP$F09.A 0EXQ$F09.A0EXS$F09.A0EXX$F09.A0EXY$F09.A0EXZ$F10.A0 77B
5424,Halvarine Jumbo,Low fat margarine Jumbo,A0701 A0807 B1017 C0190 E0119 F0014 G0003 H0173 H0174 H0194 H0213 H0214 H0221 H0306 H0309 H0310 H0761 H0771 H0772 J0100 K0003 M0172 N0001 P0024 R0001 Z0203,A039E#F09.A0EXM$F09.A0EXP$F09.A0EXQ$F09.A0EXS$F09.A 0EXX$F09.A0EXY$F09.A0EXZ$F10.A077B
5425,Smeltjus bereid,Gravy Smeltjus prepared,A0722 A0862 B1017 C0190 E0119 F0014 G0018 H0117 H0138 H0148 H0174 H0221 H0306 H0367 J0001 K0003 M0003 N0001 P0024,A043Z#F04.A03DL$F04.A043Z$F28.A07MR
5427,Drink haver- z suiker verrijkt m calcium en vitamines,Drink oat wo sugar fortified w calcium and vitamins,A0709 A0788 B4319 C0208 E0123 F0014 G0003 H0162 H0214 H0237 H0263 H0310 H0367 H0772 J0001 K0003 M0001 N0001 P0024 P0199,A03TL#F09.A0EXH$F09.A0EXM$F09.A0EXP$F09.A0EXX$F10.A 077K
5428,Bonen bruine blik/glas geen zout toegevoegd,Beans brown canned/glass no salt added,A0704 A0831 B1999 C0133 E0150 F0014 G0003 H0138 H0259 J0116 J0123 K0017 M0194 N0001 P0024 R0001 Z0288,A01BB#F10.A0CQE
5429,Linzen blik/glas geen zout toegevoegd,Lentils canned/glass no salt added,A0704 A0831 B1268 C0133 E0150 F0014 G0014 H0138 H0259 J0116 J0123 K0017 M0194 N0001 P0024 R0001,A01BD#F10.A0CQE
5430,Erwten kikker- blik/glas geen zout toegevoegd,Peas chick canned/glass no salt added,A0704 A0831 B1172 C0133 E0150 F0014 G0003 H0138 H0259 J0116 K0017 M0194 N0001 P0024 R0001 Z0001,A01BE#F10.A0CQE
5431,Bonen kidney- rode blik/glas geen zout toegevoegd,Beans kidney red canned/glass no salt added,A0704 A0831 B1659 C0133 E0150 F0014 G0015 H0138 H0259 J0116 J0123 K0017 M0194 N0001 P0024 R0001 Z0284,A01BB#F10.A0CQE$F27.A0BAL
5432,Pizza m mozzarella Margherita,Pizza w mozzarella Margherita,A0691 A0822 B1312 C0208 E0105 F0018 G0005 H0143 H0173 H0227 H0350 J0142 K0003 M0001 N0001 P0024,A03ZP#F04.A008H$F04.A00ZD$F04.A02QJ$F04.A02SV$F04.A 036N$F04.A042P$F04.A0DMX
5437,Pizza quattro formaggi,Pizza quattro formaggi,A0691 A0822 B1312 C0208 E0105 F0018 G0005 H0143 H0173 H0227 H0350 J0142 K0003 M0001 N0001 P0024,A03ZP#F04.A008H$F04.A00ZD$F04.A00ZF$F04.A02ML$F04.A 02QJ$F04.A02SV$F04.A02ZH$F04.A030H$F04.A036N$F04.A0 42P
5440,Peulvruchten gem gekookt,Pulses average boiled,A0704 A0831 B1156 C0133 E0150 F0014 G0015 H0138 H0259 J0116 K0003 M0001 N0001 P0024 P0078 R0001,A012R#F04.A012T$F04.A012V$F04.A013D$F04.A013J$F04.A 013K$F04.A013M$F04.A013Q$F04.A0DBM$F28.A07GL
5445,Zuigelingenvoeding Nestle Little steps 1 p 100ml,Infant formula Nestle Little steps 1 p 100ml,A0723 A0873 B1201 C0113 E0123 F0014 G0003 H0138 H0141 H0148 H0159 H0163 H0194 H0301 J0116 K0003 M0001 N0001 P0263,A03QF
5446,Opvolgmelk Nestle Little steps 2 p 100ml,Toddler formula Nestle Little steps 2 p 100ml,A0723 A0873 B1201 C0113 E0123 F0014 G0003 H0138 H0141 H0148 H0159 H0163 H0194 H0301 J0116 K0003 M0001 N0001 P0191,A03QR
5447,Dreumesmelk Nestle Little steps 3 p 100ml,Toddler formula Nestle Little steps 3 p 100ml,A0723 A0873 B1201 C0113 E0123 F0014 G0003 H0138 H0141 H0148 H0159 H0163 H0194 H0301 J0116 K0003 M0001 N0001 P0192,A03QR
5448,Groente hutspot- rauw,Vegetables mixed carrot-onion raw,A0705 A0825 B1227 C0240 E0152 F0003 G0003 H0349 J0001 K0003 M0001 N0001 P0024,A00QH#F04.A00HC$F04.A00QH
5449,Groente hutspot- gekookt,Vegetables mixed carrot-onion boiled,A0705 A0825 B1227 C0240 E0152 F0014 G0015 H0349 J0001 K0003 M0001 N0001 P0024,A00QH#F04.A00HC$F04.A00QH$F28.A07GL
5450,Groente roerbakmix Mexicaanse rauw,Vegetables for stir-frying Mexican raw,A0705 A0825 B1057 C0150 E0152 F0003 G0003 H0003 J0001 K0003 M0001 N0001 P0024,A16GB#F04.A00GC$F04.A00JA$F04.A00PG$F04.A00SB$F04.A 00ZP$F04.A01BB
5451,Groente roerbakmix Mexicaanse gekookt,Vegetables for stir-frying Mexican boiled,A0705 A0825 B1057 C0150 E0152 F0014 G0015 H0003 J0001 K0003 M0001 N0001 P0024,A03YE#F04.A00GC$F04.A00JA$F04.A00PG$F04.A00SB$F04.A 00ZP$F04.A01BB
5456,Taco m gehakt en bonen,Taco w minced meat and beans,A0722 A1203 B1232 C0155 E0136 F0014 G0001 H0212 H0229 H0263 H0350 H0763 J0001 K0003 M0001 N0001 P0024,A18PS#F04.A00FD$F04.A00HR$F04.A00KZ$F04.A01BB$F04.A 036N$F04.A042Y$F04.A049S
5457,Burrito m gehakt,Burrito w minced meat,A0722 A1203 B1312 C0208 E0140 F0014 G0005 G0028 H0117 H0143 H0212 H0227 H0263 H0349 H0367 H0763 J0001 K0003 M0001 N0001 P0024,A18PS#F04.A006V$F04.A00JA$F04.A00ZP$F04.A02NC$F04.A 02SV$F04.A036N$F04.A03DL$F04.A042Y$F04.A049S$F04.A1 6GK
5458,Lasagne groenten- koelverse maaltijd,Lasagna w vegetables ready-to-eat,A0722 A0861 B1079 C0208 E0105 F0014 G0005 G0030 H0143 H0151 H0212 H0227 H0367 J0131 K0003 M0001 N0001 P0024,A040P#F04.A007E$F04.A00HC$F04.A00JA$F04.A00JD$F04.A0 0JR$F04.A00RY$F04.A02SV$F04.A036N$F04.A042P$F04.A043 V$F04.A044C$F22.A07SH$F28.A07KP
5459,Ui rode rauw,Onion red raw,A0705 A0825 B1300 C0240 E0150 F0003 G0003 H0003 J0001 K0003 M0001 N0001 P0024,A00HC
5460,Broodje cheeseburger kant-en-klaar,Cheeseburger ready-to-eat,A0722 A1203 B1161 C0268 E0105 F0014 G0004 H0143 H0200 H0207 H0212 H0227 H0319 H0349 H0367 J0001 K0003 M0001 P0024,A03ZL#F04.A004Y$F04.A00HC$F04.A00ZJ$F04.A02YK$F04.A0 3XF$F04.A044G$F04.A044P$F22.A07SH
5461,Ui rode gekookt,Onion red boiled,A0705 A0825 B1300 C0240 E0151 F0014 G0015 H0001 J0001 K0003 M0001 N0001 P0024 P0078,A00HC#F28.A07GL
5462,Wafel mais- naturel m zout,Corn cakes puffed plain w salt,A0695 A0821 B1232 C0208 E0140 F0014 G0009 H0138 H0173 J0116 K0003 M0166 N0036 P0024,A006L#F10.A0CJK
5463,Drink haver- z suiker,Drink oat wo sugar,A0709 A0788 B4319 C0208 E0123 F0014 G0003 H0237 H0263 H0367 J0001 K0003 M0001 N0001 P0024 P0199,A03TL#F10.A077K
5464,Drink amandel- z suiker,Drink almond unsweetened,A0709 A0788 B1272 C0155 E0123 F0001 G0003 H0148 H0227 H0263 H0367 J0001 K0003 M0001 N0001 P0024 P0199,A03TK#F10.A077K
5465,Plantaardig alternatief voor Goudse kaas obv kokosolie,Plant-based alternative to Gouda cheese based on coconut oil,A0722 A0788 B1536 C0190 E0147 F0001 G0003 H0117 H0146 H0148 H0279 H0367 J0001 K0003 M0001 N0001 P0024 P0199,A03TY#F04.A037M$F26.A07XE
5466,Plantaardig alternatief voor Goudse kaas obv kokosolie verrijkt m Ca en Vit B12,Plant-based alternative to Gouda cheese based on coconut oil fortified w Ca and Vit B12,A0722 A0788 B1536 C0190 E0147 F0001 G0003 H0117 H0146 H0148 H0162 H0279 H0367 H0772 J0001 K0003 M0001 N0001 P0024 P0199,A03TY#F04.A037M$F09.A0EXH$F09.A0EXP$F26.A07XE
5467,Hummus m groente,Hummus w vegetables,A0152 A0862 B1172 C0133 E0144 F0014 G0001 H0151 H0200 H0212 H0263 H0333 H0350 H0367 J0001 K0003 M0001 N0001 P0024 R0001 Z0001,A03VN#F04.A00GZ$F04.A00KH$F04.A00QG$F04.A00ZG$F04. A013M$F04.A01BM$F04.A032J$F04.A036N$F04.A03DL$F04. A042P
5468,Soepstengel volkoren,Breadsticks wholemeal,A0691 A0818 B1312 C0133 E0147 F0014 G0010 H0152 H0256 H0259 H0341 H0753 J0003 K0003 M0001 N0001 P0024,A005Y
5469,Saus sate- geconcentreerd,Peanut sauce concentrate,A0722 A0862 B1337 C0112 E0135 F0014 G0014 H0138 H0146 H0151 H0158 H0263 H0367 J0116 K0003 M0172 N0036 P0024,A043V#F04.A002R$F04.A015H$F04.A032J$F04.A036N$F04.A 03DL$F04.A042P$F04.A044L$F04.A044R$F22.A07SH$F26.A0 7XE$F28.A07KF
5470,Saus soja-,Soy sauce,A0722 A0862 B1452 C0155 E0123 F0014 G0003 H0102 H0148 H0227 H0319 H0367 J0001 K0003 M0130 N0040 P0024,A044R
5471,Saus wok- teriyaki,Wok sauce teriyaki,A0722 A0862 B1452 C0155 E0123 F0014 G0003 H0102 H0148 H0158 H0227 H0319 H0367 J0120 K0003 M0001 N0001 P0024,A044T
5473,Zoutje luchtig aardappelbasis,Cocktail snacks based on potatoes,A0722 A0868 B1218 C0308 E0147 F0014 G0025 H0173 H0227 H0263 H0352 J0001 K0003 M0197 N0051 P0024,A011T
5474,Drink kokos- m suiker verrijkt m calcium en vitamines,Drink coconut w sugar fortified w calcium and vitamins,A0709 A0788 B1536 C0214 E0123 F0014 G0003 H0148 H0158 H0162 H0214 H0772 J0123 K0003 M0001 N0001 P0024 P0199,A03TH#F04.A01BK$F04.A032J$F04.A03DL$F09.A0EXH$F09.A 0EXM$F09.A0EXP$F10.A077J$F26.A07XE
5475,Kipschnitzel krokant rauw,Chicken schnitzel breaded w corn flakes raw,A0715 A0795 B1457 C0268 E0150 F0003 G0003 H0188 H0205 H0319 H0320 J0001 K0003 M0001 N0001 P0024 Z0018,A04DS#F04.A003X$F04.A00DD$F04.A01SP$F04.A02PL$F04.A 036N$F04.A03DL$F04.A042P$F28.A07HK
5478,Worst boterham- vegetarisch,Sausage luncheon meat vegetarian,A0722 A0800 B1452 C0208 E0147 F0001 G0003 H0148 H0164 H0221 H0229 H0319 J0120 K0003 M0001 N0003 P0024 P0199,A03TE#F26.A07XD
5479,Pate/smeerworst vegetarisch obv soja/erwt,Pate vegetarian based on soya/pea,A0722 A0800 B1452 C0208 E0119 F0001 G0003 H0146 H0148 H0164 H0229 H0263 J0120 K0003 M0001 N0001 P0024 P0199,A03TE#F26.A07XE$F27.A012G$F27.A0DBM
5482,Wrap/tortilla obv tarwe volkoren,Wrap/tortilla wheat wholemeal,A0691 A0817 B1312 C0133 E0140 F0014 G0008 H0117 J0003 K0003 M0003 N0003 P0024 R0001 Z0001,A006V#F04.A004B$F04.A036N$F04.A03DL$F04.A042P
5485,Reepjes/stukjes vegetarisch obv soja/tarwe onbereid,Pieces/chunks vegetarian based on soya/wheat unprepared,A0722 A0800 B1452 C0208 E0140 F0001 G0003 H0164 H0221 H0229 H0319 J0120 K0003 M0001 N0001 P0024 P0199,A03TE#F26.A07XE$F27.A001N$F27.A0DBM
5489,Margarineproduct Becel Romig 60% vet,Margarine product Becel Romig 60% fat,A0701 A0807 B1017 C0190 E0119 F0014 G0003 H0173 H0174 H0194 H0213 H0214 H0221 H0306 H0309 H0310 H0761 H0771 H0772 J0100 K0003 M0172 N0001 P0024 R0001 Z0200,A039E#F07.A075D$F09.A0EXM$F09.A0EXP$F09.A0EXQ$F09. A0EXS$F09.A0EXX$F09.A0EXY$F09.A0EXZ
5490,Halvarineproduct 20% vet <10g verz vetz gezouten,Low fat margarine product 20% fat <10g sat salted,A0701 A0807 B1017 C0190 E0119 F0014 G0003 H0173 H0174 H0194 H0213 H0214 H0221 H0306 J0100 K0003 M0172 N0001 P0024 Z0203,A039E#F07.A073H$F09.A0EXM$F09.A0EXZ$F10.A0CJK
5491,Muesli krokante m fruit verrijkt m vezel,Muesli crunchy w fruit fortified w fibre,A0692 A0816 B1219 C0133 E0147 F0014 G0003 H0120 H0138 H0158 H0239 H0263 H0319 H0364 J0116 K0003 M0155 M0420 N0001 P0024,A00EL#F04.A01MA$F04.A032H$F09.A0EVR
5493,Asperge groene gekookt,Asparagus green boiled,A0705 A0825 B1604 C0186 E0151 F0014 G0015 H0003 J0001 K0003 M0001 N0001 P0024 R0001 Z0001,A00RT#F28.A07GL
5494,Noten gemengd m cranberry ongezouten,Nuts mixed w cranberry unsalted,A0703 A0823 B1213 C0155 E0150 F0001 G0003 H0364 J0001 K0003 M0001 N0001 P0024,A014C#F04.A014F$F04.A014H$F04.A014L$F04.A014M$F04.A 014N$F04.A014R$F04.A01MA$F04.A01ME$F04.A036N$F10. A0CQE
5495,Muesli krokante m noten verrijkt m vezel,Muesli crunchy w nuts fortified w fibre,A0692 A0816 B1219 C0133 E0147 F0014 G0003 H0120 H0138 H0158 H0177 H0239 H0263 H0319 H0364 J0116 K0003 M0155 M0420 N0001 P0024,A00EL#F04.A00EL$F04.A014C$F09.A0EVR
5496,Muesli krokante m chocolade verrijkt m vezel,Muesli crunchy w chocolate fortified w fibre,A0692 A0816 B1219 C0133 E0147 F0014 G0003 H0120 H0138 H0158 H0231 H0239 H0263 H0319 H0364 J0116 K0003 M0155 M0420 N0001 P0024,A00EL#F04.A00EL$F04.A034J$F09.A0EVR
5497,Kokos geraspt gedroogd,"Coconut grated, dried",A0260 A0824 B1536 C0132 E0100 F0001 G0003 H0138 J0116 K0003 M0001 N0001 P0024,A014K#F03.A06JC$F28.A07KE
5498,Seroendeng,Seroendeng,A0260 A0824 B1536 C0132 E0100 F0001 G0003 H0124 H0138 H0229 H0361 J0116 K0003 M0001 N0001 P0024,A06HL#F04.A00GZ$F04.A00XR$F04.A014K$F04.A015H$F04.A 018E$F04.A019L$F04.A032N$F04.A042P$F26.A07XE
5499,Bouillon geconcentreerd m groente of vlees pot,Stock concentrated w vegetables or meat pot,A0722 A0856 B1347 C0170 E0147 F0014 G0003 H0117 H0138 H0173 H0259 J0153 K0003 M0130 N0001 P0024 R0001 Z0001,A041L#F02.A06GY$F10.A07VP$F28.A07KF
5505,Peulvruchten gem gedroogd,Pulses average dried,A0704 A0831 B1156 C0133 E0150 F0003 G0003 H0138 J0116 K0003 M0001 N0001 P0024 R0001,A012R#F04.A012T$F04.A012V$F04.A013J$F04.A013K$F04.A0 13N$F04.A013Q$F04.A0DBM
5507,Eiwitreep m pinda,Protein bar w peanut,A0703 A0824 B1337 C0132 E0122 F0001 G0003 H0152 H0164 H0231 H0757 J0001 K0003 M0001 N0001 P0024,A00FA
5508,Eiwitreep m chocola m zoetstof,Protein bar w chocolate and sweetener,A0699 A0839 B1318 C0134 E0147 F0014 H0108 H0164 H0184 J0001 K0003 M0001 N0003 P0024,A00FA
5509,Saus wok- zoetzure,Wok sauce sweet and sour,A0722 A0862 B1012 C0108 E0139 F0014 G0003 H0148 H0200 H0229 H0350 H0367 J0120 K0003 M0001 N0001 P0024,A16EY
5510,Koek ontbijt- verrijkt m vezel,Cake Dutch spiced Ontbijtkoek fortified w fibre,A0695 A0821 B1313 C0208 E0147 F0014 G0005 H0120 H0136 H0151 H0751 J0001 K0003 M0001 N0001 P0024 P0276,A00CS#F09.A0EVR$F10.A0F6C
5511,Graanreep Sultana Good Morning,Cereal bar Sultana Good Morning,A0695 A0821 B1219 C0133 E0147 F0001 G0003 H0138 H0152 H0158 H0181 H0214 H0239 H0309 H0310 H0311 H0364 H0771 H0772 J0116 K0003 M0001 N0001 P0024,A00EY#F09.A0EXD$F09.A0EXM$F09.A0EXP$F09.A0EXS$F09.A 0EXV$F09.A0EXX$F09.A0EXY$F26.A07XD
5512,Mueslireep verrijkt m vezel,Muesli bar fortified w fibre,A0695 A0821 B1219 C0133 E0147 F0014 G0003 H0120 H0138 H0149 H0158 H0239 H0319 H0364 J0116 K0003 M0211 N0001 P0024,A00EY#F09.A0EVR$F26.A07XD
5513,Biscuit fruit- verrijkt m vezel,Biscuit fruit fortified w fibre,A0695 A0821 B1312 C0208 E0147 F0022 G0005 H0120 H0147 H0158 H0319 J0001 K0003 M0003 N0001 P0024,A00AE#F04.A01MA$F09.A0EVR
5514,"Biscuit meergranen- diverse smaken verrijkt m vezel, vit en min","Biscuit multigrain several flavours fortified w fibre, vit and min",A0695 A0821 B1312 C0208 E0140 F0014 G0005 H0158 H0162 H0181 H0263 H0280 H0364 H0367 H0771 J0001 K0003 M0128 N0036 P0024,A00AA#F04.A01MA$F09.A0EVR$F09.A0EXD$F09.A0EXH$F09. A0EXS
5515,Groenteballetjes/-burgers vegetarisch obv soja onbereid verrijkt m ijzer en vit B12,Vegetable balls/burgers vegetarian based on soya unprepared fortified w iron and vit B12,A0722 A0800 B1452 C0208 E0147 F0001 G0003 H0164 H0181 H0212 H0221 H0229 H0772 J0120 K0003 M0001 N0001 P0024 P0199,A03TF#F04.A00GX$F04.A00HN$F04.A00PC$F04.A00QF$F04. A00RR$F09.A0EXD$F09.A0EXP$F26.A07XE
5516,Kaas komijne- 48+ gem,Cheese w cumin 48+ average,A0720 A0784 B1201 C0245 E0151 F0001 G0003 H0229 H0247 H0253 H0317 H0328 J0104 J0131 J0151 K0003 M0001 N0001 P0024 R0315 Z0196,A030Z#F04.A018E$F04.A02VA
5517,Meel Johannesbroodpit-,Locust bean gum,A0693 A0813 B3132 C0155 E0106 F0001 G0003 H0138 J0116 M0001 N0001 P0024,A047X
5518,Couscous volkoren rauw,Couscous wholemael unprepared,A0696 A0822 B1079 C0155 E0147 F0003 G0003 H0138 J0116 K0003 M0001 N0001 P0024,A008C#F28.A07HS
5519,Tofu onbereid,Tofu unprepared,A0704 A0831 B1452 C0133 E0147 F0001 G0003 H0130 J0001 K0017 M0172 M0208 N0001 P0024,A03TT
5522,Knolraap rauw,Turnip raw,A0705 A0826 B1238 C0239 E0150 F0003 G0003 H0003 J0003 K0003 M0001 N0001 P0024,A00RE
5523,Knolraap gekookt,Turnip boiled,A0705 A0826 B1238 C0239 E0150 F0003 G0015 H0003 J0003 K0003 M0001 N0001 P0024,A00RE#F28.A07GL
5524,Varkensvlees gem rauw,Pork av raw,A0714 A0794 B1136 C0270 E0152 F0003 G0003 H0003 J0001 K0003 M0001 N0001 P0024 Z0047,A01RG#F04.A01RG$F04.A022X$F04.A024N$F04.A03VV$F04. A04AC
5527,Vis mager <5 g vet gem bereid in magnetron z toevoegingen,Fish lean <5 g fat average prepared in microwave oven no ingredients added,A0717 A0801 B1222 C0268 E0150 F0003 G0011 H0003 J0001 K0003 M0001 N0001 P0024,A026V#F04.A027N$F04.A029Z$F04.A02AS$F04.A02AT$F04.A 02BC$F04.A02BF$F04.A02BV$F04.A02CA$F04.A02CE$F04.A0 2CG$F04.A0F8N$F26.A07XD$F28.A0BA1
5530,Saus bolognese- huishoudelijk bereid,Sauce bolognese homemade,A0722 A0862 B1276 C0167 E0149 F0014 G0014 H0191 H0212 H0341 J0001 K0003 M0130 N0040 P0024 Z0109,A044C#F04.A00HC$F04.A00JA$F04.A00QH$F04.A00RY$F04.A 036P$F04.A044C$F04.A049S$F22.A07SS
5531,Spaghetti bolognese m kaas huishoudelijk bereid,Spaghetti bolgonese w cheese homemade,A0722 A1204 B1079 C0208 E0105 F0014 G0016 H0143 H0191 H0212 H0229 H0341 H0350 J0001 K0003 M0001 N0001 P0024 Z0109,A0CDQ#F04.A007E$F04.A02VA$F04.A02ZH$F04.A044C$F22. A07SS
5532,"Salade maaltijd- m kip, pasta en dressing","Salad dish w chicken, pasta and dressing",A0722 A0866 B1390 C0151 E0150 F0003 G0003 H0212 H0319 H0766 J0001 K0003 M0001 N0001 P0024,A042H#F04.A007E$F04.A00GC$F04.A00JM$F04.A00QH$F04. A023X$F04.A044R$F04.A045K$F04.A0DLB
5533,Salade aardappel-,Salad potato,A0722 A0866 B1218 C0005 E0134 F0023 G0003 H0146 H0148 H0158 H0185 H0229 H0263 H0349 J0001 K0001 M0001 N0001 P0024,A03VG#F04.A00HC$F04.A00ZT$F04.A042P$F04.A045K
5534,Tosti ham-kaas v bruin/volkoren brood,Toasted ham-cheese sandwich w brown/wholemeal bread,A0722 A1203 B1312 C0135 E0147 F0014 G0010 H0143 H0152 H0221 H0256 H0259 H0753 H0765 J0001 K0003 M0001 N0001 P0024,A03ZB#F04.A005E$F04.A023K$F04.A02VA$F04.A039E
5537,Pepers in zuur in blik/glas,Peppers pickled canned/glass,A0705 A0825 B1250 C0140 E0150 F0014 G0003 H0151 H0190 H0200 J0001 K0029 M0001 N0001 P0024 R0001,A00ZJ#F04.A03DL$F04.A042P$F04.A0DMM$F26.A07XE$F27. A00JB
5538,Kwark magere lactosevrij,Quark low fat lactose-free,A0721 A0783 B1201 C0245 E0119 F0018 G0003 H0247 H0253 H0295 H0328 J0131 J0135 K0003 M0001 N0001 P0024 Z0181,A02QK#F10.A077H$F10.A0CQD
5539,Couscous volkoren gekookt,Couscous wholemeal boiled,A0696 A0822 B1079 C0155 E0147 F0014 G0036 H0138 J0116 K0003 M0001 N0001 P0024,A008C#F04.A008C$F04.A03DL$F28.A07GL
5540,Strooigoed,Biscuit spiced with candy mix,A0695 A0821 B1312 C0208 E0147 F0014 G0005 H0151 H0158 H0221 H0361 J0003 K0003 M0001 N0001 P0024,A00AD#F04.A00AD$F04.A035H$F04.A0EQP
5542,Drink soja- vruchten/vanille m suiker verrijkt m calcium en vitamines,Drink soya  fruit/vanilla w sugar fortified w calcium and vitamins,A0709 A0788 B1452 C0158 E0139 F0001 G0003 H0136 H0214 H0227 H0310 H0362 H0456 H0772 J0001 K0003 M0001 N0001 P0024 P0199,A03TJ#F04.A047B$F09.A0EXH$F09.A0EXM$F09.A0EXP$F09.A 0EXX$F10.A077J
5543,Drink kokos- z suiker,Drink coconut wo sugar,A0709 A0788 B1536 C0214 E0123 F0014 G0003 H0148 J0123 K0003 M0001 N0001 P0024 P0199,A03TH#F04.A014K$F10.A077K$F26.A07XE
5544,Jackfruit in water blik,Jackfruit in water canned,A0143 A0834 A1279 B1545 C0229 E0151 F0001 G0003 J0001 K0017 M0151 N0041 P0024 R0001,A01NN#F26.A07XE$F27.A01LR
5545,Plantaardig alternatief voor yoghurt obv kokos z suiker,Plant-based alternative to yoghurt based on coconut unsweetened,A0722 A0788 B1536 C0214 E0103 F0018 G0003 H0101 H0247 H0306 J0131 J0135 K0003 M0001 N0001 P0024 P0199,A03TZ#F04.A014K$F10.A077K$F26.A07XE
5546,Tofureepjes/-blokjes gekruid onbereid,Tofu pieces/chunks seasoned unprepared,A0704 A0831 B1452 C0133 E0147 F0001 G0003 H0130 H0148 H0151 H0263 H0367 J0001 K0017 M0172 M0208 N0001 P0024,A03TT
5547,Falafel onbereid,Falafel unprepared,A0704 A0831 B1172 C0133 E0106 F0018 G0001 H0212 H0227 H0259 H0263 J0001 K0003 M0001 N0001 P0024,A01BE#F04.A04MA
5548,Kaasschnitzel vegetarisch onbereid,Cheese schnitzel vegetarian unprepared,A0720 A0787 B1201 C0245 E0140 F0001 G0003 H0130 H0188 H0253 H0319 H0328 J0120 K0003 M0001 N0001 P0024 P0199,A02ST#F26.A07XD$F28.A07HK
5549,Balletjes/burgers vegetarisch obv soja/tarwe onbereid,Meatballs/burgers vegetarian based on soya/wheat unprepared,A0722 A0800 B1452 C0208 E0147 F0001 G0003 H0164 H0205 H0221 H0229 H0319 J0120 K0003 M0001 N0001 P0024 P0199,A03TE#F26.A07XE$F27.A001N$F27.A0DBM
5550,Vissticks vegetarisch obv rijst/tarwe onbereid,Fish fingers vegetarian based on rice/wheat unprepared,A0722 A0800 B1322 C0208 E0147 F0014 G0003 H0164 H0188 H0221 H0229 H0319 J0120 K0003 M0001 N0001 P0024 P0199,A03TE#F09.A0EVR$F26.A07XE$F28.A07HK
5551,Balletjes/burgers vegetarisch obv soja/tarwe onbereid verrijkt m ijzer en vit B12,Meatballs/burgers vegetarian based on soya/wheat unprepared fortified w iron and vit B12,A0722 A0800 B1452 C0208 E0147 F0001 G0003 H0164 H0181 H0205 H0221 H0229 H0319 H0772 J0120 K0003 M0001 N0001 P0024 P0199,A03TE#F09.A0EXD$F09.A0EXP$F26.A07XE$F27.A001N$F27.A 0DBM
5552,Balletjes/burgers vegetarisch obv erwt onbereid,Meatballs/burgers vegetarian based on pea unprepared,A0722 A0800 B1338 C0208 E0147 F0001 G0003 H0164 H0221 H0229 J0120 K0003 M0001 N0001 P0024 P0199,A03TE#F26.A07XE$F27.A012G
5553,Groenteballetjes/-burgers vegetarisch obv soja onbereid,Vegetable balls/burgers vegetarian based on soya unprepared,A0722 A0800 B1452 C0208 E0147 F0001 G0003 H0164 H0212 H0221 H0229 J0120 K0003 M0001 N0001 P0024 P0199,A03TF#F04.A00GX$F04.A00HN$F04.A00PC$F04.A00QF$F04. A00RR$F26.A07XE
5554,Reepjes/stukjes vegetarisch obv soja/tarwe onbereid verrijkt m ijzer en vit B12,Pieces/chunks vegetarian based on soya/wheat unprepared fortified w iron and vit B12,A0722 A0800 B1452 C0208 E0140 F0001 G0003 H0164 H0181 H0205 H0221 H0229 H0319 H0772 J0120 K0003 M0001 N0001 P0024 P0199,A03TE#F09.A0EXD$F09.A0EXP$F26.A07XE$F27.A001N$F27.A 0DBM
5555,Nuggets vegetarisch obv tarwe/erwt diepvries onbereid,Nuggets vegetarian based on wheat/pea frozen unprepared,A0722 A0800 B1312 C0208 E0147 F0014 G0003 H0164 H0188 H0205 H0221 H0229 H0320 J0120 K0003 M0001 N0001 P0024 P0199,A040C#F04.A03TE$F09.A0EVR$F26.A07XE$F28.A07HS$F28.A 07KQ
5556,Filet americain vegetarisch obv melk verrijkt m ijzer,Filet americain vegetarian based on milk fortified w iron,A0722 A0800 B1201 C0245 E0119 F0001 G0003 H0146 H0164 H0181 H0227 H0263 H0350 J0120 K0003 M0001 N0001 P0024 P0199,A03TE#F09.A0EXD$F26.A07XE$F27.A02LV
5557,Kroket oven- vegetarisch diepvries onbereid,Croquette oven vegetarian frozen unprepared,A0722 A0800 B1312 C0208 E0147 F0014 G0003 H0148 H0188 H0205 H0221 H0229 J0136 K0003 M0001 N0001 P0024 P0199,A040C#F04.A0F1N$F26.A07XD$F28.A07HK$F28.A07HS$F28.A 07KQ
5558,Dextrose tabletten niet verrijkt,Dextrose tablets non-fortified,A0697 A0835 B1347 C0222 E0153 F0001 G0003 H0138 J0116 K0003 M0001 N0001 P0024,A032V
5559,Rempejek pindakoekje,Rempejek peanut biscuit,A0722 A0868 B1337 C0132 E0150 F0014 G0005 H0263 H0319 J0120 K0003 M0001 N0001 P0024,A06HL#F04.A003X$F04.A015H$F04.A032J$F04.A037D$F04.A 03DL$F04.A042P$F26.A07XE
5560,Bitterbal bereid m vloeibaar frituurvet,Croquette Dutch Bitterbal deep-fried in liquid fat,A0714 A0868 B1201 C0103 E0151 F0018 G0029 H0152 H0188 H0367 J0001 K0003 M0001 N0001 P0024,A040C#F04.A039J$F04.A040C$F26.A07XE$F28.A07GV$F28.A 07HK
5561,Gehakt rul vegetarisch obv soja onbereid verrijkt m ijzer en vit B12,Minced meat vegetarian based on soya unprepared fortified w iron and vit B12,A0722 A0800 B1452 C0208 E0140 F0001 G0003 H0164 H0181 H0221 H0229 H0772 J0120 K0003 M0001 N0001 P0024 P0199,A03TF#F09.A0EXD$F09.A0EXP
5562,Margarine 80% vet >24 g verz vetz gezouten in NEVO recepten,Margarine 80% fat >24 g sat fatty acids salted for NEVO recipes,A0701 A0807 B1017 C0190 E0119 F0014 G0003 H0173 H0174 H0194 H0213 H0214 H0221 H0306 J0100 K0003 M0159 M0172 N0001 P0024 Z0200,A039E#F04.A036V$F04.A037D$F04.A037M$F04.A037N$F04. A03DL$F07.A076B$F09.A0EXM$F09.A0EXZ$F10.A0CJK
5563,Worst braad- vegetarisch obv erwt onbereid,Sausage roast- vegetarian based on pea unprepared,A0722 A0800 B1338 C0208 E0147 F0001 G0003 H0164 H0221 H0229 J0120 K0003 M0001 N0001 P0024 P0199,A03TE#F26.A07XE$F27.A012G
5564,Worst braad- vegetarisch obv soja/tarwe onbereid verrijkt m ijzer en vit B12,Sausage roast- vegetarian based on soya/wheat unprepared fortified w iron and vit B12,A0722 A0800 B1452 C0208 E0147 F0001 G0003 H0164 H0181 H0205 H0221 H0229 H0319 H0772 J0120 K0003 M0001 N0001 P0024 P0199,A03TE#F09.A0EXD$F09.A0EXP$F26.A07XE$F27.A001N$F27.A 0DBM
5565,Schnitzel/burger vegetarisch obv melk onbereid verrijkt m ijzer,Schnitzel/burger vegetarian based on milk unprepared,A0722 A0800 B1201 C0245 E0147 F0001 G0001 H0181 H0188 H0205 H0227 H0263 H0319 K0003 M0001 N0001 P0024 P0199,A03TE#F09.A0EXD$F26.A07XE$F27.A02LV$F28.A07HK
5566,Burger vegetarisch gevuld m groente en kaas onbereid,Burger vegetarian filled w vegetables and cheese unprepared,A0722 A0800 B1201 C0245 E0147 F0001 G0003 H0130 H0164 H0188 H0212 H0221 H0229 H0253 H0319 H0328 J0120 K0003 M0001 N0001 P0024 P0199,A03TE#F04.A00GX$F04.A00HN$F04.A00PC$F04.A00QF$F04. A00RR$F04.A02ST$F26.A07XE$F28.A07HK
5567,Cracker luchtige volkoren,Crispbread light wholemeal,A0695 A0817 B1312 C0133 E0140 F0014 G0005 H0152 H0173 H0221 H0259 J0001 K0003 M0001 N0001 P0024,A005Y#F10.A06HR
5569,Plantaardig alternatief voor room obv haver,Plant-based alternative to cream based on oat,A0721 A0788 B4319 C0208 E0123 F0022 G0001 H0263 J0001 K0003 M0001 N0001 P0024 P0199,A03TR#F04.A000F$F26.A07XE
5571,Drink soja- chocolade m suiker verrijkt m calcium en vitamines,Drink soya chocolate w sugar fortified w calcium and vitamins,A0709 A0788 B1452 C0158 E0139 F0001 G0003 H0136 H0214 H0231 H0310 H0456 H0772 J0001 K0003 M0001 N0001 P0024 P0199,A03TJ#F04.A03HG$F04.A03TJ$F09.A0EXH$F09.A0EXM$F09.A 0EXX$F10.A077J
5572,Spekjes vegetarisch onbereid,Bacon vegetarian unprepared,A0722 A0800 B1452 C0208 E0140 F0001 G0003 H0164 H0221 H0228 H0229 J0120 K0003 M0001 N0001 P0024 P0199 Z0112,A03TE#F26.A07XD
5573,Tempeh onbereid,Tempeh unprepared,A0704 A0831 B1452 C0133 E0147 F0001 G0003 H0130 J0001 K0003 M0001 N0001 P0024,A16RC
5574,Bakmix voor oliebollen,Bakery mix for doughnuts Dutch style,A0693 A0813 B1312 C0208 E0106 F0003 G0003 H0146 H0152 H0173 H0749 H0753 J0001 K0003 M0148 N0039 P0024,A0CSK#F04.A003X$F04.A032J$F04.A049A$F26.A07XE
5575,Kaas 35+,Cheese 35+,A0720 A0784 B1201 C0245 E0151 F0001 G0003 H0150 H0247 H0253 H0328 J0104 J0131 J0151 K0003 M0001 N0001 P0024 R0315 Z0185,A02SV#F04.A02SV
5576,Bloem spelt-,Flour spelt,A0693 A0813 B2917 C0208 E0106 F0003 G0003 H0003 J0001 K0003 M0001 N0001 P0024,A004J
5577,Meel spelt- volkoren,Flour spelt wholemeal,A0693 A0813 B2917 C0133 E0106 F0003 G0003 H0003 J0001 K0003 M0001 N0001 P0024,A004L
5579,Meel amandel-,Flour almond,A0693 A0813 B1272 C0155 E0106 F0001 G0003 H0138 J0116 K0003 M0001 N0001 P0024,A0F0N#F27.A014D
5580,Meel tarwegries-,Semolina wheat,A0693 A0814 B1079 C0208 E0106 F0003 G0003 H0003 J0001 K0003 M0001 N0001 P0024,A004F#F10.A06HR
5581,Meel haver- volkoren,Flour oat wholemeal,A0693 A0813 B1219 C0155 E0106 F0001 G0003 H0138 J0116 K0003 M0001 N0001 P0024,A002Y#F10.A06HR
5582,Vlokken spelt-,Flakes spelt,A0692 A0814 B2917 C0133 E0150 F0014 G0003 H0239 H0259 J0001 K0003 M0001 N0001 P0024,A00EA
5583,Vlokken gerst-,Flakes barley,A0692 A0814 B1230 C0133 E0150 F0014 G0003 H0239 H0259 J0001 K0003 M0001 N0001 P0024,A00CY
5584,Meel rijst- volkoren,Flour rice wholemeal,A0693 A0813 B1322 C0155 E0106 F0001 G0003 H0138 J0116 K0003 M0001 N0001 P0024,A003F#F10.A06HR
5585,Bakmix voor pannenkoeken glutenvrij,Bakery mix for pancakes gluten free,A0693 A0813 B1047 C0132 E0106 F0003 G0003 H0138 H0146 H0152 H0367 H0750 J0003 K0003 M0155 N0039 P0024 P0174 R0001 Z0001,A0CSN#F10.A0B8L
5586,Meel kokos-,Flour coconut,A0693 A0813 B1536 C0155 E0106 F0001 G0003 H0138 J0116 K0003 M0001 N0001 P0024,A0F0N#F27.A014K
5587,Pannenkoek kant-en-klaar naturel,Pancake ready-to-eat plain,A0695 A1297 B1312 C0208 E0147 F0014 G0026 H0184 H0186 H0263 J0131 K0003 M0172 N0036 P0024,A00CL#F22.A07SH
5589,Poffertjes kant-en-klaar naturel,Dutch Poffertjes ready-to-eat plain,A0695 A1297 B1312 C0208 E0147 F0014 G0026 H0184 H0186 H0263 J0131 K0003 M0172 N0036 P0024,A00CL#F22.A07SH
5591,Wrap/tortilla obv tarwe en wortel,Wrap/tortilla wheat and carrot,A0691 A0817 B1312 C0208 E0140 F0014 G0008 H0117 H0212 J0003 K0003 M0003 N0003 P0024 R0001 Z0001,A006V#F04.A003X$F04.A00QH
5592,Muesli m fruit en noten,Muesli w fruit and nuts,A0692 A0816 B1219 C0133 E0147 F0014 G0003 H0138 H0158 H0239 H0319 H0364 H0757 J0116 K0003 M0155 N0001 P0024,A00EL#F04.A014C$F04.A01MA
5593,Muesli krokante naturel,Muesli crunchy plain,A0692 A0816 B1219 C0133 E0147 F0014 G0003 H0138 H0158 H0239 H0263 H0319 J0116 K0003 M0155 N0001 P0024,A00EL#F04.A032H
5594,Muesli krokante m fruit,Muesli crunchy w fruit,A0692 A0816 B1219 C0133 E0147 F0014 G0003 H0138 H0158 H0239 H0263 H0319 H0364 J0116 K0003 M0155 N0001 P0024,A00EL#F04.A01MA$F04.A032H
5595,Muesli m fruit zaden en pitten,Muesli w fruit seeds and kernels,A0692 A0816 B1219 C0133 E0147 F0014 G0003 H0138 H0158 H0239 H0319 H0333 H0364 J0116 K0003 M0155 N0001 P0024,A00EL#F04.A00EL$F04.A015F
5596,Pannenkoek glutenvrij huishoudelijk bereid,Pancake gluten free homemade,A0722 A0852 B1324 C0208 E0140 F0014 G0008 H0184 H0186 H0272 J0003 K0003 M0003 N0003 P0024,A00CL#F04.A02LZ$F04.A032B$F04.A039E$F04.A0CSN$F10.A0 B8L$F22.A07SS
5597,Poffertjes huishoudelijk bereid,Dutch Poffertjes homemade,A0722 A0852 B1312 C0208 E0140 F0014 G0008 H0184 H0186 H0263 J0003 K0003 M0003 N0003 P0024,A00CL#F04.A02LZ$F04.A032B$F04.A036N$F04.A0CSN$F22.A 07SS
5598,Bakmix voor brood wit glutenvrij,Bakery mix for bread white gluten free,A0693 A0813 B1047 C0132 E0106 F0003 G0003 H0138 H0146 H0152 H0367 H0750 J0003 K0003 M0155 N0039 P0024 P0174 R0001 Z0001,A0CSL#F09.A0EXA$F10.A07XK$F10.A0B8L
5599,Bakmix voor brood bruin/meergranen glutenvrij,Bakery mix for bread brown/multigrain gluten free,A0693 A0813 B1047 C0132 E0106 F0003 G0003 H0138 H0146 H0152 H0367 H0750 J0003 K0003 M0155 N0039 P0024 P0174 R0001 Z0001,A0CSL#F09.A0EXA$F10.A0B8L$F10.A0EZZ
5602,Garnalen gemarineerde,Prawns marinated,A0717 A0802 B1237 C0173 E0150 F0003 G0003 H0396 J0001 K0003 M0001 N0001 P0024,A0EZA#F04.A002R$F04.A00GZ$F04.A02GB$F04.A032J$F04.A 036N$F04.A03DL$F04.A042P$F27.A02GB
5604,Ontbijtproduct Special flakes naturel,Breakfast cereal Special flakes plain,A0692 A0816 B1312 C0155 E0153 F0014 G0003 H0138 H0158 H0173 H0274 H0321 H0754 J0116 K0003 M0155 P0024,A04QY#F04.A000P$F04.A003D$F04.A004B$F04.A032J
5605,Ontbijtproduct 7 granen ontbijt,Breakfast cereal 7 cereals breakfast,A0692 A0816 B1324 C0155 E0153 F0014 G0003 H0138 H0274 J0116 K0003 M0155 N0001 P0024,A00EN#F04.A000P$F04.A001B$F04.A002Y$F04.A003F$F04.A 003J$F04.A004B$F04.A0C0Z
5609,Champignon gebakken z vet,Mushroom fried wo fat,A0705 A0825 B1467 C0296 E0151 F0003 G0005 H0003 J0001 K0003 M0001 N0001 P0024,A00TQ#F28.A0BA1
5610,Bonen lupine- gedroogd,Beans lupin dried,A0704 A0831 B1701 C0133 E0150 F0003 G0003 H0138 J0116 K0003 M0001 N0001 P0024 R0001,A013S
